{"racing/avg_progress":0.44752443786020196,"racing/max_progress":0.8918773634770983,"train/critic_loss":0.0019541741,"dr/strength":1,"racing/avg_speed":3.6736164735191386,"racing/collision_rate":0.27,"eval/mean_reward":955.7838,"racing/avg_episode_length":459.15,"train/actor_loss":-1.6324255,"global_step":2000000,"eval/mean_ep_length":310,"racing/avg_lap_time":3.5585000216960907,"rollout/ep_len_mean":459.15,"train/ent_coef_loss":1.9909946,"racing/best_lap_time":0.4300000071525574,"racing/max_speed":3.9541226263067117,"racing/survival_rate":0.73,"train/learning_rate":0.0003,"_runtime":5699,"total_timesteps":2000000,"_timestamp":1.7772564270469222e+09,"_step":10622,"racing/median_progress":0.4255893266881985,"_wandb":{"runtime":5699},"rollout/ep_rew_mean":1406.8416,"time/fps":281,"dr/progress":0.99,"train/ent_coef":0.0017239868}