{"racing/avg_progress":0.29260194692433206,"racing/avg_episode_length":556.01,"racing/median_progress":0.2678682939455518,"dr/strength":1,"rollout/ep_rew_mean":660.1019,"racing/best_lap_time":0.019999999552965164,"train/critic_loss":0.009311175,"racing/collision_rate":1,"dr/progress":0.998,"_step":12651,"racing/avg_speed":1.9844689373116495,"racing/survival_rate":0,"global_step":2000000,"train/learning_rate":0.0003,"racing/max_progress":0.5828879372826071,"eval/mean_reward":747.44464,"total_timesteps":2000000,"racing/avg_lap_time":2.8780000368133187,"train/actor_loss":-11.036593,"_runtime":12449,"eval/mean_ep_length":457.9,"_wandb":{"runtime":12449},"racing/max_speed":2.7803627029553133,"_timestamp":1.7772703210356019e+09,"time/fps":160,"train/ent_coef":0.1,"rollout/ep_len_mean":558.97}