{"train/ent_coef":0.1,"eval/mean_reward":912.1427,"train/actor_loss":-11.8185005,"racing/collision_rate":0.68,"racing/best_lap_time":0.4399999976158142,"total_timesteps":2000000,"dr/progress":0.998,"racing/median_progress":0.48930550619074586,"global_step":2000000,"_step":10061,"_timestamp":1.7773038766381295e+09,"train/critic_loss":0.008207571,"dr/strength":1,"racing/avg_speed":2.0926293110309464,"eval/mean_ep_length":516,"racing/avg_lap_time":3.210999983549118,"racing/max_progress":0.7504257555479188,"racing/avg_episode_length":834.23,"racing/avg_progress":0.4692760392416605,"rollout/ep_rew_mean":1128.4481,"racing/max_speed":2.9461342611717725,"train/learning_rate":0.0003,"time/fps":172,"rollout/ep_len_mean":834.42,"_runtime":11573,"_wandb":{"runtime":11573},"racing/survival_rate":0.31999999999999995}