x_m,y_m,vx_mps
3.690404592020310126e+00,-5.315454527860460132e+00,3.500000000000000000e+00
3.721950548453729191e+00,-5.316699764817144569e+00,3.500000000000000000e+00
3.753730711212564852e+00,-5.317988461627618513e+00,3.500000000000000000e+00
3.784849127440081951e+00,-5.319392140907007516e+00,3.500000000000000000e+00
3.816892901862995569e+00,-5.320772651331081349e+00,3.448241241416914793e+00
3.847454673539322467e+00,-5.322203704910001498e+00,3.376513517455030478e+00
3.879033156256615822e+00,-5.323835786468273490e+00,3.300744377964300647e+00
3.911271908091730420e+00,-5.325580985192024386e+00,3.221542826270651361e+00
3.941551706898871466e+00,-5.327678774844669896e+00,3.153802441539251600e+00
3.973541892096548622e+00,-5.329965460953543399e+00,3.071371177304759392e+00
4.004699661440201730e+00,-5.332390971802554169e+00,2.988860710762674788e+00
4.036146339068974243e+00,-5.334980977660704227e+00,2.903177199144888920e+00
4.067881898207011737e+00,-5.337617188955130487e+00,2.814057575020306956e+00
4.098892970042071759e+00,-5.340336368036700421e+00,2.724121713046190774e+00
4.129978572227438249e+00,-5.343126956921435244e+00,2.630868560009848256e+00
4.161505035674755604e+00,-5.345920830003839441e+00,2.532798668640329431e+00
4.193404375469611089e+00,-5.348633772468840419e+00,2.429575511145142475e+00
4.224757038119022923e+00,-5.352152553328472173e+00,2.493658399952942695e+00
4.255046576477721665e+00,-5.355816878127002134e+00,2.554101806061326307e+00
4.286703735795235559e+00,-5.359573660992046129e+00,2.615765459531392612e+00
4.318545872258088281e+00,-5.363284907707130067e+00,2.676341862353970313e+00
4.349751766136591868e+00,-5.366945900104188816e+00,2.734411244424372445e+00
4.380767988281737857e+00,-5.370603654892591727e+00,2.790934687488880961e+00
4.412676977299038406e+00,-5.374175827645848891e+00,2.847876330945224410e+00
4.442813935800272951e+00,-5.377635176223567015e+00,2.789497320558997462e+00
4.474278442322172644e+00,-5.381095517552594742e+00,2.697188890411367890e+00
4.506609004931164897e+00,-5.384322298260349804e+00,2.599032296690783728e+00
4.537330150947779472e+00,-5.387318466902977221e+00,2.502218694558515644e+00
4.568178757081639674e+00,-5.391099392932236611e+00,2.563570331682715864e+00
4.599709941114841882e+00,-5.394856346831885752e+00,2.624773325651645006e+00
4.631162308883469692e+00,-5.398493216805963613e+00,2.684409503435941868e+00
4.661977383946083187e+00,-5.402031394432607492e+00,2.741574318554132805e+00
4.693533219759674857e+00,-5.405491622155881970e+00,2.798871125079651634e+00
4.725232017510239579e+00,-5.408777258894751583e+00,2.855234808827959991e+00
4.756634607545541904e+00,-5.411859878222199605e+00,2.909965825435926856e+00
4.787602717506092453e+00,-5.414754267695709444e+00,2.962926233189540515e+00
4.818482119348019843e+00,-5.417481821590879321e+00,2.878114658351886401e+00
4.849996420406915476e+00,-5.420040120582430454e+00,2.788845004118209125e+00
4.881554674107517755e+00,-5.423249897022105692e+00,2.845147995989537826e+00
4.912425063379366463e+00,-5.426346075717031425e+00,2.899158463999327306e+00
4.943955155011575897e+00,-5.429393500153301133e+00,2.953284608721985283e+00
4.975744355148803422e+00,-5.432299812652671811e+00,3.006843487460269859e+00
5.007267890367416818e+00,-5.435021667517233368e+00,2.947452797800794499e+00
5.038199302511682909e+00,-5.437575110576248427e+00,2.861973433506397768e+00
5.069832944316108758e+00,-5.440033740840208409e+00,2.771863497613465732e+00
5.101485281258415050e+00,-5.442279765519867141e+00,2.678715447797299198e+00
5.132480072926881576e+00,-5.444308813336430575e+00,2.584286803055817483e+00
5.164074122838052894e+00,-5.447124062039401693e+00,2.644944345429547816e+00
5.195883850539535054e+00,-5.449875207739897753e+00,2.704628505050135079e+00
5.227527445985169940e+00,-5.452530253400778903e+00,2.762709395687627634e+00
5.258843083081880643e+00,-5.455095021901144037e+00,2.819001259422844630e+00
5.289807577800439198e+00,-5.457592636910820971e+00,2.873572464801117388e+00
5.321141018675285217e+00,-5.460090595884774523e+00,2.927754643295656489e+00
5.353837244895058411e+00,-5.462560465067946680e+00,2.963712732941083061e+00
5.384958543109467755e+00,-5.464745438252840870e+00,2.878267999107054997e+00
5.415692429177839884e+00,-5.466892354901893292e+00,2.791323373277093012e+00
5.448437304288471950e+00,-5.469083076520509401e+00,2.695625522852024503e+00
5.480057253873294343e+00,-5.471905239907734142e+00,2.753879696806246447e+00
5.511114428837158741e+00,-5.474766703184832828e+00,2.809936041585780586e+00
5.543084157640537413e+00,-5.477758028515744115e+00,2.866502093016754849e+00
5.574606639978552103e+00,-5.480725296500403410e+00,2.921207381198874131e+00
5.605913569144031605e+00,-5.483742664076769024e+00,2.974554179478258398e+00
5.637821758137313566e+00,-5.486856185509096484e+00,3.027964647430437584e+00
5.669414705241746510e+00,-5.489957073498826112e+00,3.079937906861498487e+00
5.700724780946826442e+00,-5.493092140475477336e+00,3.130604401469296416e+00
5.732473480401178989e+00,-5.496318809573448760e+00,3.181164308466960300e+00
5.764453907388794818e+00,-5.499580123712539681e+00,3.231295289034562757e+00
5.796420874836225146e+00,-5.502839191071717373e+00,3.280639564501684369e+00
5.827843748527778089e+00,-5.506070551215850983e+00,3.328435337895467416e+00
5.859304859531984988e+00,-5.509370760370775777e+00,3.375621291037678162e+00
5.891404486175665589e+00,-5.512755939958871920e+00,3.423097341857083808e+00
5.923209267158196845e+00,-5.516106433081439775e+00,3.469496094616375537e+00
5.954610274158645744e+00,-5.519456382093230751e+00,3.500000000000000000e+00
5.986096418592898871e+00,-5.522869494838029247e+00,3.500000000000000000e+00
6.017837372853152900e+00,-5.526348462740573453e+00,3.500000000000000000e+00
6.049930100139588873e+00,-5.529870567098133627e+00,3.500000000000000000e+00
6.081798707228466938e+00,-5.533362555697826757e+00,3.500000000000000000e+00
6.113394116675712198e+00,-5.536853292449534614e+00,3.500000000000000000e+00
6.145444709269580308e+00,-5.540412591400411202e+00,3.500000000000000000e+00
6.177669951597174247e+00,-5.543965980321325482e+00,3.500000000000000000e+00
6.209243808046617019e+00,-5.547453675899574499e+00,3.500000000000000000e+00
6.240694377692568295e+00,-5.550982385213469428e+00,3.500000000000000000e+00
6.272649651415669325e+00,-5.554593712402557948e+00,3.500000000000000000e+00
6.304696036889445132e+00,-5.558206343212039435e+00,3.500000000000000000e+00
6.336560677309331702e+00,-5.561799842632937363e+00,3.500000000000000000e+00
6.368422781273316069e+00,-5.565405269247484910e+00,3.500000000000000000e+00
6.400367440039275380e+00,-5.569025978236124885e+00,3.500000000000000000e+00
6.432255199469708806e+00,-5.572643492037873791e+00,3.500000000000000000e+00
6.464020461548551033e+00,-5.576260728867460159e+00,3.500000000000000000e+00
6.495852606810617935e+00,-5.579904236028290221e+00,3.500000000000000000e+00
6.527877959159901877e+00,-5.583573028185029763e+00,3.500000000000000000e+00
6.560048379936136875e+00,-5.587243718379561130e+00,3.500000000000000000e+00
6.592276024695997272e+00,-5.590897313337538144e+00,3.500000000000000000e+00
6.624450862055070388e+00,-5.594518686069576141e+00,3.500000000000000000e+00
6.656279621434697091e+00,-5.598097099933019294e+00,3.500000000000000000e+00
6.687954531672569480e+00,-5.601684758918727525e+00,3.500000000000000000e+00
6.720047689859706352e+00,-5.605329065228673358e+00,3.500000000000000000e+00
6.752391048608269664e+00,-5.608971648068215465e+00,3.500000000000000000e+00
6.784550473398152981e+00,-5.612564747866551684e+00,3.500000000000000000e+00
6.816490821264684641e+00,-5.616125204262245596e+00,3.500000000000000000e+00
6.848189497393065039e+00,-5.619673798859684766e+00,3.500000000000000000e+00
6.880246525407047287e+00,-5.623279758250925298e+00,3.500000000000000000e+00
6.913003263365646411e+00,-5.626916923884273558e+00,3.500000000000000000e+00
6.945332979628653369e+00,-5.630439969674636558e+00,3.500000000000000000e+00
6.977083064260201972e+00,-5.633900845731450779e+00,3.500000000000000000e+00
7.009306860472773515e+00,-5.637417342844459611e+00,3.500000000000000000e+00
7.041785316967330566e+00,-5.640916753017017449e+00,3.500000000000000000e+00
7.073890627086393934e+00,-5.644345138626103875e+00,3.500000000000000000e+00
7.105764447393451810e+00,-5.647750514350030393e+00,3.500000000000000000e+00
7.137647657967288062e+00,-5.651172698028648078e+00,3.500000000000000000e+00
7.170509368925484850e+00,-5.654666130967849647e+00,3.500000000000000000e+00
7.203526040193755087e+00,-5.658057929551648435e+00,3.500000000000000000e+00
7.234991019044790583e+00,-5.661268282033388388e+00,3.500000000000000000e+00
7.266959956711708912e+00,-5.664580730963592714e+00,3.500000000000000000e+00
7.299913432068058761e+00,-5.667934242960111391e+00,3.500000000000000000e+00
7.332038952596895420e+00,-5.671144072404776360e+00,3.500000000000000000e+00
7.364206732547110335e+00,-5.674360889253411422e+00,3.500000000000000000e+00
7.397147137416794749e+00,-5.677592681172526135e+00,3.500000000000000000e+00
7.429425935703405592e+00,-5.680692001889652509e+00,3.500000000000000000e+00
7.461532361048567985e+00,-5.683772887092453985e+00,3.500000000000000000e+00
7.494446798706047019e+00,-5.686878009266717271e+00,3.500000000000000000e+00
7.526986909510498869e+00,-5.689868804321600138e+00,3.500000000000000000e+00
7.559154148087283254e+00,-5.692800741343204685e+00,3.500000000000000000e+00
7.591501415651724649e+00,-5.695727040632085902e+00,3.500000000000000000e+00
7.623833042369438928e+00,-5.698620391666023188e+00,3.500000000000000000e+00
7.656223905294247345e+00,-5.701490269567648816e+00,3.500000000000000000e+00
7.688930931588082274e+00,-5.704338022603358205e+00,3.500000000000000000e+00
7.722051576684653362e+00,-5.707134640247126356e+00,3.500000000000000000e+00
7.754867206263516444e+00,-5.709798665386418115e+00,3.500000000000000000e+00
7.786447931823414770e+00,-5.712357237882069505e+00,3.500000000000000000e+00
7.818935579218918797e+00,-5.715007343061043521e+00,3.500000000000000000e+00
7.852136937855910048e+00,-5.717623613556975570e+00,3.500000000000000000e+00
7.885169949222488484e+00,-5.720118721106115522e+00,3.500000000000000000e+00
7.917681532890372686e+00,-5.722503737188400663e+00,3.500000000000000000e+00
7.950111987293094096e+00,-5.724851247344595606e+00,3.500000000000000000e+00
7.982654903646645650e+00,-5.727162434074323905e+00,3.500000000000000000e+00
8.014828906261314501e+00,-5.729422148983698726e+00,3.500000000000000000e+00
8.048200431956978207e+00,-5.731712701624927853e+00,3.500000000000000000e+00
8.081848011223945250e+00,-5.733842158641500930e+00,3.500000000000000000e+00
8.113352127548896675e+00,-5.735803350480880525e+00,3.500000000000000000e+00
8.146310028270981718e+00,-5.737866279004893322e+00,3.500000000000000000e+00
8.179455836185642426e+00,-5.739815062177832772e+00,3.500000000000000000e+00
8.211745259024651133e+00,-5.741671149927860540e+00,3.500000000000000000e+00
8.245134258447606612e+00,-5.743518124976328743e+00,3.486310422862315406e+00
8.277885536134000688e+00,-5.745217845550364189e+00,3.410225022121127214e+00
8.310439799316794662e+00,-5.746875881523768825e+00,3.332880339683438997e+00
8.343875986241227949e+00,-5.748478337583143194e+00,3.251537840518012867e+00
8.376389170455157185e+00,-5.749947147016412075e+00,3.170450569590169021e+00
8.409330493746550061e+00,-5.751393361463031262e+00,3.086128309683051185e+00
8.442672555857138050e+00,-5.752739218879787231e+00,2.998379649248429590e+00
8.475265475977638019e+00,-5.753976067036442821e+00,2.910054714816359578e+00
8.507785384993951538e+00,-5.755173508535248672e+00,2.819174929453860834e+00
8.540766760981018280e+00,-5.756332306204335225e+00,2.723916234672833614e+00
8.574193138683948945e+00,-5.757394463813712449e+00,2.623857402597812527e+00
8.607560799854185873e+00,-5.758324932257752771e+00,2.520027293379491162e+00
8.640357270759851716e+00,-5.758384804940823720e+00,2.584279941288590177e+00
8.672943033729305640e+00,-5.758551798830660928e+00,2.646576037755710598e+00
8.705818686378876237e+00,-5.758827350962414826e+00,2.707975774969153981e+00
8.739267947478285947e+00,-5.759155880333295841e+00,2.769050657183234954e+00
8.772736319953235551e+00,-5.759488441139631654e+00,2.828841068168423512e+00
8.805694386831774523e+00,-5.759836177239793464e+00,2.780737600125676057e+00
8.838319645375316114e+00,-5.759488545130071024e+00,2.838797757201946936e+00
8.871113456630919103e+00,-5.759371463337219943e+00,2.895982201066671369e+00
8.904523899478386184e+00,-5.759428396379325577e+00,2.953103083614393221e+00
8.938126499093121069e+00,-5.759597006727634749e+00,3.009459760292388264e+00
8.971097677394299197e+00,-5.759881946777906769e+00,3.063751318889267772e+00
9.003891683882221386e+00,-5.760340858671365361e+00,3.116816375221392210e+00
9.037544674423521940e+00,-5.760888494839231377e+00,3.170349945639151734e+00
9.070219696833504486e+00,-5.761542160411440960e+00,3.221480153353034392e+00
9.103442090552807286e+00,-5.762315175658619282e+00,3.272651560381696800e+00
9.137163542586444365e+00,-5.763115462373046505e+00,3.323786651659904834e+00
9.170539099779050574e+00,-5.763938841562288751e+00,3.373635253931605238e+00
9.203220441282585540e+00,-5.764854066386369880e+00,3.421747560616480222e+00
9.236959599812536226e+00,-5.765783365469030919e+00,3.470716915998186547e+00
9.269946061747111443e+00,-5.766722994897192756e+00,3.500000000000000000e+00
9.303042007911647815e+00,-5.767713308020173457e+00,3.500000000000000000e+00
9.336802533368649293e+00,-5.768638472854471289e+00,3.500000000000000000e+00
9.369562526743676401e+00,-5.769593209318816029e+00,3.500000000000000000e+00
9.403136239872821989e+00,-5.770503896353914364e+00,3.500000000000000000e+00
9.437080760117305900e+00,-5.771302311921972183e+00,3.500000000000000000e+00
9.470407862343316552e+00,-5.772031613894178292e+00,3.500000000000000000e+00
9.503350181955216414e+00,-5.772746619448392735e+00,3.500000000000000000e+00
9.537253141328525530e+00,-5.773314381110933091e+00,3.500000000000000000e+00
9.571208818811651753e+00,-5.773719810961079446e+00,3.500000000000000000e+00
9.604149202029340415e+00,-5.774065176464763915e+00,3.500000000000000000e+00
9.637689871520267459e+00,-5.774282772757405091e+00,3.500000000000000000e+00
9.671467381073121317e+00,-5.774296770939997714e+00,3.500000000000000000e+00
9.704339476172556544e+00,-5.774251581357491503e+00,3.500000000000000000e+00
9.738350750843240533e+00,-5.773951928151999979e+00,3.500000000000000000e+00
9.772169643714450515e+00,-5.773436612074481111e+00,3.500000000000000000e+00
9.806224307079139280e+00,-5.772667492556537994e+00,3.500000000000000000e+00
9.839875722214786791e+00,-5.771677539705003745e+00,3.500000000000000000e+00
9.872683191977397854e+00,-5.770569116439403068e+00,3.500000000000000000e+00
9.905765966728477423e+00,-5.769263429558399103e+00,3.500000000000000000e+00
9.940874117977880786e+00,-5.767440175638563815e+00,3.500000000000000000e+00
9.974229689843548741e+00,-5.765441965621854514e+00,3.500000000000000000e+00
1.000676941620201177e+01,-5.763312661207532273e+00,3.500000000000000000e+00
1.004084204448723661e+01,-5.760756548546212663e+00,3.500000000000000000e+00
1.007555443312695509e+01,-5.757692995267325031e+00,3.500000000000000000e+00
1.010822300285532727e+01,-5.754537835925632727e+00,3.500000000000000000e+00
1.014099446481939282e+01,-5.751109682889561370e+00,3.500000000000000000e+00
1.017594599507009256e+01,-5.747011329537516033e+00,3.500000000000000000e+00
1.020940785041744370e+01,-5.742634111710419376e+00,3.500000000000000000e+00
1.024167553606964809e+01,-5.738093434191765319e+00,3.439154696588544002e+00
1.027546032150186406e+01,-5.732997578798988414e+00,3.358736974222853000e+00
1.031008499518330090e+01,-5.727230129837107775e+00,3.410591058537450149e+00
1.034242652672294938e+01,-5.722323134411368528e+00,3.355921747458150417e+00
1.037659967517646287e+01,-5.716864168061615459e+00,3.272385679551341298e+00
1.040911749379693418e+01,-5.711371191748647824e+00,3.190744751788004763e+00
1.044265922881233521e+01,-5.705470051929112607e+00,3.104181358367156474e+00
1.047654767171782098e+01,-5.699153825745503887e+00,3.014032071389673550e+00
1.050952412751849963e+01,-5.692659999905095525e+00,2.923462512448377293e+00
1.054251505053711746e+01,-5.686833587039227034e+00,2.980209338527464613e+00
1.057652758884380795e+01,-5.680647208796404612e+00,3.037655899219569466e+00
1.061008501750349176e+01,-5.674335150432268549e+00,3.093349713775159326e+00
1.064251550297434079e+01,-5.668130886164695070e+00,3.146267416189696853e+00
1.067787406245525439e+01,-5.661140670762417670e+00,3.203034136854598923e+00
1.070939994505023662e+01,-5.654703830117044916e+00,3.252874216403945695e+00
1.074352606050400638e+01,-5.647688825446477878e+00,3.305992632703500078e+00
1.077695868376320654e+01,-5.640528233531833635e+00,3.357304843106735159e+00
1.080966567611593199e+01,-5.633433155031234207e+00,3.406783364242612855e+00
1.084398404736054644e+01,-5.625760697041919833e+00,3.458009337335035127e+00
1.087728160422029866e+01,-5.618079755663816677e+00,3.500000000000000000e+00
1.090962049588985749e+01,-5.610506670417059638e+00,3.500000000000000000e+00
1.094345611420415310e+01,-5.602410148874770179e+00,3.500000000000000000e+00
1.097718790216999274e+01,-5.594083575176876266e+00,3.500000000000000000e+00
1.100927984235854140e+01,-5.586012228741807917e+00,3.500000000000000000e+00
1.104310395417196133e+01,-5.577351308349917325e+00,3.467618317146836215e+00
1.107669341164644550e+01,-5.568481224781907102e+00,3.386520694713169188e+00
1.110907339863458354e+01,-5.559754550032994125e+00,3.306351028472145348e+00
1.114351785885045665e+01,-5.550270395842437310e+00,3.218747580297332433e+00
1.117557562934025306e+01,-5.541156675153863453e+00,3.134818462492622970e+00
1.120864386794670153e+01,-5.531709410315183817e+00,3.045788326097361942e+00
1.124280565395820375e+01,-5.521566842099483452e+00,2.950704353317977535e+00
1.127463788728158534e+01,-5.511982690352629000e+00,2.859153047608086862e+00
1.130843849201300877e+01,-5.501570951757636330e+00,2.758418109460141210e+00
1.134148661734516139e+01,-5.491120035488964213e+00,2.655991515639394507e+00
1.137399013499097755e+01,-5.480641988174155266e+00,2.551054731046986657e+00
1.140704972141132600e+01,-5.469772493476991571e+00,2.439481614359847228e+00
1.144037652018634255e+01,-5.457714390733443111e+00,2.511071842702236712e+00
1.147281028197483899e+01,-5.445865466001244215e+00,2.578911673998043330e+00
1.150507788752372385e+01,-5.434006128741193820e+00,2.644723945524319664e+00
1.153644932647993748e+01,-5.422493925179127316e+00,2.707163657010333235e+00
1.157127015421944094e+01,-5.409544524938543653e+00,2.774931062635766832e+00
1.160270490013311395e+01,-5.397680988925097623e+00,2.834824774131779801e+00
1.163577563135722848e+01,-5.385128637635145488e+00,2.896542675797662891e+00
1.166918655571157615e+01,-5.372202753853302148e+00,2.957735752116176009e+00
1.170028472450101553e+01,-5.360100598995473753e+00,2.897347777677692804e+00
1.173384292926583861e+01,-5.346874874187055759e+00,2.795978886520705586e+00
1.176660245197526855e+01,-5.333713754106549132e+00,2.693070248580880843e+00
1.179823844325867555e+01,-5.320895580030931882e+00,2.589687365481256442e+00
1.183115721992308700e+01,-5.307363591151624149e+00,2.477300015735468097e+00
1.186407903715450551e+01,-5.292693314155034301e+00,2.549007756803510549e+00
1.189526106097741476e+01,-5.278789025593617623e+00,2.615120723356176846e+00
1.192800142591386958e+01,-5.264135991909780543e+00,2.682825832058141735e+00
1.196083470147449113e+01,-5.249248687291408366e+00,2.749192943531030942e+00
1.199211022386484338e+01,-5.235053838064170684e+00,2.810964686903588472e+00
1.202487643301054554e+01,-5.220012902734808335e+00,2.874379477175978082e+00
1.205712820799758589e+01,-5.205039589811399914e+00,2.862225339800634760e+00
1.208907377260596228e+01,-5.190081765236948641e+00,2.761874322583684815e+00
1.212203724003482463e+01,-5.174380532619180073e+00,2.654008169354776125e+00
1.215413658841798217e+01,-5.158839984618855290e+00,2.544237656901146671e+00
1.218573296710949450e+01,-5.143433687763003803e+00,2.431194817830771626e+00
1.221855895691549421e+01,-5.126167118899820352e+00,2.506313996170509650e+00
1.224963562300396092e+01,-5.109744554713169684e+00,2.575480717631994043e+00
1.228127297983014365e+01,-5.092968354845275769e+00,2.644088107888777461e+00
1.231416739809741223e+01,-5.075197930263988688e+00,2.713867658787302073e+00
1.234477698084031694e+01,-5.058644301206762783e+00,2.777240986214026375e+00
1.237764507869473363e+01,-5.040473004850880123e+00,2.794750582123361582e+00
1.240932981356282205e+01,-5.022730316822006102e+00,2.688792047237050564e+00
1.244043449958196845e+01,-5.005104471755262630e+00,2.580228321524753010e+00
1.247191356786632177e+01,-4.986115989456054720e+00,2.650510315252400773e+00
1.250389518675185485e+01,-4.966418522200601871e+00,2.720443528786432807e+00
1.253400901691418490e+01,-4.947947468261400417e+00,2.784616064510893718e+00
1.256675622089292332e+01,-4.927310663300978000e+00,2.853271786371542884e+00
1.259630098542771570e+01,-4.908715957900582794e+00,2.913803776957057945e+00
1.262888792093413137e+01,-4.887534327164650527e+00,2.979750484703223012e+00
1.265881998914288609e+01,-4.868048338860582192e+00,3.039090805140917340e+00
1.269087584416155856e+01,-4.846344452926843793e+00,3.102127526412000069e+00
1.272061665904917049e+01,-4.826211867225961960e+00,3.159483851611926131e+00
1.275153731952333125e+01,-4.804540288683169180e+00,3.218684286623107127e+00
1.278305219207577004e+01,-4.781776879073482256e+00,3.228696143733414292e+00
1.281220620888371897e+01,-4.760432058991643345e+00,3.137890801377988481e+00
1.284330224231488593e+01,-4.736740050454798734e+00,3.199576566556351587e+00
1.287249778471254480e+01,-4.714008924644791598e+00,3.164970453897089531e+00
1.290172794898415276e+01,-4.690647978205567448e+00,3.068932004138073655e+00
1.293288433415824201e+01,-4.665548903489190380e+00,2.962803888698787524e+00
1.296117195130699606e+01,-4.642122950652083802e+00,2.861914540799964879e+00
1.299000165454644140e+01,-4.617176133813728711e+00,2.753281509464750254e+00
1.301886751003539722e+01,-4.590884073376034102e+00,2.823297507899050984e+00
1.304745481511839245e+01,-4.565087202244658471e+00,2.890686577219767184e+00
1.307556258877290212e+01,-4.538561341146167827e+00,2.956780162959592229e+00
1.310295257774736655e+01,-4.511904890782719946e+00,2.973347262883644149e+00
1.312984652052691281e+01,-4.484719694182803806e+00,2.868614552981819887e+00
1.315716275427390336e+01,-4.455765699948194936e+00,2.823815288735201712e+00
1.318209326714659291e+01,-4.428608857171151492e+00,2.717368869976574342e+00
1.320908390753426076e+01,-4.397603371419705809e+00,2.791983090936268397e+00
1.323355183405940849e+01,-4.368317966648186612e+00,2.859508078483205207e+00
1.325756885736864810e+01,-4.338396720757850211e+00,2.925827368718327381e+00
1.328070767216132708e+01,-4.308392798196651441e+00,2.964912270582772180e+00
1.330351976684170801e+01,-4.277445892168754149e+00,3.006156240594851425e+00
1.332627533886689442e+01,-4.245139389138957497e+00,3.011007729006283995e+00
1.334583173695044600e+01,-4.216126598402774484e+00,3.068558698637136484e+00
1.336964638117665416e+01,-4.180875612094430593e+00,3.137111142850577128e+00
1.338800310086565837e+01,-4.152863027720633760e+00,3.190043941318196907e+00
1.340956204024117326e+01,-4.118653539589940848e+00,3.252805127033255417e+00
1.342862298185239744e+01,-4.087241239292104922e+00,3.247233371128185553e+00
1.344769350920145889e+01,-4.054521734863459237e+00,3.305032470154553703e+00
1.346589416800773265e+01,-4.022128268586270039e+00,3.303618998408513363e+00
1.348337142773303832e+01,-3.989749939053066186e+00,3.235396068021564542e+00
1.350013811343480796e+01,-3.957517382641215775e+00,3.144275077084389469e+00
1.351663381088552995e+01,-3.924602532699913660e+00,3.049162657955256872e+00
1.353346200630289786e+01,-3.889580448846813532e+00,2.945455495766403420e+00
1.354792788474870768e+01,-3.857758117014284949e+00,3.004208406549754962e+00
1.356333174391952667e+01,-3.825075852073797300e+00,3.063751399247903517e+00
1.357883901398413506e+01,-3.791119562199849469e+00,3.124078974910466044e+00
1.359293006444242558e+01,-3.759280610558939806e+00,3.179315501897341356e+00
1.360790689599554071e+01,-3.724501569735095607e+00,3.238319639314051646e+00
1.362090774110005498e+01,-3.693233429211519869e+00,3.290189420335209558e+00
1.363541068540754075e+01,-3.657571647792175806e+00,3.348182594647484578e+00
1.364738333747118837e+01,-3.626737247452796797e+00,3.397219335490009318e+00
1.366020561082369689e+01,-3.593381007307710817e+00,3.449414080695561768e+00
1.367398496269015062e+01,-3.559012868484304093e+00,3.500000000000000000e+00
1.368634263870232459e+01,-3.527578593148319008e+00,3.500000000000000000e+00
1.369885318562535481e+01,-3.495734335179968788e+00,3.500000000000000000e+00
1.371248437032897804e+01,-3.460536392046349441e+00,3.500000000000000000e+00
1.372389630611210798e+01,-3.430559366654030384e+00,3.431657039426325717e+00
1.373667231784379084e+01,-3.397167242860630321e+00,3.347271388912510304e+00
1.374923315330122797e+01,-3.363805441680967956e+00,3.260959483010291926e+00
1.376135377583722708e+01,-3.331286659754313817e+00,3.174679470581631691e+00
1.377287410337886975e+01,-3.300329569110039607e+00,3.090322107218102854e+00
1.378476024813855005e+01,-3.268574465979851684e+00,3.001263548512208779e+00
1.379723447142565185e+01,-3.234987792388944516e+00,2.904191666748389800e+00
1.380933399529237704e+01,-3.202058729317159624e+00,2.805890758724077116e+00
1.382061497101099512e+01,-3.171547936017208968e+00,2.711558742579190273e+00
1.383215521243242563e+01,-3.140680113967225573e+00,2.612523432121937272e+00
1.384451209187085219e+01,-3.107537043928028542e+00,2.501865672895886128e+00
1.385549446030995568e+01,-3.075387366812761147e+00,2.568865336965871382e+00
1.386619876298456866e+01,-3.043812856763226549e+00,2.632957566549974704e+00
1.387704187302259484e+01,-3.011422681086355801e+00,2.697041887365537072e+00
1.388746140130517936e+01,-2.979985611698660719e+00,2.757756894895895261e+00
1.389795562879703184e+01,-2.948068877367723495e+00,2.818013535129548774e+00
1.390826909137407696e+01,-2.916387272619094695e+00,2.876522319435365738e+00
1.391846879278196703e+01,-2.884835173170837930e+00,2.933594746102037742e+00
1.392874683951768766e+01,-2.852747181866040815e+00,2.990471019209469894e+00
1.393901074523751760e+01,-2.820291719295746624e+00,3.046853204651349234e+00
1.394867106242948473e+01,-2.789469752581563711e+00,3.099406132862503771e+00
1.395825773937196246e+01,-2.758999212230563991e+00,3.150515646522129565e+00
1.396852672999846234e+01,-2.726051176620296612e+00,3.204818430314233080e+00
1.397810211281689874e+01,-2.694948978230205405e+00,3.255194203852448620e+00
1.398763607034016410e+01,-2.664014554650050659e+00,3.304541130991653919e+00
1.399759505475511290e+01,-2.631390771912834214e+00,3.355755079770784910e+00
1.400705438549818993e+01,-2.600071952606371806e+00,3.404152434085146783e+00
1.401627199057887729e+01,-2.569561658493042522e+00,3.450648722135020829e+00
1.402556177282206740e+01,-2.538866974424976330e+00,3.496809016205538079e+00
1.403509357443499184e+01,-2.507297816843214733e+00,3.500000000000000000e+00
1.404467781751088395e+01,-2.475268849961836715e+00,3.500000000000000000e+00
1.405401153691596505e+01,-2.443850701344645771e+00,3.500000000000000000e+00
1.406331769828386413e+01,-2.412390802727089056e+00,3.500000000000000000e+00
1.407262409578951967e+01,-2.380742381381005579e+00,3.500000000000000000e+00
1.408185290455966943e+01,-2.349168360284550339e+00,3.500000000000000000e+00
1.409108012334338511e+01,-2.317400422258849790e+00,3.500000000000000000e+00
1.410028666662514141e+01,-2.285448162123008498e+00,3.500000000000000000e+00
1.410950546324006361e+01,-2.253146543174241234e+00,3.500000000000000000e+00
1.411879753968945117e+01,-2.220095658156079121e+00,3.500000000000000000e+00
1.412775896332991898e+01,-2.187732071336167650e+00,3.500000000000000000e+00
1.413668346532226927e+01,-2.155126378400203713e+00,3.500000000000000000e+00
1.414557389825800016e+01,-2.122129769254860410e+00,3.500000000000000000e+00
1.415443659624952311e+01,-2.088626474091799690e+00,3.500000000000000000e+00
1.416314261671693053e+01,-2.054901428267271957e+00,3.427551556366081886e+00
1.417134151502392747e+01,-2.022677474921634300e+00,3.349044553507724675e+00
1.417990471965872601e+01,-1.988381234339351877e+00,3.263512437837380986e+00
1.418822840178363087e+01,-1.954019084830194597e+00,3.175660361109945651e+00
1.419624522391344357e+01,-1.919974870941285161e+00,3.086294296093239353e+00
1.420463044185738433e+01,-1.886949964378649369e+00,2.996672743783391990e+00
1.421381391813389250e+01,-1.852274389269229493e+00,2.899329377791077800e+00
1.422334449538794310e+01,-1.816542921827423385e+00,2.795428443484647030e+00
1.423257947207645735e+01,-1.782137389631729407e+00,2.691550863222037737e+00
1.424171395316647803e+01,-1.747884467754010629e+00,2.584036821933728412e+00
1.425059286560350813e+01,-1.713968033695632442e+00,2.473114704271698994e+00
1.425966004978192636e+01,-1.676750581704749665e+00,2.345932592698596331e+00
1.426697050678111189e+01,-1.641639644676776921e+00,2.354028959298455792e+00
1.427417857179909610e+01,-1.603850237504656828e+00,2.219441593713987082e+00
1.427961678078654906e+01,-1.568001243344452567e+00,2.287116614046405427e+00
1.428393048910549723e+01,-1.530753631559515604e+00,2.317238443717731577e+00
1.428772193792830691e+01,-1.492163029568316812e+00,2.179259395380977349e+00
1.428988372279726882e+01,-1.454822798799525696e+00,2.232416489703735074e+00
1.429064305729736617e+01,-1.417411331193985324e+00,2.245539220624729992e+00
1.429099692989185932e+01,-1.377049253460799871e+00,2.096813851447224319e+00
1.428959413867106321e+01,-1.338333298825194806e+00,2.187245282673229152e+00
1.428670252878165314e+01,-1.297889325771753199e+00,2.167277794438700944e+00
1.428224467336394099e+01,-1.258901619087780199e+00,2.255994323113741373e+00
1.427716091426746914e+01,-1.219681802610839361e+00,2.244231191369217004e+00
1.427044008730143254e+01,-1.178082734344558347e+00,2.088625831874990180e+00
1.426213512244720683e+01,-1.138623197098001194e+00,2.183025006988494443e+00
1.425235817426765195e+01,-1.098903203913609294e+00,2.265225903203071933e+00
1.424089450085307362e+01,-1.057107913563821278e+00,2.106614737197932463e+00
1.422809169894765269e+01,-1.017866666451448632e+00,2.202406689261152462e+00
1.421352533591190159e+01,-9.759380471692770120e-01,2.103528180069827336e+00
1.419773178920299728e+01,-9.367726452758120548e-01,2.201619823686795652e+00
1.418048929649469336e+01,-8.969373243951505037e-01,2.298085843891068958e+00
1.416281391673965118e+01,-8.589609459433722449e-01,2.220208310270953778e+00
1.414307698011516479e+01,-8.180054827396791017e-01,2.049857259137905174e+00
1.412235531811408862e+01,-7.802329918640923401e-01,2.037340800034481703e+00
1.409954429477847526e+01,-7.406700150657010706e-01,1.849342731321419464e+00
1.407663843818933103e+01,-7.062108263910472639e-01,1.958020818313881195e+00
1.405081145307948809e+01,-6.672963736539122559e-01,1.824103237719518544e+00
1.402535128384421803e+01,-6.339814460273033303e-01,1.935626566144925897e+00
1.399730288364616015e+01,-5.978134694571505259e-01,2.050449684658940619e+00
1.396917158700971662e+01,-5.652202924637654835e-01,2.152879080767532205e+00
1.394040392090939484e+01,-5.342647606863561993e-01,2.248883810501951075e+00
1.390965646746919226e+01,-5.021591164020334785e-01,2.162536162380860105e+00
1.387958588974575136e+01,-4.735191472056530793e-01,2.256508839342927786e+00
1.384891757748416730e+01,-4.458747676381561442e-01,2.346213797703226689e+00
1.381798311244247834e+01,-4.193714298265001639e-01,2.431475395510889204e+00
1.378719092188599404e+01,-3.942837824459610729e-01,2.511823305082769409e+00
1.375630539675500863e+01,-3.700122647888383631e-01,2.588835555348859341e+00
1.372510679003039158e+01,-3.461421504734715215e-01,2.663624815225197118e+00
1.369449254901901014e+01,-3.234173056043842531e-01,2.734257636308950357e+00
1.366415149176994071e+01,-3.013998866692003120e-01,2.801971508521353904e+00
1.363476956991227418e+01,-2.803522664403823583e-01,2.865741092720069272e+00
1.360419823720493326e+01,-2.582685029570582769e-01,2.930802928460928936e+00
1.357491853066003706e+01,-2.370653153956118753e-01,2.991841115002705553e+00
1.354618939966084845e+01,-2.160617679550365655e-01,3.050736654085716815e+00
1.351729121944972434e+01,-1.944318505772426597e-01,3.024856199583981553e+00
1.348882304741145433e+01,-1.737921894315279103e-01,2.930383587435812398e+00
1.345945857204890928e+01,-1.531068866074634660e-01,2.830626876138963244e+00
1.343077758848798986e+01,-1.336218619849533495e-01,2.730873380469824419e+00
1.340105170578778981e+01,-1.142973841694042147e-01,2.624954847033790450e+00
1.337151937641817234e+01,-9.596262009516050295e-02,2.516786267373900099e+00
1.334114645189248982e+01,-7.812697481395475263e-02,2.402218360580939738e+00
1.331035218572063883e+01,-6.128382209950208881e-02,2.410946504340025331e+00
1.327998495563629433e+01,-4.474718912525341152e-02,2.293341922436417768e+00
1.324927209842100773e+01,-2.930514176153098393e-02,2.367103949446116573e+00
1.321771594985597531e+01,-1.361296781747364792e-02,2.440411082888684025e+00
1.318657880501432977e+01,1.526451221787725188e-03,2.401546813795832680e+00
1.315554435994388705e+01,1.548995603940657440e-02,2.471383857161239650e+00
1.312345405472043502e+01,2.959569332982797674e-02,2.375052599303323575e+00
1.309175258371978146e+01,4.320958013811136700e-02,2.255849805449290368e+00
1.306008954547142764e+01,5.556260104138564110e-02,2.329964077693124302e+00
1.302737236140004029e+01,6.789260648199454962e-02,2.359026593904411495e+00
1.299529528342280571e+01,7.962933376296782439e-02,2.240200222172824329e+00
1.296293496742579698e+01,9.108729432249294822e-02,2.114056356245254786e+00
1.292956222422303547e+01,1.014671962204966582e-01,2.195160904126866264e+00
1.289726024766753731e+01,1.110548106721785389e-01,2.270612135129491005e+00
1.286356817119356677e+01,1.205668708866767108e-01,2.346437771287857466e+00
1.283089770404826346e+01,1.292821768232672308e-01,2.417415928774591549e+00
1.279719670842914603e+01,1.377868671764892472e-01,2.488267512250687652e+00
1.276388432510114157e+01,1.456955819344759040e-01,2.429573535013116015e+00
1.273049377876995614e+01,1.532262716254236545e-01,2.314121854101153453e+00
1.269638764437950407e+01,1.603619677619256001e-01,2.190352999119021149e+00
1.266299607558352314e+01,1.669276610230151503e-01,2.062316936395049094e+00
1.262842261044344028e+01,1.722795984031355032e-01,2.145461173565758717e+00
1.259464552625071754e+01,1.768827950047703323e-01,2.223487511747802348e+00
1.255999407301690241e+01,1.809757471348600322e-01,2.300612989189980251e+00
1.252576248600187903e+01,1.843535399241747197e-01,2.374194278754149234e+00
1.249110959665709863e+01,1.870578308426295300e-01,2.446299444322197481e+00
1.245614200207222666e+01,1.891183582710084521e-01,2.516875740311849352e+00
1.242185946413508013e+01,1.904276238128374266e-01,2.584132114975546290e+00
1.238677699183847913e+01,1.911316468457984752e-01,2.651157133021063039e+00
1.235217502815428148e+01,1.910654569521711421e-01,2.715631494492792619e+00
1.231690770628849840e+01,1.902022067236896485e-01,2.779826121732375199e+00
1.228233818717429493e+01,1.886668525964204091e-01,2.694030268904608061e+00
1.224697094123513530e+01,1.862398476676878911e-01,2.701649792721759979e+00
1.221151820526518428e+01,1.829696727728127859e-01,2.594081687228761091e+00
1.217683396227613635e+01,1.788513569558822791e-01,2.618218404812918454e+00
1.214109388237457843e+01,1.737347240892326561e-01,2.505473206180148349e+00
1.210629897809643651e+01,1.677391114423520124e-01,2.490671043000607376e+00
1.207151141875253053e+01,1.608391676134794390e-01,2.374025767638504814e+00
1.203563139797527981e+01,1.525184947699810278e-01,2.437108892235972935e+00
1.200169336030718981e+01,1.436787214449180283e-01,2.319132073056466847e+00
1.196628598744133498e+01,1.331791480801144401e-01,2.311700846894475081e+00
1.193143826240146232e+01,1.215247266383921720e-01,2.286428507840179147e+00
1.189711857847073517e+01,1.086912286842415531e-01,2.205401735579047617e+00
1.186237253946194770e+01,9.416298438787844283e-02,2.204302144001367925e+00
1.182850176995137836e+01,7.850404525340842765e-02,2.064437741252330927e+00
1.179511165934767725e+01,6.124847261573497514e-02,2.120826609521101247e+00
1.176208956542835793e+01,4.238430801971558581e-02,2.040813703370517374e+00
1.173026840476337895e+01,2.223589221350004419e-02,1.957986351626671562e+00
1.169927656217608636e+01,4.018830040442011864e-04,1.977282530694403073e+00
1.166796759488082280e+01,-2.406827140571514423e-02,1.907056988755396310e+00
1.163873640283863686e+01,-4.957134234355374536e-02,1.919982778174591287e+00
1.161044663356939211e+01,-7.702721514630156419e-02,1.851709444081876432e+00
1.158417828481863410e+01,-1.056057218687062593e-01,1.844930015191888151e+00
1.155855634808510146e+01,-1.369654592226963730e-01,1.899047460201390480e+00
1.153534315428411894e+01,-1.688274567673549997e-01,1.864950959721364487e+00
1.151448289710988604e+01,-2.011114890349663398e-01,1.954098919020265113e+00
1.149495777334490754e+01,-2.349850876198337768e-01,1.963837428987491140e+00
1.147786993337463102e+01,-2.683564995931431163e-01,2.037460555610320245e+00
1.146184535782696479e+01,-3.035406860933397288e-01,2.130225534655926012e+00
1.144796398003800242e+01,-3.376719077459064966e-01,2.117077365317577176e+00
1.143515482551744888e+01,-3.733635147236195051e-01,2.204817836714046742e+00
1.142421153120932154e+01,-4.076474532463406075e-01,2.275431298417434967e+00
1.141434509515159945e+01,-4.427523386212198764e-01,2.354195838931542717e+00
1.140561766015107992e+01,-4.775655545277854852e-01,2.419399903789270390e+00
1.139793555182908769e+01,-5.127581234124163334e-01,2.492731146106921258e+00
1.139138958168959981e+01,-5.471416037200149685e-01,2.561975616294971836e+00
1.138555835323702858e+01,-5.826398952463743841e-01,2.631246759671579838e+00
1.138076247039372113e+01,-6.162777115776265635e-01,2.695039761925814847e+00
1.137645626409643107e+01,-6.516170231944865554e-01,2.760298243138914476e+00
1.137301693431201777e+01,-6.853497463191274841e-01,2.821049880729538550e+00
1.137010154185377608e+01,-7.200023050891772858e-01,2.882025719032361266e+00
1.136780934009929211e+01,-7.535557908670423855e-01,2.939794065713161153e+00
1.136600811604248840e+01,-7.883219058670857260e-01,2.998419015252372866e+00
1.136474448278839766e+01,-8.214242460076977004e-01,3.053159198495309923e+00
1.136378042189379123e+01,-8.555915721825742004e-01,3.108631585623909732e+00
1.136336066844255477e+01,-8.890384419886150358e-01,3.161974916312918715e+00
1.136323457252182401e+01,-9.227145437089712132e-01,3.214785957002243677e+00
1.136344500472879027e+01,-9.557424775960478014e-01,3.265751795807145363e+00
1.136392576374268515e+01,-9.892478867800812425e-01,3.316658464963412989e+00
1.136474010591555128e+01,-1.022586744005281822e+00,3.366557795008059628e+00
1.136585848973405710e+01,-1.055857649932139042e+00,3.415641720485034227e+00
1.136715987361722036e+01,-1.088564363256085965e+00,3.463225996185550049e+00
1.136869082053245705e+01,-1.121734763159170534e+00,3.500000000000000000e+00
1.137038362364952349e+01,-1.154290628558060749e+00,3.500000000000000000e+00
1.137223612670642048e+01,-1.187195989108677852e+00,3.500000000000000000e+00
1.137430645824474773e+01,-1.220107050635811596e+00,3.500000000000000000e+00
1.137650864228172587e+01,-1.252590912954306468e+00,3.500000000000000000e+00
1.137877853888660162e+01,-1.284999124080234978e+00,3.500000000000000000e+00
1.138118785992278070e+01,-1.317702976936720338e+00,3.500000000000000000e+00
1.138379682865234344e+01,-1.350510004066415304e+00,3.500000000000000000e+00
1.138645370545791558e+01,-1.382630264339683057e+00,3.500000000000000000e+00
1.138911425159369273e+01,-1.414775700341336373e+00,3.500000000000000000e+00
1.139183135869417995e+01,-1.447059523341815757e+00,3.500000000000000000e+00
1.139460675707020165e+01,-1.479340396584446493e+00,3.500000000000000000e+00
1.139743359349921548e+01,-1.511584702340990960e+00,3.500000000000000000e+00
1.140030445301371742e+01,-1.543800698283380957e+00,3.500000000000000000e+00
1.140321529462257999e+01,-1.575991937325067704e+00,3.500000000000000000e+00
1.140613126649526698e+01,-1.608012296546427189e+00,3.500000000000000000e+00
1.140899738930231955e+01,-1.639830990053003479e+00,3.500000000000000000e+00
1.141182633841427041e+01,-1.671775397259564144e+00,3.500000000000000000e+00
1.141467587397611183e+01,-1.703910571942907959e+00,3.500000000000000000e+00
1.141752262989577282e+01,-1.735903841690016547e+00,3.500000000000000000e+00
1.142031025666707045e+01,-1.767673629930944790e+00,3.500000000000000000e+00
1.142298261008212812e+01,-1.799261145660031591e+00,3.500000000000000000e+00
1.142560840802741495e+01,-1.831232283372592251e+00,3.500000000000000000e+00
1.142822154539322455e+01,-1.863154475066119087e+00,3.500000000000000000e+00
1.143071729708100648e+01,-1.894715904547499052e+00,3.500000000000000000e+00
1.143307897040256549e+01,-1.926263992773519895e+00,3.500000000000000000e+00
1.143534821558380088e+01,-1.958033878285228901e+00,3.500000000000000000e+00
1.143755084930531751e+01,-1.989835369034701040e+00,3.500000000000000000e+00
1.143964763328063228e+01,-2.021441689676563236e+00,3.500000000000000000e+00
1.144156605413780525e+01,-2.052754720629083707e+00,3.500000000000000000e+00
1.144327187431573556e+01,-2.084092062398413159e+00,3.500000000000000000e+00
1.144493184186698720e+01,-2.116178758693251449e+00,3.445521311431494649e+00
1.144644426974167928e+01,-2.147386351174645380e+00,3.372196552966977290e+00
1.144769063119900565e+01,-2.178486413160751312e+00,3.297530768379393518e+00
1.144876127240776320e+01,-2.210109126456291762e+00,3.219853389764064211e+00
1.144962660444890545e+01,-2.241054498156575647e+00,3.141995601919210568e+00
1.145028421659108808e+01,-2.272972788414926892e+00,3.059629935081519481e+00
1.145080354060503325e+01,-2.303728866177302326e+00,2.978114831420794584e+00
1.145093992104488123e+01,-2.334813842392853278e+00,2.893406909323511744e+00
1.145166640760440657e+01,-2.366294036910151277e+00,2.947319002869773996e+00
1.145198710620867111e+01,-2.397067264278393228e+00,2.999072904827362773e+00
1.145184722555254098e+01,-2.428362707348620919e+00,3.050802492011905453e+00
1.145130407455879329e+01,-2.459001529770974859e+00,3.098182909378025762e+00
1.145028571813617191e+01,-2.490168276826909999e+00,3.016588016975858544e+00
1.144885249580456410e+01,-2.520635688661967411e+00,2.934584401470305526e+00
1.144686827402778562e+01,-2.551231588467440137e+00,2.986366913392208389e+00
1.144446134436634210e+01,-2.581872626042241770e+00,2.961915308778760636e+00
1.144151901198932109e+01,-2.612457741648439580e+00,3.013337929299352069e+00
1.143817774521608044e+01,-2.642572692128571710e+00,2.975171896607021083e+00
1.143426658600944101e+01,-2.673026918321761425e+00,2.907006934511585428e+00
1.142991949192014545e+01,-2.702762973355035125e+00,2.823093218953763195e+00
1.142500131532325014e+01,-2.732475979503751873e+00,2.875939538532125805e+00
1.141948393316474153e+01,-2.762673181896922792e+00,2.800922882651939894e+00
1.141363626829083522e+01,-2.791537554799350840e+00,2.853011844503567929e+00
1.140704769754998438e+01,-2.821387918783133664e+00,2.767432110395271483e+00
1.140009720431994467e+01,-2.850233431755047953e+00,2.680287896722499230e+00
1.139246352654470762e+01,-2.879696921507676866e+00,2.587848895907621127e+00
1.138455186649058604e+01,-2.907659994854030483e+00,2.643401127158545805e+00
1.137578256540683341e+01,-2.936784155673839436e+00,2.592323238134189189e+00
1.136672132329678853e+01,-2.965062282113192893e+00,2.499005614353876137e+00
1.135716838979322674e+01,-2.992622557626513302e+00,2.556700707133110484e+00
1.134708584539846576e+01,-3.020018313485623551e+00,2.499955280176179961e+00
1.133615583484050227e+01,-3.047911794019082521e+00,2.402174117832957645e+00
1.132503805850532785e+01,-3.074292925432692947e+00,2.461040766791217749e+00
1.131326219838778968e+01,-3.100839708614728352e+00,2.366527507458553892e+00
1.130091480605146081e+01,-3.127093808420557064e+00,2.266329520105550888e+00
1.128812989036001468e+01,-3.152416789422760601e+00,2.328072840480214456e+00
1.127478632528890934e+01,-3.177218642676078009e+00,2.235620805783141929e+00
1.126074344705317642e+01,-3.201915565850535383e+00,2.131533933923048352e+00
1.124647375124685666e+01,-3.225309077028220450e+00,2.113518504510305540e+00
1.123134853441639081e+01,-3.248649098695473469e+00,2.005483058640109117e+00
1.121568733106974491e+01,-3.271090561641794014e+00,2.027713678380806073e+00
1.119996202395532592e+01,-3.292127505592175485e+00,1.939995012391807938e+00
1.118360231920743075e+01,-3.312522654143052137e+00,1.829001941831968070e+00
1.116636214977841668e+01,-3.332369374689844399e+00,1.771795830677479922e+00
1.114819090174907856e+01,-3.351594026199599341e+00,1.659284081052613713e+00
1.113152245756134562e+01,-3.367707925339185504e+00,1.636577608546359031e+00
1.111306163876569997e+01,-3.384025251707469373e+00,1.556057297925731220e+00
1.109555176205700278e+01,-3.398047409531020246e+00,1.461840294417500630e+00
1.107660057566301326e+01,-3.411625916341892051e+00,1.435107685834970059e+00
1.105751848354536016e+01,-3.423748576762029927e+00,1.320327471199384428e+00
1.103952317328773169e+01,-3.433674570153663730e+00,1.337598181181820944e+00
1.101938046765118173e+01,-3.443354729304590300e+00,1.196495109870572948e+00
1.100047915597412818e+01,-3.450761960273370121e+00,1.278518508179576907e+00
1.098095909188795893e+01,-3.457115956671599655e+00,1.200949829289758242e+00
1.096020200328430860e+01,-3.462240363375481689e+00,1.286888988503479103e+00
1.094020824071135678e+01,-3.465869385747465614e+00,1.321308103883427343e+00
1.091744412095432892e+01,-3.468559332878714319e+00,1.405375428896589396e+00
1.089542039637933790e+01,-3.469934105799163948e+00,1.306368780800435170e+00
1.087217419879559444e+01,-3.470237859380475243e+00,1.155261216673346913e+00
1.084814452487296599e+01,-3.468416487349873290e+00,1.255234838629020189e+00
1.082328507402111661e+01,-3.465131235411417432e+00,1.351432718544128608e+00
1.079976080510385650e+01,-3.460974380621351099e+00,1.437100391596797921e+00
1.077401417350631974e+01,-3.455294502903485832e+00,1.526078149713375076e+00
1.074986711829048858e+01,-3.448831235803639039e+00,1.605890823427751579e+00
1.072354764665834104e+01,-3.440768880523952689e+00,1.689423505866145314e+00
1.069880686060087349e+01,-3.432079987997752824e+00,1.765325381106642721e+00
1.067464613455471500e+01,-3.422743090925003617e+00,1.837224704130452135e+00
1.064853646517219943e+01,-3.411713323725396929e+00,1.912807502895859324e+00
1.062405325509755727e+01,-3.400321514611096774e+00,1.982137669918100142e+00
1.059944602399983182e+01,-3.388153223406884518e+00,2.050215703136671674e+00
1.057471326648637699e+01,-3.374962448980368457e+00,2.117472284432006635e+00
1.055037270895834922e+01,-3.361088804447759149e+00,2.182626128463170279e+00
1.052645992419846976e+01,-3.346733411105119682e+00,2.172792938805862217e+00
1.050236119402867274e+01,-3.331266779308625026e+00,2.237717486922629728e+00
1.047917173291690141e+01,-3.315711233601160934e+00,2.218820093192957810e+00
1.045576743365923988e+01,-3.299015412833406380e+00,2.282685647036454046e+00
1.043311551303037987e+01,-3.282194616283933275e+00,2.343671716370558933e+00
1.040981191672103634e+01,-3.263962239000674170e+00,2.405967944677323000e+00
1.038865833317559151e+01,-3.246684059212540330e+00,2.340377519144730023e+00
1.036615521397751927e+01,-3.227305926168878791e+00,2.402984675416691918e+00
1.034533575694576157e+01,-3.208624879626341020e+00,2.460498950094714754e+00
1.032461620807126756e+01,-3.189215125630423309e+00,2.517531174022373808e+00
1.030320234456202755e+01,-3.168269755285709977e+00,2.439921636272527117e+00
1.028371847675635387e+01,-3.148262693225422737e+00,2.496494570340687336e+00
1.026379153738485961e+01,-3.127028949910460209e+00,2.554149911187958644e+00
1.024429466256687249e+01,-3.105342683559058958e+00,2.610613294667829543e+00
1.022500152016503705e+01,-3.083147562435039735e+00,2.666342979161515192e+00
1.020630490277443947e+01,-3.060793477958900333e+00,2.579044901626746711e+00
1.018824980548151693e+01,-3.038223606898860396e+00,2.634483438310768921e+00
1.017000775699200510e+01,-3.014699220912898880e+00,2.690388244592399225e+00
1.015240669141007324e+01,-2.991121788887669553e+00,2.744524637853729576e+00
1.013483735129224073e+01,-2.966873872471825990e+00,2.798545245702148687e+00
1.011815138198000952e+01,-2.942916286290822914e+00,2.850230210706711897e+00
1.010148414733897582e+01,-2.918173986093175909e+00,2.902091877650879059e+00
1.008513782676407899e+01,-2.893123455377094810e+00,2.953177586653436215e+00
1.006919242523565394e+01,-2.867833341062810515e+00,3.003369838053403740e+00
1.005334609218355268e+01,-2.842092083056173557e+00,3.003144695031739975e+00
1.003820155420831384e+01,-2.816550012257857283e+00,3.052183080597120401e+00
1.002272065512834764e+01,-2.789774356892829488e+00,3.102436153876908520e+00
1.000820234364051942e+01,-2.763965852011650348e+00,3.149798145585500642e+00
9.993627059810926028e+00,-2.737191012873628981e+00,3.197823892921412892e+00
9.979448714867752201e+00,-2.710459052507391497e+00,3.244791258114000154e+00
9.965507668737938474e+00,-2.683350310566244623e+00,3.205553166846376811e+00
9.951782619398821694e+00,-2.656061950013393513e+00,3.128392886100265446e+00
9.938457334987564451e+00,-2.628761939568659223e+00,3.049718989479720310e+00
9.924986031469732239e+00,-2.600551627100898600e+00,2.966580139945726113e+00
9.911362987206839392e+00,-2.573265191805155450e+00,3.017545224665329151e+00
9.898032056375763332e+00,-2.545471945528583468e+00,3.068196342892527184e+00
9.885184760972594020e+00,-2.517703036041103903e+00,3.117658895485745596e+00
9.872616918968740052e+00,-2.489482813228393265e+00,3.166815367600195330e+00
9.860255699478150504e+00,-2.460829447630992206e+00,3.215708270356105736e+00
9.848157156282629998e+00,-2.431996262082622096e+00,3.263964766707012188e+00
9.836561564330366991e+00,-2.403453658235662704e+00,3.310822681714890692e+00
9.825302177849462026e+00,-2.374696682079669330e+00,3.357137654473566712e+00
9.814241970673519333e+00,-2.345521279433068873e+00,3.363014400761366929e+00
9.803388922669718397e+00,-2.316093541837059622e+00,3.287555548027413899e+00
9.792688798903350644e+00,-2.286398523128771565e+00,3.209828236341046637e+00
9.781823738992811101e+00,-2.257618144128731519e+00,3.228401310351872944e+00
9.771060691331138415e+00,-2.227760836101731368e+00,3.277187092649281208e+00
9.760780625159638291e+00,-2.198304415605461859e+00,3.246999577948377791e+00
9.750915924392932865e+00,-2.168632559881011890e+00,3.294797902483086016e+00
9.741195730025710375e+00,-2.138459909875166876e+00,3.342557436945990279e+00
9.731235455251907140e+00,-2.108816064586159555e+00,3.386293385450484639e+00
9.721471340802981587e+00,-2.078390463786383258e+00,3.309942543863341413e+00
9.712216978245736598e+00,-2.048229860346782338e+00,3.232792030055386512e+00
9.703503147376844495e+00,-2.018231475498688976e+00,3.280751090610963594e+00
9.695055302839543643e+00,-1.987640092659448410e+00,3.226267972727943523e+00
9.686103626418969270e+00,-1.956966117012224116e+00,3.146037070592567098e+00
9.677747629429360288e+00,-1.926535430220451817e+00,3.064740763538497337e+00
9.669865651086633207e+00,-1.895938314200403596e+00,2.981123860705078954e+00
9.662208197136404664e+00,-1.864657191887336474e+00,2.893410383758000748e+00
9.654225245966729929e+00,-1.833786954344542641e+00,2.803863788603971230e+00
9.646993469368510432e+00,-1.803306434164014593e+00,2.859181511702418632e+00
9.639874222259402714e+00,-1.771541220050628640e+00,2.915553322169403661e+00
9.633220135519195537e+00,-1.740108195291409920e+00,2.970142637385035034e+00
9.627203290680705905e+00,-1.709149612700109788e+00,3.022767908730443764e+00
9.620686308267263342e+00,-1.677727381808028495e+00,3.075391862695403322e+00
9.614561370091516679e+00,-1.645996514848348857e+00,3.127491188214276630e+00
9.608838770745329327e+00,-1.614151620790448272e+00,3.178797105666396394e+00
9.602757380779360474e+00,-1.582432582181277025e+00,3.229197832308634553e+00
9.597158695298910303e+00,-1.550572089470090065e+00,3.278903065509071180e+00
9.591991039658235962e+00,-1.518562447112760783e+00,3.263658218357304630e+00
9.587220911875531826e+00,-1.486454417540772344e+00,3.183095670141296907e+00
9.582828997814294425e+00,-1.454312550567064433e+00,3.100491805075376472e+00
9.578711378702637447e+00,-1.421943312579797114e+00,3.015123230635124330e+00
9.573958501926219000e+00,-1.389297598105877052e+00,3.069343080488313724e+00
9.569575408081661294e+00,-1.356773324090052801e+00,3.009754348782159639e+00
9.565623928125059905e+00,-1.324519512006972155e+00,2.922105720203698187e+00
9.560952972515119441e+00,-1.291645221042634351e+00,2.978379851657691368e+00
9.556527096396601806e+00,-1.258639074436698868e+00,3.033770289590441038e+00
9.552569231306277331e+00,-1.226174529366706123e+00,3.009227670326597881e+00
9.548008501897099265e+00,-1.193496126900487342e+00,2.920193346326191541e+00
9.543614467168882953e+00,-1.160371157218355931e+00,2.827169439800029771e+00
9.539407062376293212e+00,-1.127173732104275850e+00,2.730838570744285043e+00
9.534798859058557952e+00,-1.094630081865218596e+00,2.632790649791872717e+00
9.530304544404303968e+00,-1.061513775286537786e+00,2.529203128783097831e+00
9.525760977535814078e+00,-1.027797293472051621e+00,2.419199979029671432e+00
9.522202948768672570e+00,-9.940042636002182075e-01,2.488438622545763756e+00
9.519072169183536047e+00,-9.607627922272878873e-01,2.554645291818555819e+00
9.515510292690246175e+00,-9.259421594251538989e-01,2.581449808026038184e+00
9.512323813654393945e+00,-8.922512061703615771e-01,2.474352888772388237e+00
9.508103292401017370e+00,-8.578999445729528217e-01,2.543328108166885038e+00
9.504032076290766184e+00,-8.239694256008212037e-01,2.609646870610959901e+00
9.499795405790683489e+00,-7.895099059132354435e-01,2.675340470435616957e+00
9.494950108695348945e+00,-7.540706217400454658e-01,2.741374912317367851e+00
9.490689858822953795e+00,-7.206837416253428774e-01,2.802090706761997563e+00
9.485612428736791557e+00,-6.857948122445198802e-01,2.864310892503367789e+00
9.480251068845912954e+00,-6.512043350090572780e-01,2.802341594303599859e+00
9.474940145388998758e+00,-6.155057484890530395e-01,2.697342158145328739e+00
9.469445078465394516e+00,-5.804392266571531955e-01,2.589931148289714269e+00
9.463749914672732189e+00,-5.459055464931787949e-01,2.479463868896218059e+00
9.456609246140825320e+00,-5.093350391409179334e-01,2.553498049623420751e+00
9.449977780781393832e+00,-4.755083222953487843e-01,2.620125648021318643e+00
9.442261568209916689e+00,-4.385006292246711457e-01,2.607487228121513567e+00
9.434521637543948458e+00,-4.030782370730476294e-01,2.493764118007268937e+00
9.426049644420920970e+00,-3.676334366407665866e-01,2.373977232183097197e+00
9.417269575203375709e+00,-3.330303455338876617e-01,2.250460804078414423e+00
9.406491991912432127e+00,-2.962486734317488768e-01,2.334064140465845760e+00
9.395877014950286821e+00,-2.598041955997560937e-01,2.414010016670981695e+00
9.384854100645872776e+00,-2.245413162746893454e-01,2.489357363180921823e+00
9.372662396110195360e+00,-1.886797940387483496e-01,2.564307436781569471e+00
9.359461532983894827e+00,-1.530536773032376563e-01,2.637348023188825774e+00
9.346098521454775820e+00,-1.172720909807346279e-01,2.581987889452586504e+00
9.331350600030789977e+00,-8.101879981043405565e-02,2.457732598115333733e+00
9.316230336559067737e+00,-4.601071851093252452e-02,2.330302217668432263e+00
9.298741875791078471e+00,-9.246023328011221398e-03,2.416077636020536268e+00
9.281582037230295512e+00,2.474707774148923733e-02,2.493635621768652388e+00
9.263154239104125054e+00,6.035225217047229807e-02,2.572767303113698834e+00
9.243816542756356114e+00,9.518195132310849904e-02,2.458294788576915302e+00
9.221907958590589871e+00,1.316552322491452987e-01,2.491768864293417707e+00
9.202849708098019832e+00,1.635228879561658466e-01,2.369557892171422875e+00
9.179724102395489638e+00,1.992500033706003926e-01,2.457720276460238384e+00
9.158350518544386532e+00,2.306542094499550444e-01,2.503893140766657144e+00
9.133125144534664841e+00,2.652651802761663569e-01,2.588003284737451892e+00
9.108886525355032404e+00,2.965459094294446429e-01,2.528189374714965076e+00
9.082850461166973588e+00,3.280472774905663913e-01,2.607762237707805575e+00
9.057769915145865269e+00,3.580167467433721384e-01,2.638831411719884557e+00
9.030212278355241651e+00,3.890742423357911872e-01,2.703379468653080764e+00
9.002240414005219904e+00,4.188636087122936669e-01,2.777930214193303105e+00
8.975266709904861528e+00,4.470934286860041018e-01,2.847340017746498919e+00
8.944455905789062911e+00,4.777803887416117723e-01,2.829580747053360046e+00
8.917859160775613248e+00,5.029767103484719115e-01,2.893595227688002591e+00
8.888147618967222385e+00,5.308457265252093382e-01,2.836514017228025875e+00
8.855884264375660564e+00,5.599427307080260263e-01,2.711212807706035566e+00
8.827478481684812195e+00,5.841793168106490519e-01,2.779222595576054999e+00
8.795660134194926982e+00,6.114665536743499885e-01,2.853637001722405309e+00
8.764849532289741063e+00,6.368055261688130297e-01,2.922697771604325645e+00
8.734644214543601848e+00,6.607910218083439258e-01,2.987953295896972339e+00
8.701954943199579517e+00,6.857608204194250989e-01,3.056012731332282684e+00
8.670277273081374858e+00,7.090019706817789480e-01,3.119632006485346221e+00
8.636930960532197332e+00,7.324761399828865205e-01,3.132587203960450317e+00
8.604517027040497368e+00,7.543213719822762231e-01,3.194367432552209340e+00
8.572815698784559402e+00,7.760125010654230771e-01,3.253936535221813475e+00
8.538477407960582966e+00,7.987221523870206008e-01,3.316592846181737997e+00
8.506569565801038735e+00,8.191311798378737574e-01,3.373211284038733382e+00
8.471807644086355893e+00,8.407084484803740709e-01,3.433321441064786761e+00
8.440712057051255712e+00,8.594812617498477358e-01,3.444177936859759370e+00
8.404267027195555073e+00,8.806691699868326451e-01,3.500000000000000000e+00
8.372160840208719534e+00,8.988401943636266100e-01,3.500000000000000000e+00
8.338250450067278052e+00,9.174376806159311171e-01,3.500000000000000000e+00
8.303825862871113017e+00,9.357637927762316732e-01,3.500000000000000000e+00
8.269197369703066514e+00,9.535762046256668345e-01,3.500000000000000000e+00
8.235183152832323827e+00,9.705561975108112360e-01,3.500000000000000000e+00
8.200889427026885059e+00,9.871334265754152515e-01,3.500000000000000000e+00
8.167241356672443331e+00,1.002994372596311745e+00,3.500000000000000000e+00
8.130690545655738788e+00,1.019630342633608633e+00,3.500000000000000000e+00
8.098561912873183388e+00,1.033803320299596873e+00,3.500000000000000000e+00
8.062249255921837943e+00,1.049416686671595045e+00,3.500000000000000000e+00
8.028148911150285727e+00,1.063567208452391277e+00,3.500000000000000000e+00
7.993736167092882816e+00,1.077478965293994895e+00,3.500000000000000000e+00
7.958704378636210386e+00,1.091196005667764979e+00,3.500000000000000000e+00
7.923675169846715605e+00,1.104509439955420946e+00,3.500000000000000000e+00
7.889942381220341083e+00,1.116928347778974429e+00,3.500000000000000000e+00
7.853237131179475305e+00,1.130092729511571692e+00,3.500000000000000000e+00
7.818885192778577853e+00,1.141888240438230895e+00,3.500000000000000000e+00
7.786025764983706132e+00,1.152991555920671818e+00,3.500000000000000000e+00
7.749623604288173873e+00,1.164938729544177320e+00,3.500000000000000000e+00
7.715154595290265149e+00,1.175833244661338206e+00,3.500000000000000000e+00
7.681990716331850599e+00,1.186106419997988048e+00,3.500000000000000000e+00
7.644718092310160529e+00,1.197266415964790776e+00,3.500000000000000000e+00
7.611541926119388179e+00,1.206860624491246092e+00,3.500000000000000000e+00
7.575469391468014457e+00,1.217003382572999781e+00,3.500000000000000000e+00
7.542601259104822375e+00,1.225983180159830876e+00,3.500000000000000000e+00
7.507317737339316288e+00,1.235405221883895788e+00,3.500000000000000000e+00
7.471644529226569631e+00,1.244565055324992953e+00,3.500000000000000000e+00
7.438327284454927302e+00,1.252885877264281245e+00,3.500000000000000000e+00
7.402904742836458496e+00,1.261493430204649657e+00,3.500000000000000000e+00
7.369655041028182474e+00,1.269345123923750096e+00,3.500000000000000000e+00
7.333985748417473971e+00,1.277540589963706008e+00,3.500000000000000000e+00
7.300601652370309225e+00,1.284962722422212877e+00,3.500000000000000000e+00
7.265564871809119474e+00,1.292570382200489698e+00,3.500000000000000000e+00
7.231741467718338257e+00,1.299672087458851433e+00,3.500000000000000000e+00
7.196894169951522535e+00,1.306808355266019461e+00,3.500000000000000000e+00
7.163078283915577771e+00,1.313497809717406817e+00,3.500000000000000000e+00
7.128671122451322617e+00,1.320162925425596656e+00,3.500000000000000000e+00
7.093711106319499748e+00,1.326662152690205598e+00,3.500000000000000000e+00
7.060845400481443157e+00,1.332642376769858750e+00,3.500000000000000000e+00
7.026617488545296553e+00,1.338734086787981337e+00,3.500000000000000000e+00
6.991837093999282438e+00,1.344709905475306444e+00,3.500000000000000000e+00
6.958215330086375161e+00,1.350310461118792604e+00,3.500000000000000000e+00
6.924892462374104163e+00,1.355747905651673246e+00,3.500000000000000000e+00
6.890090368899036477e+00,1.361268741804582572e+00,3.500000000000000000e+00
6.856091007894772993e+00,1.366454267841771486e+00,3.500000000000000000e+00
6.822822809056330762e+00,1.371423503893631324e+00,3.500000000000000000e+00
6.789039540396432315e+00,1.376338165841364480e+00,3.500000000000000000e+00
6.755780631650159407e+00,1.381074404765348262e+00,3.500000000000000000e+00
6.720451975653440435e+00,1.385922657812371117e+00,3.500000000000000000e+00
6.688432148652411868e+00,1.390173058391756200e+00,3.500000000000000000e+00
6.654740687245154440e+00,1.394632726488632235e+00,3.500000000000000000e+00
6.620075438221391551e+00,1.399003189248925416e+00,3.500000000000000000e+00
6.588382113942960139e+00,1.402950132596989974e+00,3.500000000000000000e+00
6.553761656459761831e+00,1.407175304100749536e+00,3.500000000000000000e+00
6.519639625123680560e+00,1.411152323466942082e+00,3.500000000000000000e+00
6.487122597140566604e+00,1.414850114607813403e+00,3.500000000000000000e+00
6.454539603578583140e+00,1.418541981723513645e+00,3.500000000000000000e+00
6.419675198173337094e+00,1.422348479691622147e+00,3.500000000000000000e+00
6.387341697088446679e+00,1.425759774084552012e+00,3.500000000000000000e+00
6.354607174998875507e+00,1.429203674523943590e+00,3.500000000000000000e+00
6.320786401488452277e+00,1.432659869543953857e+00,3.500000000000000000e+00
6.287517869145322180e+00,1.435954338809707798e+00,3.500000000000000000e+00
6.255033406093194692e+00,1.439114095205517696e+00,3.500000000000000000e+00
6.222300559124127162e+00,1.442267731577365097e+00,3.500000000000000000e+00
6.188865569516953435e+00,1.445414191022480699e+00,3.500000000000000000e+00
6.155259494242221407e+00,1.448472627815178937e+00,3.500000000000000000e+00
6.122673714345740592e+00,1.451362084685975606e+00,3.500000000000000000e+00
6.090231051615170088e+00,1.454224229714487393e+00,3.500000000000000000e+00
6.056469956185081216e+00,1.457122007489423776e+00,3.500000000000000000e+00
6.024430480208128103e+00,1.459804023079001034e+00,3.500000000000000000e+00
5.992675859577164310e+00,1.462497259165711716e+00,3.500000000000000000e+00
5.958987893596520813e+00,1.465300821296819489e+00,3.500000000000000000e+00
5.926030247255021699e+00,1.467948291847689157e+00,3.500000000000000000e+00
5.893739877050190756e+00,1.470514083529590232e+00,3.500000000000000000e+00
5.861171219729630621e+00,1.473078406732298617e+00,3.500000000000000000e+00
5.828408992387521970e+00,1.475618167419148863e+00,3.500000000000000000e+00
5.795659276694424378e+00,1.478108973154311112e+00,3.500000000000000000e+00
5.763415910016655097e+00,1.480533278035890188e+00,3.500000000000000000e+00
5.731331613906671230e+00,1.482943779897170078e+00,3.500000000000000000e+00
5.699109099024449954e+00,1.485359681731478698e+00,3.500000000000000000e+00
5.666827545154173862e+00,1.487768388989913593e+00,3.500000000000000000e+00
5.634429161114018036e+00,1.490170449780615636e+00,3.500000000000000000e+00
5.601582924039968603e+00,1.492570806600848954e+00,3.500000000000000000e+00
5.568751583442796971e+00,1.494912400530577612e+00,3.500000000000000000e+00
5.537078290999120966e+00,1.497159545110078982e+00,3.500000000000000000e+00
5.505811045112031010e+00,1.499428036913743156e+00,3.500000000000000000e+00
5.473515567069382470e+00,1.501791526595854798e+00,3.500000000000000000e+00
5.440698979917013567e+00,1.504153153554832256e+00,3.500000000000000000e+00
5.408695226725235727e+00,1.506433728715915965e+00,3.500000000000000000e+00
5.377304342061731468e+00,1.508700537746108905e+00,3.500000000000000000e+00
5.345301840015539874e+00,1.511040073162306818e+00,3.500000000000000000e+00
5.312762851251695118e+00,1.513402072399252507e+00,3.500000000000000000e+00
5.280630752777491388e+00,1.515715957698890115e+00,3.500000000000000000e+00
5.249029885285810160e+00,1.518005186413595275e+00,3.500000000000000000e+00
5.218015080969436781e+00,1.520300352369329255e+00,3.500000000000000000e+00
5.186514663876226727e+00,1.522696199852351606e+00,3.500000000000000000e+00
5.153389205245010096e+00,1.525196357380732781e+00,3.500000000000000000e+00
5.121415667472325239e+00,1.527560653048674943e+00,3.500000000000000000e+00
5.091115199623830634e+00,1.529871822069626131e+00,3.500000000000000000e+00
5.059285749319427872e+00,1.532373814687249425e+00,3.500000000000000000e+00
5.026757914534269567e+00,1.534907880712921946e+00,3.488533954642569324e+00
4.995176356023026898e+00,1.537369730925445044e+00,3.415118049157439550e+00
4.964122972635458986e+00,1.539839973977404686e+00,3.341348171919976018e+00
4.933185618105029313e+00,1.542372281619212471e+00,3.266183474772016204e+00
4.901703015226499538e+00,1.545003830483911988e+00,3.187863891896785429e+00
4.869894998758934612e+00,1.547687186651851343e+00,3.106724991930282176e+00
4.838193959253857201e+00,1.550375299466310031e+00,3.023690342226366568e+00
4.807491378891743494e+00,1.553031149401929101e+00,2.941024910456661257e+00
4.776253231260536580e+00,1.555813174786254027e+00,2.854441971819883239e+00
4.744420508470956754e+00,1.558668484999858661e+00,2.763416472582429950e+00
4.713815611753672030e+00,1.561464475482745140e+00,2.672967081603371486e+00
4.682454180411911082e+00,1.564409567100315313e+00,2.576967681476604710e+00
4.650602267969631498e+00,1.567412654531606941e+00,2.475655817748706244e+00
4.619988214502122048e+00,1.570351009230449568e+00,2.374193725221658724e+00
4.589235665497918504e+00,1.574155001240665985e+00,2.438578502272609416e+00
4.558533903705999535e+00,1.577864099565137401e+00,2.501182741361457129e+00
4.527960236654893222e+00,1.581497684004280035e+00,2.561992077601735751e+00
4.495949156121740842e+00,1.585176426304262254e+00,2.624122920037845308e+00
4.465628301108661269e+00,1.588565780133363692e+00,2.681626023140736947e+00
4.435824571954130491e+00,1.591912450360088105e+00,2.736974337985681682e+00
4.403878868806688551e+00,1.595427123976373318e+00,2.795069438967276110e+00
4.372880412855260523e+00,1.598737793996552137e+00,2.850291324010013394e+00
4.343100016124413543e+00,1.601893123326192381e+00,2.902349310570072838e+00
4.312973408413681931e+00,1.605124737059087314e+00,2.954086302084522497e+00
4.281179590000128599e+00,1.608512270889583151e+00,3.007717345119553354e+00
4.250149426670198238e+00,1.611741071952754289e+00,3.059140497136757730e+00
4.220818564500393499e+00,1.614775401526233889e+00,3.082399312980639294e+00
4.190368000870403620e+00,1.618032813926546076e+00,3.001865548984901988e+00
4.158565540557894735e+00,1.621416549934054707e+00,2.915387678794043591e+00
4.129404668979561599e+00,1.624480245814483137e+00,2.833786057226757471e+00
4.098811232248690928e+00,1.627824151132083452e+00,2.745529669021956831e+00
4.068125017487944639e+00,1.631198711753072406e+00,2.654052344590886570e+00
4.038003064816052756e+00,1.634542335245363853e+00,2.561070573190795674e+00
4.008283766606648868e+00,1.637912718732386086e+00,2.465872192863484802e+00
3.978268295599231674e+00,1.641434794348460624e+00,2.365794399262658221e+00
3.946163583431465227e+00,1.645310281838545663e+00,2.253792065956865098e+00
3.917035938001453665e+00,1.648744964614742070e+00,2.147162648535286156e+00
3.886951147435065312e+00,1.653285084314537245e+00,2.216881102959423533e+00
3.855551322677326809e+00,1.657895623890511594e+00,2.287340579173573918e+00
3.826887358293394659e+00,1.662028301768122107e+00,2.349793698732983938e+00
3.795048287369799933e+00,1.666675508237672743e+00,2.417290792596993754e+00
3.765359866862503235e+00,1.670849955165418343e+00,2.478527674299947137e+00
3.735202829505691380e+00,1.675156736489061382e+00,2.539237991946849071e+00
3.703750330282041148e+00,1.679631187227760725e+00,2.601042352553164960e+00
3.674563521997815663e+00,1.683708897109374547e+00,2.657089410512104788e+00
3.643238614914646067e+00,1.688232555224761011e+00,2.715993865958687969e+00
3.611813345003179077e+00,1.692724162731104709e+00,2.773818500434456435e+00
3.581748577170677628e+00,1.696971243470310142e+00,2.828020816669836623e+00
3.552363363668335161e+00,1.701206452253710033e+00,2.880033026092352788e+00
3.520117282307195783e+00,1.706061576960865356e+00,2.936100409737187888e+00
3.489684438576850400e+00,1.710540107186497849e+00,2.988024720369301335e+00
3.460216640702984403e+00,1.714976701119644620e+00,3.037480996303156822e+00
3.429217226729083468e+00,1.719854179816517226e+00,3.088705007071596675e+00
3.397096333657209311e+00,1.725007801287867792e+00,3.140925919721154980e+00
3.366563428848845518e+00,1.729879646400472648e+00,3.189765982366155939e+00
3.336782009225812029e+00,1.734777671629465168e+00,3.236730160548551893e+00
3.305826660230226199e+00,1.740089380424187704e+00,3.284889619267979732e+00
3.274725799070662635e+00,1.745558865833651829e+00,3.303621151435818248e+00
3.243715474186507297e+00,1.751146011537641378e+00,3.226415769483493179e+00
3.213070120847306921e+00,1.756813625350319708e+00,3.148192835023797098e+00
3.183054833439757036e+00,1.762554537694547063e+00,3.069555030720624078e+00
3.151742561498432238e+00,1.768802508749161007e+00,2.985179299250384499e+00
3.120159189890796547e+00,1.775245847909694641e+00,2.897508004061196907e+00
3.089890282097996099e+00,1.781592160014441539e+00,2.810821912652823329e+00
3.059784554688974367e+00,1.788168621969530525e+00,2.721703386386324919e+00
3.029085432747190332e+00,1.794203551000377761e+00,2.778585276935550130e+00
2.997761265684721455e+00,1.800450292347057113e+00,2.835479816046643897e+00
2.966189822819371269e+00,1.806793458317230927e+00,2.891706996123093454e+00
2.935416189136407894e+00,1.812999942800393116e+00,2.945488411839213949e+00
2.905608300306136371e+00,1.819119682088315759e+00,2.996697871058219942e+00
2.874275266448933497e+00,1.825739099909799990e+00,3.049662971437555825e+00
2.842605807336497925e+00,1.832478777063545783e+00,3.102294454160115400e+00
2.811749923810890728e+00,1.839102087297877608e+00,3.152747727832303948e+00
2.780599126215402173e+00,1.845907022820718169e+00,3.202916222795329837e+00
2.749376444894592986e+00,1.852817870098977915e+00,3.252453835287632877e+00
2.718738024412486354e+00,1.859703877211066558e+00,3.300376191318644015e+00
2.687848307879936005e+00,1.866795526346178180e+00,3.348046614372988117e+00
2.656555713539991537e+00,1.874099590450714947e+00,3.395696292216756618e+00
2.625736568749597488e+00,1.881405370887824446e+00,3.371364837718547669e+00
2.594956091024011702e+00,1.888857316568013367e+00,3.295358223201095171e+00
2.563362892870262311e+00,1.896636620671352080e+00,3.215399810350005438e+00
2.532096848323539984e+00,1.904428897958072575e+00,3.134204369162107984e+00
2.501838053617429392e+00,1.912132247645919936e+00,3.053465821038460870e+00
2.471183200924290446e+00,1.920136392074370368e+00,2.969298255072936321e+00
2.439705874486787440e+00,1.928494880283270652e+00,2.880215483909994045e+00
2.408402650555772961e+00,1.936928603830965212e+00,2.788714817627604425e+00
2.377527686444605326e+00,1.945407754964590064e+00,2.695299716701640591e+00
2.346593779670382851e+00,1.954076996612079231e+00,2.598197246151754847e+00
2.315194935213405802e+00,1.962072496417686107e+00,2.659819070341850278e+00
2.283866991632835575e+00,1.970031714390782396e+00,2.719902475807452813e+00
2.252850900572054282e+00,1.977912434951476506e+00,2.778108290647319567e+00
2.221697394122400304e+00,1.985839784035662747e+00,2.835374499753587685e+00
2.190135929898515688e+00,1.993856340071674893e+00,2.892228386118804728e+00
2.158456224243849864e+00,2.001866406053019354e+00,2.948177701508884141e+00
2.126804471739262681e+00,2.009831389188675210e+00,3.003021341072527495e+00
2.095398197921423566e+00,2.017708097067467676e+00,3.056456559399153061e+00
2.064157463028778672e+00,2.025536256680998015e+00,3.108696265174135664e+00
2.032820357594764982e+00,2.033382472572461630e+00,3.160227355232282598e+00
2.001202318651053691e+00,2.041279734250984745e+00,3.211375196208402283e+00
1.969320650519845728e+00,2.049197378186341290e+00,3.262120747195868198e+00
1.937953197487736201e+00,2.056953107809883274e+00,3.311276528799302454e+00
1.906376101930795430e+00,2.064754419257466722e+00,3.360032333815007544e+00
1.873684106870948884e+00,2.072751957064428829e+00,3.409747410806833301e+00
1.842331251865145347e+00,2.080348366351676415e+00,3.456729278512629122e+00
1.811377023493967675e+00,2.087882389346273904e+00,3.500000000000000000e+00
1.778394886813958964e+00,2.095846292354611951e+00,3.500000000000000000e+00
1.745871615054751302e+00,2.103567256871617719e+00,3.500000000000000000e+00
1.714264543774591587e+00,2.111015178484441535e+00,3.500000000000000000e+00
1.682997407709682536e+00,2.118380444286676045e+00,3.500000000000000000e+00
1.650308621434964040e+00,2.126035352556681080e+00,3.500000000000000000e+00
1.618064574063868610e+00,2.133472155620220967e+00,3.500000000000000000e+00
1.586865369661597081e+00,2.140663739500050955e+00,3.500000000000000000e+00
1.553121813683185914e+00,2.148351024510961160e+00,3.500000000000000000e+00
1.520332185639848177e+00,2.155643834027519468e+00,3.500000000000000000e+00
1.488757559325165181e+00,2.162622737864249522e+00,3.500000000000000000e+00
1.456707904773584028e+00,2.169681285072368127e+00,3.500000000000000000e+00
1.423313136463169926e+00,2.176929775682107326e+00,3.500000000000000000e+00
1.391129472052929250e+00,2.183791470225593834e+00,3.500000000000000000e+00
1.358936043906661340e+00,2.190630017125830609e+00,3.500000000000000000e+00
1.325140331399614180e+00,2.197662351243266698e+00,3.500000000000000000e+00
1.292933026523975126e+00,2.204248367196683045e+00,3.500000000000000000e+00
1.259832169508805499e+00,2.210942540404255752e+00,3.500000000000000000e+00
1.226617775153264311e+00,2.217516563876768210e+00,3.500000000000000000e+00
1.194085120431482849e+00,2.223856269801399055e+00,3.500000000000000000e+00
1.161485828565975487e+00,2.230143681434773484e+00,3.500000000000000000e+00
1.127337422040771253e+00,2.236579308444132774e+00,3.500000000000000000e+00
1.094759120405296660e+00,2.242570096969286553e+00,3.500000000000000000e+00
1.061027774350406627e+00,2.248682617498367620e+00,3.500000000000000000e+00
1.027017199406196291e+00,2.254635935265017821e+00,3.500000000000000000e+00
9.944379558963677423e-01,2.260231104081563025e+00,3.500000000000000000e+00
9.612067909390129561e-01,2.265851424031043226e+00,3.500000000000000000e+00
9.267545524538434165e-01,2.271500386128406213e+00,3.500000000000000000e+00
8.933715666735988492e-01,2.276795823639800709e+00,3.500000000000000000e+00
8.602882108770745218e-01,2.281940163941093225e+00,3.500000000000000000e+00
8.261789747305569032e-01,2.287108729171469346e+00,3.500000000000000000e+00
7.910915429317317837e-01,2.292191102076568399e+00,3.500000000000000000e+00
7.571421818172677787e-01,2.296874169936342192e+00,3.500000000000000000e+00
7.246670567005089048e-01,2.301289731165242713e+00,3.500000000000000000e+00
6.894363344909901770e-01,2.305908471303935503e+00,3.500000000000000000e+00
6.544255228353399456e-01,2.310219173449986840e+00,3.500000000000000000e+00
6.219073210069651081e-01,2.314094892143861770e+00,3.500000000000000000e+00
5.868828688149358985e-01,2.318140768130472651e+00,3.500000000000000000e+00
5.515639270988645926e-01,2.321940507282852284e+00,3.500000000000000000e+00
5.170362173590506982e-01,2.325422053314441406e+00,3.500000000000000000e+00
4.833075241003634837e-01,2.328661195870110667e+00,3.500000000000000000e+00
4.478127692361650314e-01,2.331883109851732083e+00,3.500000000000000000e+00
4.131417769830953435e-01,2.334749206142246347e+00,3.500000000000000000e+00
3.781643583974107492e-01,2.337465625157260973e+00,3.500000000000000000e+00
3.426985591646981022e-01,2.339927560846708943e+00,3.500000000000000000e+00
3.086547138289918446e-01,2.342100819272026069e+00,3.500000000000000000e+00
2.732527509098292562e-01,2.344169207663941545e+00,3.500000000000000000e+00
2.376856586058249121e-01,2.345935144468594302e+00,3.500000000000000000e+00
2.027306189814341020e-01,2.347468064444792279e+00,3.500000000000000000e+00
1.666212423398650000e-01,2.348733801143287891e+00,3.500000000000000000e+00
1.322813944824229870e-01,2.349715242978337670e+00,3.500000000000000000e+00
9.668583980802623878e-02,2.350524635766051418e+00,3.500000000000000000e+00
6.069520648399776702e-02,2.351009652476772072e+00,3.500000000000000000e+00
2.555302045365330510e-02,2.351249235675001881e+00,3.500000000000000000e+00
-1.174374151162343657e-02,2.351153760367397094e+00,3.500000000000000000e+00
-4.619522307997431243e-02,2.350722048890216964e+00,3.500000000000000000e+00
-8.255803032781518225e-02,2.350124509148772134e+00,3.500000000000000000e+00
-1.179104064824595122e-01,2.349095943296777289e+00,3.500000000000000000e+00
-1.547829639202687180e-01,2.347855510121474865e+00,3.500000000000000000e+00
-1.898736858465495114e-01,2.346225190765834689e+00,3.500000000000000000e+00
-2.255278450790708655e-01,2.344423360992325289e+00,3.500000000000000000e+00
-2.630829874682074077e-01,2.342086000724790118e+00,3.500000000000000000e+00
-2.980159908173929950e-01,2.339580887352966876e+00,3.500000000000000000e+00
-3.353666487051623624e-01,2.336580069677506977e+00,3.500000000000000000e+00
-3.704910596707792214e-01,2.333396777665672772e+00,3.500000000000000000e+00
-4.059794169410839704e-01,2.329939583672127057e+00,3.500000000000000000e+00
-4.432782772166280472e-01,2.325922173335057686e+00,3.500000000000000000e+00
-4.797759386002642401e-01,2.321558795842626477e+00,3.500000000000000000e+00
-5.155033122829230097e-01,2.316974691634770878e+00,3.500000000000000000e+00
-5.521351946393220356e-01,2.311866249539033635e+00,3.500000000000000000e+00
-5.883276173043726631e-01,2.306485837497469049e+00,3.500000000000000000e+00
-6.241255552498706782e-01,2.300753542663899420e+00,3.500000000000000000e+00
-6.608586330695326305e-01,2.294538461857881462e+00,3.500000000000000000e+00
-6.959667172720063189e-01,2.288203071851989012e+00,3.500000000000000000e+00
-7.333500709344256130e-01,2.281079389538597901e+00,3.500000000000000000e+00
-7.682635891422570085e-01,2.274028204756743055e+00,3.500000000000000000e+00
-8.053272885293795147e-01,2.266156365410908702e+00,3.500000000000000000e+00
-8.415779479820355569e-01,2.257968922306748727e+00,3.500000000000000000e+00
-8.769334536784600953e-01,2.249644256297067990e+00,3.500000000000000000e+00
-9.130468085149980872e-01,2.240694126446280965e+00,3.500000000000000000e+00
-9.488023373545704242e-01,2.231452571510382121e+00,3.500000000000000000e+00
-9.841597487455884252e-01,2.221892732485259536e+00,3.500000000000000000e+00
-1.019761881534849923e+00,2.211887514180652659e+00,3.500000000000000000e+00
-1.056609161490143833e+00,2.201014249345660367e+00,3.500000000000000000e+00
-1.090259574499373274e+00,2.190702567433385095e+00,3.500000000000000000e+00
-1.126081250244749477e+00,2.179394743750677321e+00,3.500000000000000000e+00
-1.162563678822601254e+00,2.167257812184673949e+00,3.500000000000000000e+00
-1.195769552316203743e+00,2.155891793038378967e+00,3.500000000000000000e+00
-1.232986886413120153e+00,2.143495053102160153e+00,3.500000000000000000e+00
-1.265917826421275594e+00,2.131986463807914678e+00,3.475813774830812442e+00
-1.302699597517602781e+00,2.118496082696075256e+00,3.461585172250166487e+00
-1.336037416380341236e+00,2.105694468358026317e+00,3.378045637048552319e+00
-1.371780850187865886e+00,2.091297719116345100e+00,3.434607847550305681e+00
-1.404621492699615448e+00,2.077585350404892672e+00,3.486031473983079110e+00
-1.438719844100656786e+00,2.062748291985795568e+00,3.423851272429148551e+00
-1.473008099495919598e+00,2.047298192577835074e+00,3.334819860466121888e+00
-1.507144795168978257e+00,2.031215385865578593e+00,3.390925959071621421e+00
-1.538549300042381329e+00,2.015935746841127862e+00,3.442037531787478066e+00
-1.573144328974621198e+00,1.998605976610729806e+00,3.443701492424604993e+00
-1.605608331878988215e+00,1.981693850917991107e+00,3.496445439878399064e+00
-1.638688107133027483e+00,1.963892778336413292e+00,3.412221206755687852e+00
-1.670116051386007827e+00,1.946460346003508590e+00,3.326895095431088301e+00
-1.702378323967832952e+00,1.928953346841702388e+00,3.237426582202659109e+00
-1.735370849695789808e+00,1.910327840259086418e+00,3.142410010503263518e+00
-1.766930601697938696e+00,1.891717394923221107e+00,3.200175603275455583e+00
-1.797248647991275483e+00,1.873256971381995317e+00,3.255162763605817577e+00
-1.829515664633607264e+00,1.852985071669664530e+00,3.211964312190545012e+00
-1.859436250673072832e+00,1.833431953489214727e+00,3.267131047482718653e+00
-1.889337958125796968e+00,1.813390322302169677e+00,3.246855497182392636e+00
-1.921192867470597143e+00,1.791372809280057377e+00,3.149999254941910021e+00
-1.949432995732435892e+00,1.771070798538380897e+00,3.204730775517110164e+00
-1.978764062767382814e+00,1.749648857383711675e+00,3.250904233764297047e+00
-2.008827440153049260e+00,1.727008815873102510e+00,3.156932299531439057e+00
-2.036496853249715855e+00,1.705528427370581745e+00,3.066881769072452357e+00
-2.066606285432992962e+00,1.681791160918368888e+00,2.965182467717720538e+00
-2.092434654805782390e+00,1.660560087176782940e+00,3.021034867892095299e+00
-2.121743969722279299e+00,1.636484668223328942e+00,3.083171844033082198e+00
-2.149843628626293413e+00,1.612584864244047678e+00,3.142425447005789518e+00
-2.176054709995160152e+00,1.589741401969946732e+00,3.197267913301403031e+00
-2.204261148794889547e+00,1.564873774923681404e+00,3.255542089652723181e+00
-2.230173942071513871e+00,1.541391724158615473e+00,3.308814175320990980e+00
-2.258418534699423663e+00,1.515516829541253108e+00,3.366199709523228112e+00
-2.284716299260219241e+00,1.490645080263018452e+00,3.419541499159763021e+00
-2.311391185843118645e+00,1.465088975983193098e+00,3.473136573656131265e+00
-2.336947224868570760e+00,1.439957057408682184e+00,3.500000000000000000e+00
-2.363667531958613566e+00,1.413421354757498527e+00,3.500000000000000000e+00
-2.390416933033060687e+00,1.386158374173407370e+00,3.500000000000000000e+00
-2.415518263098037632e+00,1.360003182275116629e+00,3.473735903742043885e+00
-2.442001356496242170e+00,1.331824970348857384e+00,3.383507315963073303e+00
-2.467568214360569723e+00,1.304063300256614433e+00,3.293063553298356982e+00
-2.492911244407488347e+00,1.275834972901751296e+00,3.199577848882244169e+00
-2.518160478872670804e+00,1.247121611465897839e+00,3.102502966326026623e+00
-2.544704567557059871e+00,1.216170888971062070e+00,2.995519547859853304e+00
-2.567399394509706667e+00,1.188778074590626455e+00,2.898960702996022487e+00
-2.594848086482052896e+00,1.155031963895077007e+00,2.776324316606911591e+00
-2.618376475223016531e+00,1.125125359124848901e+00,2.664420626035515660e+00
-2.642746398979686884e+00,1.093139233710293201e+00,2.540815849513515357e+00
-2.668059218344998040e+00,1.058647357617957585e+00,2.402334092828298129e+00
-2.691135949552998952e+00,1.025966828657149499e+00,2.265192840316634371e+00
-2.714994341249512999e+00,9.890638906858038037e-01,2.360198234894098412e+00
-2.736725626025044988e+00,9.534560655930839346e-01,2.446975412841130737e+00
-2.758643158067215939e+00,9.151984040928619057e-01,2.535468373367194772e+00
-2.780834968245799121e+00,8.736306511066082026e-01,2.610747300199056653e+00
-2.801015820272295898e+00,8.325156340675073929e-01,2.542436722663237170e+00
-2.820446352882343355e+00,7.890231125183397864e-01,2.414342305382849663e+00
-2.838296350860897821e+00,7.442063186014127307e-01,2.472590250615483320e+00
-2.855344724280461488e+00,6.957947090900236109e-01,2.300541415247223664e+00
-2.870258107692384097e+00,6.457609057985177481e-01,2.237310515738276884e+00
-2.882549584892768912e+00,5.949859468262524986e-01,2.196824804535145059e+00
-2.892826382325411227e+00,5.387783426527488206e-01,2.164632639391563806e+00
-2.899602627512659403e+00,4.826704345464222778e-01,2.121167874742651893e+00
-2.902919939348052480e+00,4.230887359802191772e-01,2.046657281888700108e+00
-2.901842682601567525e+00,3.606860814922251413e-01,1.871776232460933498e+00
-2.895095639454723369e+00,2.978316193572705939e-01,1.992834100406957409e+00
-2.884092334683479475e+00,2.388726446594489627e-01,2.007001350469974632e+00
-2.867940581577061110e+00,1.783142163180494455e-01,1.992407906281409069e+00
-2.847031972759554996e+00,1.191425478648954484e-01,1.995095490771925828e+00
-2.821865470057544290e+00,6.248866848635623028e-02,2.069125634211571363e+00
-2.795849935830740041e+00,1.332746281517824261e-02,2.083603810247219634e+00
-2.766017891200294621e+00,-3.516116537230029593e-02,2.188189799188225759e+00
-2.735094259511379633e+00,-7.945455793987168946e-02,2.241446033965701634e+00
-2.705198136559553213e+00,-1.179262624536785431e-01,2.285347366347024956e+00
-2.670722710631137531e+00,-1.580943015924916595e-01,2.398364919187336408e+00
-2.640430359379269287e+00,-1.906084378618388975e-01,2.489285240637305829e+00
-2.606983875267330220e+00,-2.239503118753254918e-01,2.491515783216950108e+00
-2.574135594466578247e+00,-2.543549292760994840e-01,2.579777138392093327e+00
-2.540462582044357376e+00,-2.837582438513491234e-01,2.509540562811216624e+00
-2.507302912607856538e+00,-3.107431712126413337e-01,2.593321376831682734e+00
-2.472252375820091608e+00,-3.377980841681295088e-01,2.677329276563584326e+00
-2.440280261210293400e+00,-3.611725562858759120e-01,2.750299136800986144e+00
-2.406226389893079798e+00,-3.849430874404425884e-01,2.824790423337644185e+00
-2.371459091452789103e+00,-4.079478564658050588e-01,2.897642548892806147e+00
-2.338048108653261181e+00,-4.290127573786431392e-01,2.965013273157841578e+00
-2.303614336481811797e+00,-4.498274116569245251e-01,2.952957928990129766e+00
-2.268437069035967202e+00,-4.699942077347691871e-01,3.020834399523934621e+00
-2.233969777860679073e+00,-4.888820483072828238e-01,3.085202241403213641e+00
-2.200229611130874563e+00,-5.067163716505647120e-01,3.035444445588229900e+00
-2.164830765379226474e+00,-5.244821613300899577e-01,3.099998605738043533e+00
-2.129283385382394922e+00,-5.415926081243724877e-01,3.162989351241932034e+00
-2.094797337310318142e+00,-5.574289392087523609e-01,3.222419135805942414e+00
-2.058639610328374836e+00,-5.733776377010282310e-01,3.143860802003301647e+00
-2.024124628657235192e+00,-5.886539521942946163e-01,3.046300743545105494e+00
-1.987781412028281292e+00,-6.038443795984598239e-01,3.069304983051638125e+00
-1.952523275075555897e+00,-6.177797584344675297e-01,2.968844674754481439e+00
-1.916113333189689127e+00,-6.313175038665727046e-01,2.862256889702354812e+00
-1.877867763300548054e+00,-6.444935217516825077e-01,2.932069302384769482e+00
-1.843746085665403101e+00,-6.556765357852794018e-01,2.886365573140261986e+00
-1.804485683690297826e+00,-6.675474512894465917e-01,2.956562946960770599e+00
-1.769546386475504773e+00,-6.773939974123160956e-01,3.017327803033531541e+00
-1.730012686353717521e+00,-6.877039178950701270e-01,3.084287029415247794e+00
-1.695470242726610843e+00,-6.960062544701979270e-01,3.017279249244203765e+00
-1.656501660815081101e+00,-7.047861522527447686e-01,2.909441057548940890e+00
-1.618713099660722410e+00,-7.123843277319108491e-01,2.974944713429209742e+00
-1.582646500096695164e+00,-7.190546858006985342e-01,3.035964170866536360e+00
-1.544608502376724424e+00,-7.254312503716817684e-01,3.098833026213676956e+00
-1.506640525653735851e+00,-7.311092132927301535e-01,3.160168983196824044e+00
-1.470746417745518952e+00,-7.358621774313129915e-01,3.117166437826859315e+00
-1.432883977455102764e+00,-7.411264997115269981e-01,3.017465833090353211e+00
-1.395191557339968913e+00,-7.455657384496464646e-01,3.050849512223209548e+00
-1.358920958264034695e+00,-7.491043124008796017e-01,3.110001731904846967e+00
-1.321816717249168827e+00,-7.521305891640130969e-01,3.169287818261495637e+00
-1.284329713232580383e+00,-7.544895621773873851e-01,3.147890942436483819e+00
-1.247385650938168222e+00,-7.561175802667369217e-01,3.206090539069215151e+00
-1.211544190144843602e+00,-7.571546436355551801e-01,3.261530493043078849e+00
-1.173927667984490553e+00,-7.576920262968411812e-01,3.192321342236961623e+00
-1.138544845537182049e+00,-7.575637863084860868e-01,3.247267482130890670e+00
-1.101859561250680741e+00,-7.570419125914580327e-01,3.303276564500346790e+00
-1.065347996245860962e+00,-7.559658333858212398e-01,3.358111113373765111e+00
-1.028856361799296515e+00,-7.543707846599001510e-01,3.412063162611283840e+00
-9.940648973649325315e-01,-7.523895684338053336e-01,3.462752275263108803e+00
-9.579331951884246799e-01,-7.499893632752874240e-01,3.500000000000000000e+00
-9.233493094382621003e-01,-7.472904255605429258e-01,3.500000000000000000e+00
-8.872012926556124279e-01,-7.441850838820481817e-01,3.500000000000000000e+00
-8.523334204984043261e-01,-7.407468996510651049e-01,3.500000000000000000e+00
-8.177499181837444286e-01,-7.370901411881749521e-01,3.500000000000000000e+00
-7.823998338494105864e-01,-7.330867434044190389e-01,3.500000000000000000e+00
-7.473638767007561023e-01,-7.288094548304272502e-01,3.500000000000000000e+00
-7.130521725494493035e-01,-7.243272820096094966e-01,3.500000000000000000e+00
-6.798852568765717530e-01,-7.198067985317611051e-01,3.500000000000000000e+00
-6.453049715263293740e-01,-7.150737551940102854e-01,3.500000000000000000e+00
-6.105655977397517198e-01,-7.100534485109935012e-01,3.500000000000000000e+00
-5.775591847893674080e-01,-7.051315308902814660e-01,3.478055688985933536e+00
-5.434959261394868291e-01,-6.999960490390253476e-01,3.397896424342124355e+00
-5.108380332796440548e-01,-6.949971370539507198e-01,3.319199879245534390e+00
-4.760617482162349257e-01,-6.896803864832873332e-01,3.233295849970271529e+00
-4.437412660445533841e-01,-6.845920999130958862e-01,3.151302124340473299e+00
-4.108781434829189561e-01,-6.795367693859099001e-01,3.065731593896823703e+00
-3.771726860949834448e-01,-6.743869149220301784e-01,2.975426765222649816e+00
-3.438877425812835731e-01,-6.692758640626099709e-01,2.883463771795728992e+00
-3.115802039446133875e-01,-6.643887190116646302e-01,2.791336946452211532e+00
-2.793354347204832777e-01,-6.596722668599301898e-01,2.696322650237050755e+00
-2.463684901899409474e-01,-6.550014057104450726e-01,2.595653437665115248e+00
-2.136470422245902168e-01,-6.495389864774757660e-01,2.658789069549482242e+00
-1.815235788693651542e-01,-6.441613523722086176e-01,2.719349934651559497e+00
-1.497385457356879279e-01,-6.388863572767439214e-01,2.777960010085636977e+00
-1.178311913031175051e-01,-6.336708311538260530e-01,2.835554596884918954e+00
-8.567807220643029742e-02,-6.284797498476664135e-01,2.892415007304055319e+00
-5.352204047045866497e-02,-6.233427642594455698e-01,2.948169305900842918e+00
-2.154674530339407285e-02,-6.182988988340560876e-01,3.002567056013602631e+00
9.644526831564047276e-03,-6.134936854642127901e-01,3.054668772645778851e+00
4.052816663021074906e-02,-6.089339545874346005e-01,3.105347904433388706e+00
7.200953484898002521e-02,-6.044764766738022210e-01,3.156127266671354015e+00
1.039064810512171921e-01,-6.001043247246167223e-01,3.206725950460049379e+00
1.355156261116043925e-01,-5.959050943570772807e-01,3.181589975534883763e+00
1.660125334959032251e-01,-5.920873939154298604e-01,3.103345907397017989e+00
1.965678191913443063e-01,-5.885511053314751440e-01,3.023013064366331104e+00
2.279011898685451287e-01,-5.851729342268702228e-01,2.938429642832761868e+00
2.587179023265619993e-01,-5.820846451615069306e-01,2.852863756842806353e+00
2.885928065716866775e-01,-5.785236681297381001e-01,2.905115393280223834e+00
3.193449015593441409e-01,-5.750065983078189724e-01,2.957908225997974316e+00
3.496134811277640253e-01,-5.716698407385474301e-01,3.008943420533707780e+00
3.786925395365004499e-01,-5.686881966801307087e-01,3.057131943712415811e+00
4.097710284192436769e-01,-5.656894397987369816e-01,3.107777985215576244e+00
4.395915122899232141e-01,-5.629325149547452778e-01,3.155591946184957752e+00
4.678034695668351617e-01,-5.606061009443277232e-01,3.200130885146337700e+00
4.983789495500914324e-01,-5.583445258865517014e-01,3.247680364516372986e+00
5.276025387870899586e-01,-5.563474057729381750e-01,3.240120533630962196e+00
5.552266581669985657e-01,-5.548079705837998254e-01,3.171073852503158097e+00
5.854123632627346030e-01,-5.533919652821869262e-01,3.093898348741146442e+00
6.137371389392041188e-01,-5.523338648410278662e-01,3.019717616023373630e+00
6.411839914593555623e-01,-5.516169997085017540e-01,2.946081309018116823e+00
6.696391070243729038e-01,-5.513322352096102774e-01,2.993987388674080208e+00
6.977208097109219853e-01,-5.513038118134141463e-01,3.040522595583056820e+00
7.252409639557167997e-01,-5.516726284529193114e-01,3.085450357634214047e+00
7.525194191462035720e-01,-5.524298888240709582e-01,3.066751667265408710e+00
7.802688520813910733e-01,-5.536054111018362534e-01,2.993422232196868649e+00
8.061387859499562492e-01,-5.550897842882204225e-01,3.036396137383654104e+00
8.354625447420238604e-01,-5.572105467539930634e-01,3.084429442088471252e+00
8.613341759517320062e-01,-5.594410313925919365e-01,3.061942553832485370e+00
8.895303622912883457e-01,-5.622838156184405412e-01,3.107874436498898163e+00
9.177644331804252209e-01,-5.654806555442934979e-01,3.153256775194641204e+00
9.441143532869806787e-01,-5.688197805015554609e-01,3.149808491045005265e+00
9.740427551108506998e-01,-5.729918011288124280e-01,3.072101698848718865e+00
1.000730580119173929e+00,-5.769852830904169672e-01,3.001008086758905069e+00
1.028313991368931202e+00,-5.815439091202377897e-01,3.047232387554866584e+00
1.057280235333788898e+00,-5.866381351053787663e-01,3.095114392047526586e+00
1.085520512399455573e+00,-5.918541216305007735e-01,3.141164186292705551e+00
1.114439086624013031e+00,-5.975223955273805121e-01,3.187726614634862621e+00
1.143073914882849706e+00,-6.033457449108829973e-01,3.233235317490762206e+00
1.171403685091630287e+00,-6.094107597719495839e-01,3.277732107862254551e+00
1.200818128989889821e+00,-6.159519029240128063e-01,3.323380432812850227e+00
1.228916343666816235e+00,-6.224199999201063260e-01,3.366480091263297503e+00
1.258255392062142208e+00,-6.294642297943577880e-01,3.410999371812749814e+00
1.288934955375183211e+00,-6.369378876607412199e-01,3.456976166925432192e+00
1.317609993111031441e+00,-6.440380292574048315e-01,3.499441965449546998e+00
1.346580364789562889e+00,-6.515035435006771847e-01,3.500000000000000000e+00
1.377450197951644029e+00,-6.595444376200717551e-01,3.459640923370630450e+00
1.407664632710625474e+00,-6.674766958377255088e-01,3.386635817412599447e+00
1.437700251124997441e+00,-6.754636674418454945e-01,3.312405697728804110e+00
1.467923050333679758e+00,-6.835994070897879471e-01,3.235931473807126313e+00
1.498260571259145024e+00,-6.918431514015195294e-01,3.157253623722625857e+00
1.528719873685137509e+00,-7.001895090229326435e-01,3.076188616026260814e+00
1.559829098544703641e+00,-7.087413071725137126e-01,2.991107561658278957e+00
1.591319674002152684e+00,-7.173597149167625364e-01,2.902472446590547595e+00
1.622446452006478079e+00,-7.258482356767468335e-01,2.812139902904490008e+00
1.653598186046799201e+00,-7.343405432570240254e-01,2.718733931799081738e+00
1.685076574403709504e+00,-7.436713904151275312e-01,2.778459327645190768e+00
1.717269446679516864e+00,-7.529282654187945401e-01,2.838099625119128611e+00
1.748772716692938101e+00,-7.625056744982523504e-01,2.895527377227453680e+00
1.779828190699764390e+00,-7.716286713543047959e-01,2.950890770294381404e+00
1.812511693011204184e+00,-7.807717308112158694e-01,3.007846262646026059e+00
1.845442763285140009e+00,-7.894862382751490770e-01,3.063949297034189279e+00
1.876905727279440494e+00,-7.974336374202869449e-01,3.116455859059299449e+00
1.909987850236044116e+00,-8.054588937622856326e-01,3.170601406413007695e+00
1.943537875148569016e+00,-8.130818856788756266e-01,3.224401456668945620e+00
1.976451858241452531e+00,-8.201625420992597615e-01,3.276192091213495416e+00
2.010373564895325149e+00,-8.270291181793634205e-01,3.328593054409894503e+00
2.043499113701020775e+00,-8.340744619297221218e-01,3.324503381084872089e+00
2.076878810862222480e+00,-8.406496653526394081e-01,3.241602166324642820e+00
2.110996957556130482e+00,-8.467929432952948643e-01,3.293438992854637704e+00
2.143876159939397397e+00,-8.522012702885108926e-01,3.211479986109722518e+00
2.178893062131112224e+00,-8.575072273688519875e-01,3.122008626001124831e+00
2.213458111623114011e+00,-8.621089348571060462e-01,3.177363383359720128e+00
2.245997736540171985e+00,-8.659257823867035908e-01,3.228508203964240764e+00
2.279810255032248101e+00,-8.696366724214309452e-01,3.280765252975748947e+00
2.314574372589616402e+00,-8.730449148654084723e-01,3.235327956500453794e+00
2.347291323091543092e+00,-8.757187051957688873e-01,3.285666941345814607e+00
2.381577549976703345e+00,-8.783885401009177141e-01,3.337590063871591628e+00
2.415295743258869088e+00,-8.805474911417046080e-01,3.387828189345001295e+00
2.448133580334377779e+00,-8.823923580910997266e-01,3.436026198471918036e+00
2.482831859416531728e+00,-8.841881787763472555e-01,3.486219045475126510e+00
2.515451407345146606e+00,-8.854462163839305067e-01,3.500000000000000000e+00
2.548859293849217611e+00,-8.866781506885518249e-01,3.500000000000000000e+00
2.582632922922398766e+00,-8.877529388957187129e-01,3.500000000000000000e+00
2.615759881497282890e+00,-8.885660498943422914e-01,3.500000000000000000e+00
2.648567515819088669e+00,-8.892708741112442805e-01,3.500000000000000000e+00
2.682165582334568477e+00,-8.899712771996614036e-01,3.500000000000000000e+00
2.715137933276188686e+00,-8.904993314371888458e-01,3.500000000000000000e+00
2.747817184115665334e+00,-8.909836949174539944e-01,3.500000000000000000e+00
2.780753701079202056e+00,-8.915141244012079191e-01,3.500000000000000000e+00
2.814179980644904600e+00,-8.920734791487159310e-01,3.500000000000000000e+00
2.847233710942690177e+00,-8.925728888450596976e-01,3.500000000000000000e+00
2.879621130304931054e+00,-8.930652133999757991e-01,3.500000000000000000e+00
2.911908347461682034e+00,-8.937021775459319528e-01,3.500000000000000000e+00
2.945323880783802473e+00,-8.945478548284995224e-01,3.500000000000000000e+00
2.978139645673862468e+00,-8.953792387058394642e-01,3.500000000000000000e+00
3.010377335625399109e+00,-8.963278829820272575e-01,3.500000000000000000e+00
3.042908151220593549e+00,-8.975052684707218731e-01,3.500000000000000000e+00
3.075213238418011308e+00,-8.988636989550816692e-01,3.500000000000000000e+00
3.107358043662498570e+00,-9.004658132317681085e-01,3.500000000000000000e+00
3.139940328541283243e+00,-9.023644923195438539e-01,3.500000000000000000e+00
3.172512056723875151e+00,-9.044893626860323055e-01,3.431398050426104351e+00
3.204740479440942647e+00,-9.068562464684116753e-01,3.355212225595042952e+00
3.236763175538729165e+00,-9.095326368916660797e-01,3.277697295078143558e+00
3.268664650184124110e+00,-9.125644908779475539e-01,3.198527163183568778e+00
3.300708589623523537e+00,-9.159911717961364275e-01,3.116881423088047054e+00
3.332884553494167790e+00,-9.198031097211298857e-01,3.032578790641087707e+00
3.364931718383874060e+00,-9.230634758797806594e-01,2.946376202816151313e+00
3.396723675261689390e+00,-9.265691070803235840e-01,2.858212429885466754e+00
3.428550319438612437e+00,-9.294494935436661276e-01,2.913579497273592889e+00
3.460385233886245526e+00,-9.324715205904081650e-01,2.967949762121822932e+00
3.492207142133143982e+00,-9.356379961818594992e-01,3.021343477888156048e+00
3.524061801979124553e+00,-9.389585921059797613e-01,3.073888264494534894e+00
3.556059137286808447e+00,-9.424358874510038175e-01,3.062553685644254120e+00
3.587980816981124033e+00,-9.460432491310951653e-01,2.977454836235091662e+00
3.619685412233395017e+00,-9.497944120643222465e-01,2.890402313651237343e+00
3.651216313289626925e+00,-9.537235480501642382e-01,2.801076446557642097e+00
3.682570645068605764e+00,-9.578559578078819081e-01,2.709247421886388452e+00
3.713940787204462968e+00,-9.613054436978558659e-01,2.766877998200993449e+00
3.745964473473322620e+00,-9.648699447497083304e-01,2.824504984066527502e+00
3.777767822331719039e+00,-9.683950697887491188e-01,2.880591879656403620e+00
3.808649076156226609e+00,-9.719127793997310860e-01,2.934044850414921690e+00
3.840160018890893756e+00,-9.756113603208602658e-01,2.987623099053931863e+00
3.871757913106470106e+00,-9.793602570462516255e-01,3.040408997293704285e+00
3.903290758843697805e+00,-9.831594955071700781e-01,3.092199191518189672e+00
3.935067488592483009e+00,-9.870158520143885728e-01,3.143532182257953167e+00
3.965409147500980058e+00,-9.907963654802822706e-01,3.191795313526955447e+00
3.996724625839024103e+00,-9.948902423664743866e-01,3.240891348949602513e+00
4.028835905572702103e+00,-9.990546623008037530e-01,3.290467843916660584e+00
4.058908984760792649e+00,-1.003083299600086686e+00,3.336254762166096732e+00
4.090514312373884742e+00,-1.007471077334080700e+00,3.383737631804028645e+00
4.121645807076464330e+00,-1.011827066573362854e+00,3.429872889101304612e+00
4.152328660920296066e+00,-1.016260996462889032e+00,3.474772470416934933e+00
4.183443437585678382e+00,-1.020885010518629121e+00,3.500000000000000000e+00
4.214784299632759357e+00,-1.025602383535107132e+00,3.500000000000000000e+00
4.244910779589559091e+00,-1.030279050531322627e+00,3.500000000000000000e+00
4.275552930069074442e+00,-1.035231103017504983e+00,3.500000000000000000e+00
4.306316970105593889e+00,-1.040330742318815282e+00,3.500000000000000000e+00
4.336842113634533646e+00,-1.045530725696883323e+00,3.500000000000000000e+00
4.367441814681517265e+00,-1.050901148748489833e+00,3.500000000000000000e+00
4.398022386732307609e+00,-1.056399446874927817e+00,3.500000000000000000e+00
4.428353401642871390e+00,-1.062021072189713200e+00,3.500000000000000000e+00
4.458699175180217189e+00,-1.067796571666504102e+00,3.500000000000000000e+00
4.488212375019499767e+00,-1.073641913026562422e+00,3.500000000000000000e+00
4.518502167463056551e+00,-1.079858850999192432e+00,3.500000000000000000e+00
4.548792161334425543e+00,-1.086219597592918307e+00,3.500000000000000000e+00
4.577951341616102177e+00,-1.092574831054281104e+00,3.500000000000000000e+00
4.607899479422388644e+00,-1.099354487963412064e+00,3.500000000000000000e+00
4.637698536963370977e+00,-1.106281880794962813e+00,3.500000000000000000e+00
4.666687523284194228e+00,-1.113276449837154125e+00,3.500000000000000000e+00
4.696261996633388058e+00,-1.120676769556627983e+00,3.500000000000000000e+00
4.725615147617467926e+00,-1.128237176653392959e+00,3.500000000000000000e+00
4.754165537581283019e+00,-1.135875372291381025e+00,3.500000000000000000e+00
4.782709312215152941e+00,-1.143848898071281539e+00,3.441573274596623211e+00
4.811704839055094496e+00,-1.152232731110012010e+00,3.370681597459441736e+00
4.840175826755075406e+00,-1.160734663579003012e+00,3.299406262565010461e+00
4.867926958161847395e+00,-1.169380792963379045e+00,3.228159280302422385e+00
4.895950100592300736e+00,-1.178489711561627740e+00,3.154290711068120423e+00
4.924386050929741465e+00,-1.188040965462044962e+00,3.077270754965877764e+00
4.951629931942583163e+00,-1.197518123195985495e+00,3.001345047984639969e+00
4.978328269867032141e+00,-1.207283921709812358e+00,2.972242944791934960e+00
5.005794958568542619e+00,-1.217696267713940017e+00,2.892100104890702017e+00
5.032318791476201980e+00,-1.228205502302812668e+00,2.812074662477693998e+00
5.059053302782888117e+00,-1.239204145569460236e+00,2.728594347165972156e+00
5.083889540685928132e+00,-1.249972017611488129e+00,2.777755798158433986e+00
5.110479276247937186e+00,-1.261941532849326419e+00,2.730255422674633170e+00
5.135714539343021023e+00,-1.273838778239547942e+00,2.647245391704270201e+00
5.160209660875464621e+00,-1.285912287895653705e+00,2.563389244299887348e+00
5.184784766941454848e+00,-1.298671151896813480e+00,2.574162716557347963e+00
5.208695633375480583e+00,-1.311611239756675484e+00,2.488234153697875151e+00
5.232418320114224919e+00,-1.325132619780033716e+00,2.461634519774409835e+00
5.254522192688230398e+00,-1.338342603790249052e+00,2.376475870298000448e+00
5.278216900473582385e+00,-1.353276613874448975e+00,2.280242324324059489e+00
5.298633845151590194e+00,-1.366877258462906752e+00,2.215837834262680328e+00
5.321246888179605783e+00,-1.382744727384670247e+00,2.113750567247303813e+00
5.341196612233417795e+00,-1.397471879435145503e+00,2.017719731861994603e+00
5.360933376419785290e+00,-1.412998316967817303e+00,2.079017179896588186e+00
5.380882518286058236e+00,-1.429581221935775526e+00,2.011835956064441433e+00
5.398851993650341186e+00,-1.445423175477186906e+00,1.914208642330128329e+00
5.416992325187913515e+00,-1.462524114104215789e+00,1.978255923122071547e+00
5.433926850802574648e+00,-1.479444451142581496e+00,1.887455672167356102e+00
5.450061724967743437e+00,-1.496679232840397500e+00,1.814455728092470910e+00
5.466906474617994505e+00,-1.516079453678675026e+00,1.850436215073912427e+00
5.480716701808763247e+00,-1.533149748588896077e+00,1.791710659869652167e+00
5.495008222539162546e+00,-1.552062023236968624e+00,1.682542387800475048e+00
5.507758734623511288e+00,-1.570444637908158025e+00,1.747760448110839082e+00
5.521240957278980233e+00,-1.591264304588175582e+00,1.631141186564202261e+00
5.532119594633085669e+00,-1.609781172016156336e+00,1.695695049085665707e+00
5.543436880750435058e+00,-1.630635169375584725e+00,1.762242832386459179e+00
5.553589711935750017e+00,-1.651143350790086561e+00,1.760020013121327942e+00
5.563305368453008271e+00,-1.672778516586768349e+00,1.686013552502640067e+00
5.571247677687502176e+00,-1.692519845685984237e+00,1.747979621978319020e+00
5.579715379595507230e+00,-1.715711769524534303e+00,1.653663592884907274e+00
5.586780120296867658e+00,-1.738068914781405239e+00,1.723099328077516867e+00
5.593015849680571527e+00,-1.759972128539796898e+00,1.787961662714015132e+00
5.598885059632991990e+00,-1.783748014663781412e+00,1.853422754945593720e+00
5.603919557332690538e+00,-1.807803852015470669e+00,1.887940873309288836e+00
5.607835689322127948e+00,-1.830198223575308925e+00,1.947219239580711303e+00
5.611632195749105989e+00,-1.856121409058506977e+00,1.860059766845059581e+00
5.614298702011782716e+00,-1.880548984148982194e+00,1.924980299151312302e+00
5.616464438285360572e+00,-1.905940437841122215e+00,1.990071766498137995e+00
5.617800232036704422e+00,-1.930628644034713126e+00,2.051250547747037078e+00
5.618556057578343754e+00,-1.956784757274868225e+00,2.090244840203114407e+00
5.618542401298491917e+00,-1.982047841521372700e+00,2.149826591000111087e+00
5.617916805321486962e+00,-2.008096761567229382e+00,2.209596950391533365e+00
5.616583715040985858e+00,-2.034898493961926125e+00,2.215318204413156522e+00
5.614692836905542883e+00,-2.059715078345237593e+00,2.263069855339522984e+00
5.611997162925548288e+00,-2.086256079871514846e+00,2.223237084104027428e+00
5.608667155747002475e+00,-2.112146645308086601e+00,2.240156347188090535e+00
5.604847404271248834e+00,-2.136855408006661072e+00,2.208142958591075899e+00
5.600260700765896438e+00,-2.162254188345798855e+00,2.112567534853132756e+00
5.594884036152993012e+00,-2.187764428043470488e+00,2.103851204423039523e+00
5.589239789093027433e+00,-2.211619253242799843e+00,2.008475633600973698e+00
5.582454858926627850e+00,-2.236753522078755552e+00,2.072272643297253136e+00
5.575395828255931718e+00,-2.260337628068777249e+00,2.045418795850924010e+00
5.567480216027599127e+00,-2.284179869356607551e+00,1.948117558176200248e+00
5.559133526554841609e+00,-2.306931065358655886e+00,1.845919522219506392e+00
5.550213158502681488e+00,-2.328834007952945928e+00,1.856898247418877990e+00
5.540380415201234143e+00,-2.350773447781284720e+00,1.781617216304612006e+00
5.530332405203978396e+00,-2.371342923036058092e+00,1.675673047976384389e+00
5.519368528536781504e+00,-2.391637287887536711e+00,1.695602801842542640e+00
5.508361238616290123e+00,-2.410244959256456987e+00,1.624724033928614864e+00
5.496880605203074310e+00,-2.428067082100594742e+00,1.516750086728260394e+00
5.483449230653314466e+00,-2.446864206877938486e+00,1.450448450529691957e+00
5.470873877071393387e+00,-2.462675694524155912e+00,1.476244584587249831e+00
5.458557464266847070e+00,-2.476815732945207404e+00,1.375448673253140131e+00
5.445124400450404245e+00,-2.490819675295321556e+00,1.257528360282272217e+00
5.430645536250298555e+00,-2.504157293036998855e+00,1.254149170747696607e+00
5.416993894940615561e+00,-2.515311907683838388e+00,1.271699427760337064e+00
5.402608237843775640e+00,-2.525807051898841138e+00,1.162561411799769351e+00
5.389408422055223191e+00,-2.534237372632054175e+00,1.137132181103372552e+00
5.373979791799368577e+00,-2.542746602990320071e+00,1.212132586313588778e+00
5.357313341045732535e+00,-2.550870824427909689e+00,1.240466799561933398e+00
5.339325033833302925e+00,-2.558303095259880422e+00,1.316582817540344008e+00
5.319949298640063162e+00,-2.565048900749997252e+00,1.392319965019938266e+00
5.299814402759187359e+00,-2.571170364308096978e+00,1.465947999168546678e+00
5.278270515126756379e+00,-2.576626640885148145e+00,1.539884543557009655e+00
5.257121969667262640e+00,-2.581181087006829245e+00,1.608595162867959338e+00
5.233167566261353265e+00,-2.585409509480232071e+00,1.682505810612889618e+00
5.209741519326223980e+00,-2.588770954377448419e+00,1.751423901427070717e+00
5.183230190270474047e+00,-2.591752700674113452e+00,1.825998493500150310e+00
5.157871302823996196e+00,-2.593879108925156274e+00,1.894399465587590647e+00
5.132406140694675933e+00,-2.595330469909805426e+00,1.960564769496857540e+00
5.105004044919430051e+00,-2.596392741250728164e+00,2.029295689698374261e+00
5.077359346800143669e+00,-2.596805616083602608e+00,2.096310761128914457e+00
5.049678417567051270e+00,-2.597530514177007088e+00,2.161347496383771549e+00
5.021726004655931774e+00,-2.597531073183986461e+00,2.225072387427314613e+00
4.992610652883638700e+00,-2.596961450141736627e+00,2.289575585827418269e+00
4.964558119919671775e+00,-2.595846914492111246e+00,2.350085745191516917e+00
4.934719577126869261e+00,-2.594115035409308767e+00,2.412838705949924556e+00
4.905529244675149947e+00,-2.591998084124764734e+00,2.472743530996483585e+00
4.875805674439344095e+00,-2.589342729188571557e+00,2.532366481368898192e+00
4.846340014477397595e+00,-2.586338583944235658e+00,2.590186105534805439e+00
4.815915886923849420e+00,-2.582818819076020844e+00,2.648647688173524362e+00
4.786037599014684396e+00,-2.579069011894564500e+00,2.704895805239913464e+00
4.755091850956140398e+00,-2.574856809471459229e+00,2.762023239516855799e+00
4.724886050505207713e+00,-2.570528063234903016e+00,2.816720849805249838e+00
4.694606279836570195e+00,-2.565846339908723017e+00,2.870594365687548777e+00
4.663240775315868447e+00,-2.561601712501764716e+00,2.925205310617384313e+00
4.632272540290094831e+00,-2.557086284049676195e+00,2.978218105360789014e+00
4.601481064432959123e+00,-2.553004867869525629e+00,3.029916009768523821e+00
4.569816989892927950e+00,-2.548338098642263461e+00,3.082280377464359677e+00
4.538001500169594138e+00,-2.543307904445510026e+00,3.134096229718729809e+00
4.506547430098162721e+00,-2.537980457545236046e+00,3.184584680344646479e+00
4.475055064521567871e+00,-2.532303696909969482e+00,3.234436389589922634e+00
4.443358104378217099e+00,-2.526293813801673060e+00,3.175344613192233378e+00
4.411089840420140185e+00,-2.519977168385890920e+00,3.091394848045889709e+00
4.378814373631905177e+00,-2.513509338531507709e+00,3.005003785590432575e+00
4.346731225923500475e+00,-2.506910492738009477e+00,2.916499936081954125e+00
4.314367159507039418e+00,-2.500145229268815328e+00,2.824350242395264221e+00
4.281536485893334465e+00,-2.493262705422720327e+00,2.727681243580057480e+00
4.248647269928665260e+00,-2.487137378116345499e+00,2.788331480693309050e+00
4.216087492134018788e+00,-2.480880031540570130e+00,2.847164976202630537e+00
4.183920717235099396e+00,-2.474475094167332134e+00,2.904191938281019514e+00
4.151516704671450064e+00,-2.467844231839399161e+00,2.960588752894099507e+00
4.117838836887130149e+00,-2.461029783276172278e+00,3.018060557853773140e+00
4.085500801354710276e+00,-2.454337790189797364e+00,3.072282777768511330e+00
4.053395609410936906e+00,-2.447543013683179502e+00,3.125233573982173940e+00
4.020609517475405070e+00,-2.440611711642430848e+00,3.178394634504299265e+00
3.987738093378302651e+00,-2.433704088108568531e+00,3.230802710449144133e+00
3.955475070813174288e+00,-2.426839099998970628e+00,3.281453832603918208e+00
3.922224313047472322e+00,-2.419935485330716674e+00,3.332797317273187065e+00
3.889973298872370755e+00,-2.413202785427852604e+00,3.381863499209626589e+00
3.857041387766337870e+00,-2.406457711553586787e+00,3.431203355036653857e+00
3.824150756449860467e+00,-2.399882291339129559e+00,3.479737217012256689e+00
3.792457269561456457e+00,-2.393458746548769778e+00,3.500000000000000000e+00
3.759288077770543524e+00,-2.387041657210219991e+00,3.500000000000000000e+00
3.725742895468151517e+00,-2.380854503866448812e+00,3.500000000000000000e+00
3.693391788127321718e+00,-2.374989337493600861e+00,3.500000000000000000e+00
3.661374889780160569e+00,-2.369274573089413582e+00,3.483473419287452799e+00
3.627629819486656526e+00,-2.363728842757635729e+00,3.500000000000000000e+00
3.595844094312226513e+00,-2.358588016339523197e+00,3.500000000000000000e+00
3.563019472978936175e+00,-2.353591678551150590e+00,3.500000000000000000e+00
3.529494471042271098e+00,-2.348951993898109158e+00,3.500000000000000000e+00
3.497800473589750769e+00,-2.344716971700883779e+00,3.494573135406728870e+00
3.464422825296627373e+00,-2.340712383368882321e+00,3.442731355174359908e+00
3.431273255288151969e+00,-2.336258639277889237e+00,3.490970262329311957e+00
3.399358214915429333e+00,-2.332067273291185572e+00,3.500000000000000000e+00
3.367165164976664737e+00,-2.328047671755981263e+00,3.500000000000000000e+00
3.334476904098118588e+00,-2.324247202290626646e+00,3.500000000000000000e+00
3.301538134635215282e+00,-2.320738741569249974e+00,3.500000000000000000e+00
3.269026394557619675e+00,-2.317554914999535587e+00,3.500000000000000000e+00
3.236906762200584264e+00,-2.314671457023486312e+00,3.433452494846942482e+00
3.204918883446321587e+00,-2.312066400508774322e+00,3.357840906948444282e+00
3.172246132806559871e+00,-2.309753427836704454e+00,3.278875304376573929e+00
3.139521762099835911e+00,-2.307823971569147314e+00,3.197893685082551229e+00
3.107496830512550545e+00,-2.306283227340085951e+00,3.116654046774822273e+00
3.075505015296563727e+00,-2.305084510124872921e+00,3.033365162193053521e+00
3.043224452162250238e+00,-2.304252172125049292e+00,2.946971926277675458e+00
3.010964214664242800e+00,-2.302905745196945908e+00,2.857976621589496169e+00
2.978834025792437501e+00,-2.301814727546454442e+00,2.766523280017001429e+00
2.946805270383103359e+00,-2.300053863167812906e+00,2.823901961528831439e+00
2.914825901237789285e+00,-2.298384718829323159e+00,2.880043625284165465e+00
2.883044856271308909e+00,-2.296808940849306424e+00,2.934766114540115822e+00
2.851432426323448510e+00,-2.295312932829334684e+00,2.988198492332897693e+00
2.819785378312113622e+00,-2.293890143345563182e+00,3.040743392236573417e+00
2.787990053743785612e+00,-2.292549188904253299e+00,2.988457035313661247e+00
2.756135332137609417e+00,-2.291314171459200466e+00,2.901864399653693027e+00
2.724797436129946071e+00,-2.290194582761482689e+00,2.814087910733948483e+00
2.693708332397561467e+00,-2.289147010425668149e+00,2.724221503365360952e+00
2.662433752247884478e+00,-2.288151793857268856e+00,2.630729218990798479e+00
2.630456236969296313e+00,-2.287234291335454195e+00,2.531577654709181946e+00
2.599031319628965608e+00,-2.285553350424727626e+00,2.592987436848037675e+00
2.567978694515360427e+00,-2.283808336727840782e+00,2.652282040195543811e+00
2.536835796388366759e+00,-2.281968559960976695e+00,2.710456042024596890e+00
2.505611679701546191e+00,-2.280044348590537062e+00,2.767563091628481242e+00
2.474841711424244028e+00,-2.278055160195854079e+00,2.822719868242099306e+00
2.443967939417452939e+00,-2.275940185960077411e+00,2.877013859335435964e+00
2.412960664251897924e+00,-2.273722879215412718e+00,2.930541464844590660e+00
2.382178437332964194e+00,-2.271410859760928602e+00,2.982744137793410744e+00
2.350422907134511963e+00,-2.268951421186520268e+00,3.035666133916936626e+00
2.319102569809097236e+00,-2.266492189948281055e+00,3.086978497524814902e+00
2.288197264652132912e+00,-2.263972175752051896e+00,3.136800121407019581e+00
2.257065732524096813e+00,-2.261344166336221040e+00,3.186210537339166482e+00
2.226005948239107468e+00,-2.258638972082880336e+00,3.234766029917872210e+00
2.194992951378635038e+00,-2.255848842122277986e+00,3.167560029018134937e+00
2.163665152032303585e+00,-2.252947568432224656e+00,3.087077394052612611e+00
2.131788597990330381e+00,-2.249962997204137949e+00,3.002963754340500113e+00
2.100425652288354872e+00,-2.246994432145029919e+00,2.917831617183356929e+00
2.069297963640324589e+00,-2.243974719330921186e+00,2.830787922990593675e+00
2.038091646835265003e+00,-2.240870402226243563e+00,2.740728882528138843e+00
2.006644363056730995e+00,-2.237681962162951343e+00,2.646858264463577193e+00
1.975318030001090852e+00,-2.235216151245704275e+00,2.705566663267430894e+00
1.943870499453304923e+00,-2.232508149139013298e+00,2.763282482027297871e+00
1.911638021819824784e+00,-2.229550495440805413e+00,2.821242453177227549e+00
1.880212111024729182e+00,-2.226524893321819576e+00,2.876651041073051474e+00
1.849341366268512532e+00,-2.223329231547641172e+00,2.930098682033534629e+00
1.817940702566317679e+00,-2.219864950640856538e+00,2.983519755102144178e+00
1.785898403558636938e+00,-2.216178988483987755e+00,3.037091735724957164e+00
1.753671556629568196e+00,-2.212379503235264888e+00,2.998332898209419284e+00
1.722347282709667970e+00,-2.208552606039921429e+00,2.912916986861332713e+00
1.691160615341599671e+00,-2.205327958274136524e+00,2.966245898266620884e+00
1.659761129512743461e+00,-2.201754457423426015e+00,3.019045627898933493e+00
1.627783944205713595e+00,-2.197840929217608874e+00,3.071936562103942059e+00
1.595665757284193464e+00,-2.193698214554779646e+00,3.124201785798117914e+00
1.564291827684183733e+00,-2.189407709007638481e+00,3.174475739478774372e+00
1.532957187786752273e+00,-2.184858070304872779e+00,3.223961588001040379e+00
1.501154813193048332e+00,-2.180033753164429822e+00,3.273467644699048495e+00
1.469125878556681641e+00,-2.175011687802951510e+00,3.322618410764460517e+00
1.436997006099268948e+00,-2.169835662590358982e+00,3.371234856953002623e+00
1.405222402069333132e+00,-2.164564046839677847e+00,3.418671349401505744e+00
1.373926639333502342e+00,-2.159184467321312084e+00,3.464803222827471885e+00
1.342531557658897867e+00,-2.153621996649372150e+00,3.500000000000000000e+00
1.310756809704047621e+00,-2.147884751813738280e+00,3.488662635126128286e+00
1.278707343077642777e+00,-2.142030001604174227e+00,3.413134839778668272e+00
1.246471044853576071e+00,-2.136101694303713661e+00,3.335424917731113492e+00
1.214660916894487519e+00,-2.130180504691917331e+00,3.256893455056451891e+00
1.183526934808148745e+00,-2.124250604074667148e+00,3.178090039160855085e+00
1.151644064448183125e+00,-2.118154916549146893e+00,3.095301370164253996e+00
1.118906371471826811e+00,-2.111984767805173746e+00,3.007966995840391178e+00
1.086883236120850471e+00,-2.105937284444739710e+00,2.920006662976736056e+00
1.055289150896180583e+00,-2.099927341103692946e+00,2.830524501163968587e+00
1.023390222476788347e+00,-2.093887163294896769e+00,2.737227947858060784e+00
9.913113807362969876e-01,-2.087865659349173342e+00,2.640111986301151514e+00
9.591552098200840648e-01,-2.081897664066747478e+00,2.539075931596501690e+00
9.270098299167636169e-01,-2.076769416418234648e+00,2.602388385075622868e+00
8.947676585936190641e-01,-2.071553330871012566e+00,2.664402187632413543e+00
8.623166710659909695e-01,-2.066274542239895595e+00,2.725401686215541464e+00
8.300267644796546218e-01,-2.060994394216739689e+00,2.784780434718924891e+00
7.975793775803029506e-01,-2.055691308541777396e+00,2.843199072712266240e+00
7.648214855658940214e-01,-2.050398580951876326e+00,2.900966752474018140e+00
7.328703273272381136e-01,-2.045228496900067583e+00,2.956226575282670854e+00
7.008346035883875613e-01,-2.040061656351443986e+00,3.010610019364485357e+00
6.680569752226410696e-01,-2.034901408626736963e+00,3.065222023211161773e+00
6.352558696506522828e-01,-2.029868037544418247e+00,3.118883858466682035e+00
6.024513088036902442e-01,-2.024979807316014124e+00,3.171609075590395843e+00
5.695572345984717400e-01,-2.020249391720630783e+00,3.223573919022085565e+00
5.365355888706340171e-01,-2.015703547398783435e+00,3.274867866972946739e+00
5.042090365688216558e-01,-2.011412449789061085e+00,3.324283483868664568e+00
4.716816703156181401e-01,-2.007276010501589880e+00,3.282741881996077637e+00
4.383492546445814653e-01,-2.003321929800280454e+00,3.199896291731767928e+00
4.052998772366863123e-01,-1.999675109339215107e+00,3.115659917864567419e+00
3.718932377009424584e-01,-1.996297504798537847e+00,3.028218201295683976e+00
3.389230932627870230e-01,-1.992356434970881551e+00,3.082556412088282016e+00
3.066078054918525697e-01,-1.988574853263463504e+00,3.134886284810110002e+00
2.731002299503458852e-01,-1.984862658131358426e+00,3.188202912758688168e+00
2.397556597680432222e-01,-1.981380799218273925e+00,3.160574931101013618e+00
2.061852684369041011e-01,-1.978099504461988234e+00,3.074011698988607044e+00
1.727554720596233828e-01,-1.975081631473931010e+00,2.985380394434403506e+00
1.404898686239675065e-01,-1.972315104428188359e+00,2.897300856383020484e+00
1.056400177286231645e-01,-1.969655765653275381e+00,2.799130856884721297e+00
7.204257145144192520e-02,-1.967428963159532529e+00,2.701183997222077693e+00
3.989199719822142387e-02,-1.964567145088232047e+00,2.760284751791932667e+00
6.773413710449269556e-03,-1.961697533071772748e+00,2.819857909811386953e+00
-2.846722903258245077e-02,-1.958943455137255762e+00,2.881853498222143095e+00
-6.085463199935596534e-02,-1.956478292157750154e+00,2.937667516548015278e+00
-9.556616151490342215e-02,-1.954036372406916966e+00,2.996308329484092869e+00
-1.296067687620758579e-01,-1.951884892829583773e+00,3.052695350585098222e+00
-1.623657225669795645e-01,-1.949883202170784369e+00,3.105986063151243481e+00
-1.966731944534904630e-01,-1.948011368909184471e+00,3.160812301420003134e+00
-2.308346463014946393e-01,-1.946377879361167018e+00,3.214457845593779783e+00
-2.634049798252144914e-01,-1.944930893181575193e+00,3.264776231322514377e+00
-2.987489641546067221e-01,-1.943628932269822140e+00,3.318500173764752148e+00
-3.324183554188068768e-01,-1.942660995673231250e+00,3.368868715114103463e+00
-3.661804146882696731e-01,-1.941838004099589954e+00,3.418625060549097316e+00
-4.016171404989358207e-01,-1.941349062271197079e+00,3.470071799291590153e+00
-4.342927973632554339e-01,-1.941067941110301120e+00,3.500000000000000000e+00
-4.688446068088466534e-01,-1.941015714156049121e+00,3.500000000000000000e+00
-5.031304847459607821e-01,-1.941255211162991934e+00,3.500000000000000000e+00
-5.375052088837790620e-01,-1.941779177770221132e+00,3.437708117179858025e+00
-5.717538776510473486e-01,-1.942595239360961124e+00,3.357037810747326212e+00
-6.064296684260823689e-01,-1.943726660191033240e+00,3.273315590645894169e+00
-6.401672932455838572e-01,-1.945149809356595538e+00,3.189719879927490176e+00
-6.737643144533037587e-01,-1.946789157810112414e+00,3.104210209468852177e+00
-7.097735472941488766e-01,-1.948915353322492994e+00,3.009812258086989711e+00
-7.439230397262562855e-01,-1.951359451908364795e+00,2.917392728670385793e+00
-7.768510035001060521e-01,-1.953063579404644257e+00,2.973365205691222091e+00
-8.131291233445170352e-01,-1.955152832478193936e+00,3.033856118240242150e+00
-8.460930712008611909e-01,-1.957260300650657703e+00,3.087814019089605289e+00
-8.815742450290126042e-01,-1.959657893011167884e+00,3.144871428604364194e+00
-9.168179698479377304e-01,-1.962339853168500348e+00,3.200573781403644791e+00
-9.498316908436648109e-01,-1.965006565062043631e+00,3.251904829303557953e+00
-9.849907096611332236e-01,-1.967962629199798474e+00,3.305709561254364548e+00
-1.019782560875126975e+00,-1.971190726241269786e+00,3.358143619785503020e+00
-1.053375017468141994e+00,-1.974405775574636923e+00,3.408018214626988840e+00
-1.089567243431611931e+00,-1.978153916950136537e+00,3.460989173755621984e+00
-1.123528432150534773e+00,-1.981917094828163250e+00,3.500000000000000000e+00
-1.156887400764358587e+00,-1.985707572925976327e+00,3.500000000000000000e+00
-1.193042194849610382e+00,-1.990077976135883109e+00,3.500000000000000000e+00
-1.227403106395633658e+00,-1.994491867732958612e+00,3.500000000000000000e+00
-1.262081014391514877e+00,-1.999164785343367612e+00,3.500000000000000000e+00
-1.294902445257204437e+00,-2.003717130811564662e+00,3.500000000000000000e+00
-1.331000832727625038e+00,-2.008940041262388121e+00,3.500000000000000000e+00
-1.365307135572584096e+00,-2.014189856994103689e+00,3.500000000000000000e+00
-1.401455253019831204e+00,-2.019999546942668811e+00,3.500000000000000000e+00
-1.434496048321487471e+00,-2.025557608594810599e+00,3.500000000000000000e+00
-1.468862806396768361e+00,-2.031462850414167853e+00,3.500000000000000000e+00
-1.502835619575289217e+00,-2.037521957651122761e+00,3.500000000000000000e+00
-1.539150165359045586e+00,-2.044273299214363515e+00,3.500000000000000000e+00
-1.572025730996396975e+00,-2.050674804734701873e+00,3.500000000000000000e+00
-1.607176449411918284e+00,-2.057643698958629752e+00,3.500000000000000000e+00
-1.642155875486908334e+00,-2.064942280276568454e+00,3.500000000000000000e+00
-1.676148142054337153e+00,-2.072250571391561103e+00,3.500000000000000000e+00
-1.710508228494886707e+00,-2.079873699253076857e+00,3.500000000000000000e+00
-1.744298083204338878e+00,-2.087596519092763003e+00,3.500000000000000000e+00
-1.779698983293953152e+00,-2.095940753964351977e+00,3.500000000000000000e+00
-1.813251862770515199e+00,-2.104175593477982442e+00,3.500000000000000000e+00
-1.847462351298871930e+00,-2.112709459241615573e+00,3.500000000000000000e+00
-1.881533535488938202e+00,-2.121548193500431445e+00,3.500000000000000000e+00
-1.914876663079705166e+00,-2.130334022966165808e+00,3.500000000000000000e+00
-1.950826811872691913e+00,-2.140169988121723321e+00,3.500000000000000000e+00
-1.984524488364054706e+00,-2.149741817288879364e+00,3.500000000000000000e+00
-2.017055562343379460e+00,-2.159120279074841164e+00,3.500000000000000000e+00
-2.051680885202675775e+00,-2.169346365578721958e+00,3.500000000000000000e+00
-2.086245557910817006e+00,-2.179916657061133467e+00,3.500000000000000000e+00
-2.119288294533345773e+00,-2.190275291689481207e+00,3.500000000000000000e+00
-2.152854258888987626e+00,-2.201010498036426011e+00,3.500000000000000000e+00
-2.186202378393925283e+00,-2.211960482878904788e+00,3.500000000000000000e+00
-2.220116098569307361e+00,-2.223313653174417315e+00,3.500000000000000000e+00
-2.253943097486920788e+00,-2.235037869883444106e+00,3.500000000000000000e+00
-2.285993611955984051e+00,-2.246267271907018692e+00,3.500000000000000000e+00
-2.320391253248122787e+00,-2.258672036598061705e+00,3.500000000000000000e+00
-2.353686420660540346e+00,-2.270949506279198449e+00,3.500000000000000000e+00
-2.387157476022315539e+00,-2.283658785031865257e+00,3.500000000000000000e+00
-2.419000852612546382e+00,-2.295911434373561821e+00,3.500000000000000000e+00
-2.452702545005910562e+00,-2.309192046284254562e+00,3.500000000000000000e+00
-2.485165194023234214e+00,-2.322255028427024470e+00,3.500000000000000000e+00
-2.518691036842291897e+00,-2.336046142835755735e+00,3.500000000000000000e+00
-2.550836911419761766e+00,-2.349608188763836480e+00,3.500000000000000000e+00
-2.582261309564508611e+00,-2.362974128324709433e+00,3.452699735413892856e+00
-2.616266714116568970e+00,-2.377842369805440725e+00,3.365607685921571779e+00
-2.647696837358850086e+00,-2.391000363616085256e+00,3.415852376920022415e+00
-2.680628818473910435e+00,-2.405244279690508691e+00,3.467975152585194731e+00
-2.713728365465462034e+00,-2.420110277722253844e+00,3.445983526243082018e+00
-2.745829076587784634e+00,-2.434115416400776333e+00,3.363693946807952084e+00
-2.777767210705318401e+00,-2.448639361078503551e+00,3.279187343832668411e+00
-2.809237252951759523e+00,-2.463466631941439555e+00,3.193189647304809142e+00
-2.841492311500923851e+00,-2.479290845998475490e+00,3.101873313604042615e+00
-2.873203622606481211e+00,-2.494562446559958069e+00,3.009728559540220783e+00
-2.905300188879958334e+00,-2.510803744128942583e+00,3.020800992718104094e+00
-2.936181936860426056e+00,-2.527141866056038744e+00,2.926814216620058140e+00
-2.967083359460294112e+00,-2.543261681797070128e+00,2.829945241265194866e+00
-2.998755290976733434e+00,-2.560687066587852279e+00,2.884200152473658463e+00
-3.030000897618973621e+00,-2.578772571800224789e+00,2.823778527072269728e+00
-3.060178554438310883e+00,-2.597154318790981797e+00,2.821356527593037011e+00
-3.089498699283703687e+00,-2.614791801144686456e+00,2.722607697782268854e+00
-3.121473446323604239e+00,-2.635100924416708068e+00,2.636242935055980841e+00
-3.149187371279641212e+00,-2.653717595100328008e+00,2.698821848280426483e+00
-3.180187834586366336e+00,-2.675253990278237293e+00,2.679610474532379438e+00
-3.208947241648267390e+00,-2.695489706135941077e+00,2.572483219433017165e+00
-3.237321034646583051e+00,-2.716400599527201365e+00,2.460431051590554308e+00
-3.267031653523182921e+00,-2.739259383235551404e+00,2.335366229611061328e+00
-3.293241356527831343e+00,-2.760826654515593503e+00,2.383852221456138398e+00
-3.322447507577119818e+00,-2.784209587979796119e+00,2.254803177518541979e+00
-3.349353403126549722e+00,-2.807381699315207424e+00,2.332214664225851664e+00
-3.377363472106645670e+00,-2.832207578767508949e+00,2.333511348592815171e+00
-3.403177370538309265e+00,-2.856679702584682623e+00,2.408521879767032914e+00
-3.429819835334238398e+00,-2.882619444073768467e+00,2.484516692186502507e+00
-3.455814861747911415e+00,-2.908176300171503748e+00,2.556826786834123677e+00
-3.481096162888137613e+00,-2.934273348060292719e+00,2.626920020976297288e+00
-3.506000707607829003e+00,-2.961070974758008401e+00,2.556496002260280953e+00
-3.531763329129862239e+00,-2.989749865753379421e+00,2.432869365456037158e+00
-3.554988804518512069e+00,-3.017303039304711554e+00,2.505836046237553738e+00
-3.579209119067350731e+00,-3.045697069514019972e+00,2.579229075190081488e+00
-3.603211752966836823e+00,-3.075003050501552426e+00,2.562282529956193322e+00
-3.625771490751087622e+00,-3.104205578948053379e+00,2.633307415927720996e+00
-3.648692025667402916e+00,-3.134795052889112199e+00,2.704911641211028783e+00
-3.670069797230462783e+00,-3.164880023142447207e+00,2.772294239060157928e+00
-3.692234051282936136e+00,-3.196823197728727362e+00,2.782455747020730286e+00
-3.713241574212498897e+00,-3.227499052844780003e+00,2.673422164942441448e+00
-3.734757636206225584e+00,-3.259818168273835859e+00,2.554597512417164484e+00
-3.754715907134703823e+00,-3.291790754237569949e+00,2.627332129601870570e+00
-3.775291902948853640e+00,-3.325368120589213383e+00,2.559032944903326889e+00
-3.794238882313569317e+00,-3.358445419753202987e+00,2.632459789466904621e+00
-3.813314413389834900e+00,-3.392627912076651597e+00,2.620875876927101444e+00
-3.830589810671095830e+00,-3.425716327844116726e+00,2.691144249661061139e+00
-3.849913611923126755e+00,-3.461237645026522980e+00,2.648890151337504051e+00
-3.867402877279519480e+00,-3.495662244951007747e+00,2.588463459413060441e+00
-3.884896035447587437e+00,-3.531710214489383493e+00,2.461513898988814120e+00
-3.900618485040628691e+00,-3.566380347635666581e+00,2.334513669613579090e+00
-3.917231079026540108e+00,-3.604094058143264778e+00,2.188740886853215439e+00
-3.932612390820361625e+00,-3.641533338567631617e+00,2.035429939538170530e+00
-3.945729751218371106e+00,-3.678408554432699429e+00,2.129404416619041118e+00
-3.959019462688683433e+00,-3.718071902611571833e+00,2.225459276871761816e+00
-3.970583643907235505e+00,-3.756492768101665103e+00,2.158083231975940652e+00
-3.981125511268039929e+00,-3.798170075156724668e+00,2.255487072105911484e+00
-3.989664385473073338e+00,-3.838690165588485748e+00,2.180798353226693909e+00
-3.997968666501180657e+00,-3.880591394164309982e+00,2.018024331317979314e+00
-4.004213140515100910e+00,-3.922255211184807244e+00,1.843462897726448224e+00
-4.007893992191116972e+00,-3.964760666617152651e+00,1.955760923357690695e+00
-4.009553253985197685e+00,-4.007660380255229526e+00,1.949664404552353680e+00
-4.008996861385086596e+00,-4.051271950140532319e+00,1.761632591449918461e+00
-4.005351061188006767e+00,-4.094972558036544363e+00,1.871468914069267075e+00
-3.999209963333211881e+00,-4.137056294192150929e+00,1.981840148575160443e+00
-3.990524224161873690e+00,-4.180191757114486428e+00,1.841961918137655863e+00
-3.979686835549257395e+00,-4.222193244164621717e+00,1.642799410955905204e+00
-3.966272408024730911e+00,-4.261234427330050423e+00,1.763974131289608449e+00
-3.950920981903776052e+00,-4.299834586116881852e+00,1.878034289717227967e+00
-3.934472870899568431e+00,-4.335637330843593595e+00,1.931858763370452703e+00
-3.916245323433871661e+00,-4.371848715256331452e+00,1.755971262681520040e+00
-3.896697085704890817e+00,-4.405170981284412868e+00,1.862730484601368808e+00
-3.875957618350672096e+00,-4.437790061786070162e+00,1.963747597275358192e+00
-3.854541502571274592e+00,-4.469041975131034405e+00,2.057951018931202025e+00
-3.832891746601331029e+00,-4.498669476754852958e+00,2.002039437453938753e+00
-3.809579584961192200e+00,-4.527666040953782556e+00,2.092897043818998437e+00
-3.785702232662254030e+00,-4.555824540622161578e+00,2.179314174233678791e+00
-3.762276947796097559e+00,-4.582064546834089036e+00,2.258574871646920723e+00
-3.737932129179349694e+00,-4.608440838700487596e+00,2.287206395645085877e+00
-3.713540703790599640e+00,-4.633925238188210116e+00,2.160300229032000363e+00
-3.687863167153424993e+00,-4.658787242966233144e+00,2.241497742160525775e+00
-3.662840236903947666e+00,-4.682213605426664316e+00,2.316697288036809965e+00
-3.637281677097348620e+00,-4.705494765413325453e+00,2.390148645642798719e+00
-3.611185133258123514e+00,-4.728737426459114879e+00,2.287454405992449757e+00
-3.585678513022168890e+00,-4.751121302629025323e+00,2.165520239667645175e+00
-3.559018196320054006e+00,-4.772850999582475495e+00,2.243528166175591476e+00
-3.532387909561954586e+00,-4.794029826870703559e+00,2.318117928377073422e+00
-3.506063138815354918e+00,-4.814754279754755117e+00,2.389290170577217154e+00
-3.478715763590058963e+00,-4.835837042519143480e+00,2.460490488517556695e+00
-3.452450878557443481e+00,-4.855772822328010108e+00,2.417479876130600225e+00
-3.425228832699416248e+00,-4.876295002778871179e+00,2.301901856279482850e+00
-3.397860340990765060e+00,-4.895590663373516449e+00,2.373524557354189213e+00
-3.370455491066233211e+00,-4.914524714349597367e+00,2.442685820736577362e+00
-3.343015299532551055e+00,-4.933379276054106199e+00,2.509910205370748493e+00
-3.315211806408981499e+00,-4.952609546889018333e+00,2.576374980961988470e+00
-3.288155588153657494e+00,-4.971103290788975393e+00,2.639211285366237725e+00
-3.260130972936065685e+00,-4.989794660267436122e+00,2.702276109588044317e+00
-3.232398462814049189e+00,-5.007847193267880748e+00,2.762824987053717596e+00
-3.204380785135243492e+00,-5.025646110753689833e+00,2.822256967589138466e+00
-3.176239258417194122e+00,-5.043194994468117365e+00,2.880413707754536201e+00
-3.147819330701731477e+00,-5.060452924813905184e+00,2.937563277217416502e+00
-3.119628565169014767e+00,-5.077257486393706110e+00,2.992903596307641134e+00
-3.090880180440108482e+00,-5.094071919105901181e+00,3.048035054785623199e+00
-3.062202874420953957e+00,-5.110430870920933621e+00,3.101720435168326517e+00
-3.033425134007877055e+00,-5.126550438029421564e+00,3.154444154542133116e+00
-3.004592620090090982e+00,-5.142409351076680402e+00,3.206178421977283310e+00
-2.975278727806055290e+00,-5.158178271813993909e+00,3.257674151384859051e+00
-2.946188724995102870e+00,-5.173483443595077169e+00,3.307740453450506823e+00
-2.916771541416844471e+00,-5.188654653593265387e+00,3.357400151106622932e+00
-2.887610709653299690e+00,-5.203434175256792749e+00,3.405739136190415906e+00
-2.857986095458365128e+00,-5.218176051369519008e+00,3.453977119527286810e+00
-2.828484422493144024e+00,-5.232577081761412785e+00,3.500000000000000000e+00
-2.798498775917098058e+00,-5.246881118858495618e+00,3.500000000000000000e+00
-2.768926532482399949e+00,-5.260714808980779367e+00,3.500000000000000000e+00
-2.739042131147938708e+00,-5.274494814514076424e+00,3.500000000000000000e+00
-2.708762465235930339e+00,-5.288097230319284137e+00,3.500000000000000000e+00
-2.679050306040723584e+00,-5.301240984089827357e+00,3.500000000000000000e+00
-2.648521086543122571e+00,-5.314464022380537500e+00,3.500000000000000000e+00
-2.618317673887364805e+00,-5.327257433668362019e+00,3.500000000000000000e+00
-2.587612998065241143e+00,-5.339920680520297225e+00,3.500000000000000000e+00
-2.557647057370863397e+00,-5.352115302171080558e+00,3.500000000000000000e+00
-2.526578211136368157e+00,-5.364464187436889020e+00,3.500000000000000000e+00
-2.496027674350550285e+00,-5.376286179351000172e+00,3.500000000000000000e+00
-2.465274105179462438e+00,-5.387955607523763568e+00,3.500000000000000000e+00
-2.434465145185549240e+00,-5.399408699622208374e+00,3.500000000000000000e+00
-2.403372666025431315e+00,-5.410658539636001407e+00,3.500000000000000000e+00
-2.372627499688032326e+00,-5.421581642602946616e+00,3.500000000000000000e+00
-2.341213681422333437e+00,-5.432446433083510051e+00,3.500000000000000000e+00
-2.310141400704227799e+00,-5.442910134297473945e+00,3.500000000000000000e+00
-2.278924955849425338e+00,-5.453184700306176858e+00,3.500000000000000000e+00
-2.247738008863246151e+00,-5.463257867608427354e+00,3.500000000000000000e+00
-2.215956493520692128e+00,-5.473170950846490079e+00,3.500000000000000000e+00
-2.184929084890341766e+00,-5.482655484145136704e+00,3.500000000000000000e+00
-2.153038059710001395e+00,-5.492143300389261462e+00,3.500000000000000000e+00
-2.121466270598067361e+00,-5.501224614775702904e+00,3.500000000000000000e+00
-2.089935913159321146e+00,-5.510089961147553339e+00,3.500000000000000000e+00
-2.058250544176255303e+00,-5.518774577516934343e+00,3.500000000000000000e+00
-2.026525588151313784e+00,-5.527260703005543618e+00,3.500000000000000000e+00
-1.994309496834870243e+00,-5.535536598858239010e+00,3.500000000000000000e+00
-1.962869387152740064e+00,-5.543419081896670875e+00,3.500000000000000000e+00
-1.930656134365011489e+00,-5.551278103688139787e+00,3.500000000000000000e+00
-1.898677752094586779e+00,-5.558789930614158159e+00,3.500000000000000000e+00
-1.866676370060129875e+00,-5.566087844477788593e+00,3.500000000000000000e+00
-1.834635401528542431e+00,-5.573176048776217861e+00,3.500000000000000000e+00
-1.802547981480981498e+00,-5.580056416805085462e+00,3.500000000000000000e+00
-1.770394523961836164e+00,-5.586737209112402347e+00,3.500000000000000000e+00
-1.737906298105780234e+00,-5.593198993929894947e+00,3.500000000000000000e+00
-1.706048245471671887e+00,-5.599336557553664662e+00,3.500000000000000000e+00
-1.673388048867205935e+00,-5.605414881850944830e+00,3.500000000000000000e+00
-1.641512671903549103e+00,-5.611115913008954514e+00,3.500000000000000000e+00
-1.608821004939701593e+00,-5.616794628072259599e+00,3.500000000000000000e+00
-1.576520909974097329e+00,-5.622102332036504890e+00,3.500000000000000000e+00
-1.544044325997690148e+00,-5.627255214432244301e+00,3.500000000000000000e+00
-1.511936108503092679e+00,-5.632155793670819754e+00,3.500000000000000000e+00
-1.479340414494950684e+00,-5.636990023394421456e+00,3.500000000000000000e+00
-1.446830228807632235e+00,-5.641528963932009866e+00,3.500000000000000000e+00
-1.414086819853935140e+00,-5.645887528047706105e+00,3.500000000000000000e+00
-1.381621118535066861e+00,-5.649923947514451150e+00,3.500000000000000000e+00
-1.349344319016161586e+00,-5.653841530735395082e+00,3.500000000000000000e+00
-1.316716168283450061e+00,-5.657611045280335205e+00,3.500000000000000000e+00
-1.284180272115296173e+00,-5.661165705571876927e+00,3.500000000000000000e+00
-1.251513989120166759e+00,-5.664548554625854493e+00,3.500000000000000000e+00
-1.218704553394228229e+00,-5.667670775690534235e+00,3.500000000000000000e+00
-1.186444994266163011e+00,-5.670600140118973620e+00,3.500000000000000000e+00
-1.153765871361971174e+00,-5.673433728596449122e+00,3.500000000000000000e+00
-1.120843572849904213e+00,-5.676022946834640592e+00,3.500000000000000000e+00
-1.088490678993496052e+00,-5.678382902048766390e+00,3.500000000000000000e+00
-1.055952932711633041e+00,-5.680659221633219680e+00,3.500000000000000000e+00
-1.022943986599214483e+00,-5.682740907832123156e+00,3.500000000000000000e+00
-9.904579274835815239e-01,-5.684551663011463418e+00,3.500000000000000000e+00
-9.580104695395409431e-01,-5.686282736162672435e+00,3.500000000000000000e+00
-9.250870591289187539e-01,-5.687856176328428326e+00,3.500000000000000000e+00
-8.923459567071364562e-01,-5.689154026951713128e+00,3.500000000000000000e+00
-8.599984763522078302e-01,-5.690346951423506106e+00,3.500000000000000000e+00
-8.272578276105674311e-01,-5.691410535441657537e+00,3.500000000000000000e+00
-7.946016917573889282e-01,-5.692293218004019550e+00,3.500000000000000000e+00
-7.619442733338249729e-01,-5.693014595726407556e+00,3.500000000000000000e+00
-7.292883392782018026e-01,-5.693574535582048846e+00,3.500000000000000000e+00
-6.966332820621070621e-01,-5.693974687907884302e+00,3.500000000000000000e+00
-6.639754647237358087e-01,-5.694215412448284219e+00,3.500000000000000000e+00
-6.313459434990921215e-01,-5.694299671379108752e+00,3.500000000000000000e+00
-5.986714187947548282e-01,-5.694231991845773777e+00,3.500000000000000000e+00
-5.660884276614550625e-01,-5.693996223085437514e+00,3.500000000000000000e+00
-5.337523099174293906e-01,-5.693697607835879637e+00,3.500000000000000000e+00
-5.007548374547881043e-01,-5.693211540085584943e+00,3.500000000000000000e+00
-4.684940831696553509e-01,-5.692571990376975144e+00,3.500000000000000000e+00
-4.356588314045358179e-01,-5.691835990636847420e+00,3.500000000000000000e+00
-4.030713632259402268e-01,-5.690872683447894431e+00,3.500000000000000000e+00
-3.707572982508661741e-01,-5.689861687805326085e+00,3.500000000000000000e+00
-3.380989344352323678e-01,-5.688718330050063443e+00,3.500000000000000000e+00
-3.055197113932811015e-01,-5.687413864565198374e+00,3.500000000000000000e+00
-2.732766618847559670e-01,-5.686043257387074945e+00,3.500000000000000000e+00
-2.405490962873914340e-01,-5.684555112345012873e+00,3.500000000000000000e+00
-2.078467375938831685e-01,-5.682851199425329014e+00,3.500000000000000000e+00
-1.754789314740059780e-01,-5.681031525906860224e+00,3.500000000000000000e+00
-1.432038905078458768e-01,-5.679167669845677224e+00,3.500000000000000000e+00
-1.106430986506840020e-01,-5.677180536928327470e+00,3.500000000000000000e+00
-7.819218850314302305e-02,-5.675065407724995126e+00,3.500000000000000000e+00
-4.568071302086239294e-02,-5.672826635799861350e+00,3.500000000000000000e+00
-1.337442471491749954e-02,-5.670483094109544098e+00,3.500000000000000000e+00
1.891947544648085733e-02,-5.668099401954824756e+00,3.500000000000000000e+00
5.164785847558146792e-02,-5.665515508816431733e+00,3.500000000000000000e+00
8.379284605260813035e-02,-5.662851374949026351e+00,3.500000000000000000e+00
1.161038597791704402e-01,-5.660141464739173678e+00,3.500000000000000000e+00
1.485888511710770354e-01,-5.657291784515880551e+00,3.500000000000000000e+00
1.809210074584019501e-01,-5.654324414342905669e+00,3.500000000000000000e+00
2.129656999878009604e-01,-5.651347976060984379e+00,3.500000000000000000e+00
2.455498349093778732e-01,-5.648237662693322392e+00,3.500000000000000000e+00
2.779293605451192417e-01,-5.644962642001531528e+00,3.500000000000000000e+00
3.099384406771983347e-01,-5.641677082691201051e+00,3.500000000000000000e+00
3.420122723474037230e-01,-5.638384104762530491e+00,3.500000000000000000e+00
3.745851580108869316e-01,-5.634930365966937416e+00,3.500000000000000000e+00
4.067377376974547487e-01,-5.631366659485737003e+00,3.500000000000000000e+00
4.388454331024636557e-01,-5.627799312714025781e+00,3.500000000000000000e+00
4.714132343915180545e-01,-5.624023344771215349e+00,3.500000000000000000e+00
5.031408508619041875e-01,-5.620272688953670936e+00,3.500000000000000000e+00
5.353105265378390598e-01,-5.616517024264237712e+00,3.500000000000000000e+00
5.677728301442366288e-01,-5.612557429317036828e+00,3.500000000000000000e+00
5.996559529662273125e-01,-5.608603609198444140e+00,3.500000000000000000e+00
6.318154323055250599e-01,-5.604597725784060458e+00,3.500000000000000000e+00
6.640027409213392628e-01,-5.600487896058150561e+00,3.500000000000000000e+00
6.960814079919606101e-01,-5.596325046953405824e+00,3.500000000000000000e+00
7.282622550364152847e-01,-5.592070542131685862e+00,3.500000000000000000e+00
7.602011971633344523e-01,-5.587781180663224490e+00,3.500000000000000000e+00
7.921652550275886107e-01,-5.583491083429965585e+00,3.500000000000000000e+00
8.245595543088062307e-01,-5.579026456334188921e+00,3.500000000000000000e+00
8.563327672507290433e-01,-5.574552618461384057e+00,3.500000000000000000e+00
8.880626569510632340e-01,-5.570162786347566453e+00,3.500000000000000000e+00
9.203669106654479570e-01,-5.565626410613591091e+00,3.500000000000000000e+00
9.524720493525926646e-01,-5.560987118069248503e+00,3.500000000000000000e+00
9.843721937909194475e-01,-5.556327346702547132e+00,3.500000000000000000e+00
1.016190713277340008e+00,-5.551673694709556628e+00,3.500000000000000000e+00
1.048096666164274771e+00,-5.546999570148698488e+00,3.500000000000000000e+00
1.080132229785753184e+00,-5.542259977467157483e+00,3.500000000000000000e+00
1.112257934162412809e+00,-5.537413095103839389e+00,3.500000000000000000e+00
1.144099550620070849e+00,-5.532542432882159744e+00,3.500000000000000000e+00
1.175813450180554609e+00,-5.527713230579570869e+00,3.500000000000000000e+00
1.207707478237698862e+00,-5.522856150512573947e+00,3.500000000000000000e+00
1.239717489969655251e+00,-5.517928931493489841e+00,3.500000000000000000e+00
1.271717655941926317e+00,-5.512922608007563952e+00,3.500000000000000000e+00
1.303417316550514071e+00,-5.507938155813918435e+00,3.500000000000000000e+00
1.335125438875516490e+00,-5.502993968064960661e+00,3.500000000000000000e+00
1.367072401823043126e+00,-5.497995511903747357e+00,3.500000000000000000e+00
1.399032318098803129e+00,-5.492931332417482437e+00,3.500000000000000000e+00
1.430913453424041748e+00,-5.487826242318510239e+00,3.500000000000000000e+00
1.462607723908401658e+00,-5.482742205873567087e+00,3.500000000000000000e+00
1.494296649008980404e+00,-5.477695283790244396e+00,3.500000000000000000e+00
1.526215934928173867e+00,-5.472599455204599117e+00,3.464477875650564975e+00
1.558101860966882413e+00,-5.467451509455129255e+00,3.389074485413424043e+00
1.589811058054312554e+00,-5.462320427501110132e+00,3.312382718318550356e+00
1.621566920231107378e+00,-5.457197175271892853e+00,3.233761830684536598e+00
1.653432356445915463e+00,-5.452036751603555942e+00,3.152891729794795150e+00
1.685226645459784622e+00,-5.446857663130826310e+00,3.070067213644406934e+00
1.716912098971826728e+00,-5.441701442542962397e+00,2.985243150298121151e+00
1.748638584312709243e+00,-5.436558606975706809e+00,2.897831422211650576e+00
1.780550411119704801e+00,-5.432011530983917424e+00,2.858706960757611881e+00
1.812456735837831401e+00,-5.427620916938754370e+00,2.767109220445931328e+00
1.844135695649821161e+00,-5.422582014794294913e+00,2.824476142565919723e+00
1.875862540158168112e+00,-5.417800639054981993e+00,2.880714593540488089e+00
1.907772496946527063e+00,-5.413209629507228726e+00,2.936137233347611009e+00
1.939714207438774762e+00,-5.408787750498007973e+00,2.990545964565565207e+00
1.971542344146635539e+00,-5.404575999675653719e+00,3.043751156181854434e+00
2.003379603401933995e+00,-5.400572817931939440e+00,3.096013663027971319e+00
2.035298762638374725e+00,-5.396742669435960593e+00,3.147504087310019738e+00
2.067228204841992323e+00,-5.393076179603176534e+00,3.198151753887684023e+00
2.099157910079063605e+00,-5.389571099875322346e+00,3.130311058229408250e+00
2.131175118851753147e+00,-5.386193651747414712e+00,3.046921333119302133e+00
2.163213931966080139e+00,-5.382923621592830443e+00,2.961156105676075789e+00
2.195112520882303908e+00,-5.379800466794976366e+00,2.873260798765608470e+00
2.227036750951836730e+00,-5.376813280420821073e+00,2.782554347106807491e+00
2.258966841271242032e+00,-5.373156425612332754e+00,2.839717735519271091e+00
2.290912454383154717e+00,-5.369732428739765417e+00,2.895735254461834440e+00
2.322842445635168840e+00,-5.366537658648728559e+00,2.950623132028229900e+00
2.354757059381325845e+00,-5.363565709434165107e+00,3.004447334440679462e+00
2.386851197387415358e+00,-5.360757615252193631e+00,3.057592402854161673e+00
2.419062390614645341e+00,-5.358053103878187784e+00,3.110002671894012582e+00
2.450874380060797719e+00,-5.355558773697665309e+00,3.160887992105267941e+00
2.482659781098637275e+00,-5.353275732626031846e+00,3.158088557250654294e+00
2.514703080874242769e+00,-5.351102157944086279e+00,3.075654789148194901e+00
2.546961324712180730e+00,-5.348969758224496829e+00,2.990383592153896153e+00
2.578980115870439960e+00,-5.346913487802138931e+00,2.903280560861654092e+00
2.610485248125864022e+00,-5.344291728065506675e+00,2.957224768133981829e+00
2.642607139432825214e+00,-5.341828289571994404e+00,3.011202495195161255e+00
2.674704927406600596e+00,-5.339488447521627990e+00,3.064175265488939814e+00
2.706436000292641086e+00,-5.337381830005461403e+00,3.115634655497029115e+00
2.738689100478338911e+00,-5.335336194597934956e+00,3.105673257633902562e+00
2.770579391379898837e+00,-5.333399459479320370e+00,3.022254395821267092e+00
2.802067053110282480e+00,-5.331684265574954118e+00,2.937596323448456559e+00
2.834305218219644207e+00,-5.329949017937797073e+00,2.848317898050095387e+00
2.866185692262757101e+00,-5.328250885133412496e+00,2.757191353461634353e+00
2.897973717699068974e+00,-5.326620753787647544e+00,2.663236269963697556e+00
2.930278703238631266e+00,-5.324869696091380611e+00,2.564213115954247169e+00
2.961593025681914959e+00,-5.322431626735135701e+00,2.464273413086468523e+00
2.993185798912520124e+00,-5.320156044079012325e+00,2.359205273637684730e+00
3.025437799462110444e+00,-5.318762661654640844e+00,2.426658274186549669e+00
3.057165539840983826e+00,-5.317621645770192806e+00,2.491215142727201570e+00
3.088820337409595496e+00,-5.316717727604245880e+00,2.553983143221369101e+00
3.120787155034285387e+00,-5.315962098009620718e+00,2.615833971653155121e+00
3.152959606024085204e+00,-5.315273101917448173e+00,2.676637002923768272e+00
3.184616124483445443e+00,-5.314746855209942389e+00,2.735140685172093633e+00
3.216321299227937747e+00,-5.314342273815277018e+00,2.778075881362683131e+00
3.248077810813446487e+00,-5.314012762203478957e+00,2.685065002076341134e+00
3.279683696608308274e+00,-5.312989821836808346e+00,2.743318869524324466e+00
3.311241882490696398e+00,-5.312177153299930232e+00,2.649744378297078651e+00
3.343243449125859801e+00,-5.311463120349134925e+00,2.551272773634698066e+00
3.374998803088112620e+00,-5.310845579603169497e+00,2.449655289531735392e+00
3.406507179105470851e+00,-5.310355614351490949e+00,2.344486313036508118e+00
3.438099694661499672e+00,-5.309926886961628512e+00,2.234074591587251746e+00
3.469546251157208161e+00,-5.310493345661336129e+00,2.303390080027125197e+00
3.501685031446669871e+00,-5.311166915942636457e+00,2.372143385198786980e+00
3.533125833032153551e+00,-5.311987395978079007e+00,2.437535495931593132e+00
3.564192823412064559e+00,-5.312284139373929293e+00,2.500452632916922546e+00
3.596282064693217428e+00,-5.312743690574789568e+00,2.563823060750029192e+00
3.627713961893561656e+00,-5.313438379438289338e+00,2.624420777512480818e+00
3.659128118463195189e+00,-5.314351378551381622e+00,2.683627885712661865e+00
