x_m,y_m,vx_mps
3.678399999999999892e+00,-5.090900000000000425e+00,3.500000000000000000e+00
3.717400000000000038e+00,-5.088899999999999757e+00,3.500000000000000000e+00
3.756600000000000161e+00,-5.086999999999999744e+00,3.500000000000000000e+00
3.795799999999999841e+00,-5.085300000000000153e+00,3.500000000000000000e+00
3.835199999999999942e+00,-5.083700000000000330e+00,3.500000000000000000e+00
3.874699999999999811e+00,-5.082399999999999807e+00,3.500000000000000000e+00
3.914400000000000102e+00,-5.081100000000000172e+00,3.500000000000000000e+00
3.954200000000000159e+00,-5.080099999999999838e+00,3.500000000000000000e+00
3.994099999999999984e+00,-5.079200000000000159e+00,3.500000000000000000e+00
4.034200000000000230e+00,-5.078500000000000014e+00,3.500000000000000000e+00
4.074399999999999800e+00,-5.077899999999999636e+00,3.500000000000000000e+00
4.114700000000000024e+00,-5.077499999999999680e+00,3.500000000000000000e+00
4.155199999999999783e+00,-5.077300000000000146e+00,3.500000000000000000e+00
4.195800000000000196e+00,-5.077200000000000379e+00,3.500000000000000000e+00
4.236600000000000144e+00,-5.077200000000000379e+00,3.500000000000000000e+00
4.277599999999999625e+00,-5.077499999999999680e+00,3.500000000000000000e+00
4.318699999999999761e+00,-5.077899999999999636e+00,3.500000000000000000e+00
4.360000000000000320e+00,-5.078400000000000247e+00,3.500000000000000000e+00
4.401500000000000412e+00,-5.079100000000000392e+00,3.500000000000000000e+00
4.443100000000000271e+00,-5.079900000000000304e+00,3.500000000000000000e+00
4.485000000000000320e+00,-5.081000000000000405e+00,3.500000000000000000e+00
4.527000000000000135e+00,-5.082099999999999618e+00,3.500000000000000000e+00
4.569200000000000372e+00,-5.083400000000000141e+00,3.500000000000000000e+00
4.611600000000000144e+00,-5.084900000000000198e+00,3.500000000000000000e+00
4.654200000000000337e+00,-5.086500000000000021e+00,3.500000000000000000e+00
4.697000000000000064e+00,-5.088300000000000267e+00,3.500000000000000000e+00
4.740000000000000213e+00,-5.090200000000000280e+00,3.500000000000000000e+00
4.783199999999999896e+00,-5.092200000000000060e+00,3.500000000000000000e+00
4.826699999999999768e+00,-5.094400000000000261e+00,3.500000000000000000e+00
4.870400000000000063e+00,-5.096799999999999997e+00,3.500000000000000000e+00
4.914299999999999891e+00,-5.099300000000000388e+00,3.500000000000000000e+00
4.958499999999999908e+00,-5.102000000000000313e+00,3.500000000000000000e+00
5.003000000000000114e+00,-5.104800000000000004e+00,3.500000000000000000e+00
5.047699999999999854e+00,-5.107700000000000351e+00,3.500000000000000000e+00
5.092699999999999783e+00,-5.110800000000000232e+00,3.500000000000000000e+00
5.137999999999999901e+00,-5.113999999999999879e+00,3.500000000000000000e+00
5.183600000000000207e+00,-5.117399999999999949e+00,3.500000000000000000e+00
5.229499999999999815e+00,-5.120899999999999785e+00,3.500000000000000000e+00
5.275699999999999612e+00,-5.124500000000000277e+00,3.500000000000000000e+00
5.322300000000000253e+00,-5.128300000000000303e+00,3.500000000000000000e+00
5.369200000000000195e+00,-5.132299999999999862e+00,3.500000000000000000e+00
5.416400000000000325e+00,-5.136300000000000310e+00,3.500000000000000000e+00
5.464100000000000179e+00,-5.140600000000000058e+00,3.500000000000000000e+00
5.512199999999999989e+00,-5.144899999999999807e+00,3.500000000000000000e+00
5.560699999999999754e+00,-5.149399999999999977e+00,3.500000000000000000e+00
5.609600000000000364e+00,-5.153999999999999915e+00,3.500000000000000000e+00
5.659099999999999575e+00,-5.158800000000000274e+00,3.500000000000000000e+00
5.708999999999999631e+00,-5.163700000000000401e+00,3.500000000000000000e+00
5.759500000000000064e+00,-5.168800000000000061e+00,3.500000000000000000e+00
5.810500000000000220e+00,-5.174000000000000377e+00,3.500000000000000000e+00
5.862199999999999633e+00,-5.179299999999999571e+00,3.500000000000000000e+00
5.914500000000000313e+00,-5.184800000000000075e+00,3.500000000000000000e+00
5.967600000000000016e+00,-5.190400000000000347e+00,3.500000000000000000e+00
6.021399999999999864e+00,-5.196200000000000152e+00,3.500000000000000000e+00
6.076100000000000279e+00,-5.202200000000000379e+00,3.500000000000000000e+00
6.131700000000000372e+00,-5.208300000000000374e+00,3.500000000000000000e+00
6.188500000000000334e+00,-5.214599999999999902e+00,3.500000000000000000e+00
6.246500000000000163e+00,-5.221000000000000085e+00,3.500000000000000000e+00
6.306000000000000050e+00,-5.227699999999999569e+00,3.500000000000000000e+00
6.367200000000000415e+00,-5.234600000000000364e+00,3.500000000000000000e+00
6.430799999999999628e+00,-5.241799999999999571e+00,3.500000000000000000e+00
6.497700000000000031e+00,-5.249399999999999622e+00,3.500000000000000000e+00
6.570199999999999818e+00,-5.257699999999999818e+00,3.500000000000000000e+00
6.637999999999999901e+00,-5.265399999999999636e+00,3.500000000000000000e+00
6.701999999999999957e+00,-5.272599999999999731e+00,3.500000000000000000e+00
6.763700000000000045e+00,-5.279600000000000293e+00,3.500000000000000000e+00
6.823500000000000121e+00,-5.286299999999999777e+00,3.500000000000000000e+00
6.881700000000000372e+00,-5.292799999999999727e+00,3.500000000000000000e+00
6.938799999999999635e+00,-5.299199999999999910e+00,3.500000000000000000e+00
6.994699999999999918e+00,-5.305299999999999905e+00,3.500000000000000000e+00
7.049699999999999633e+00,-5.311300000000000132e+00,3.500000000000000000e+00
7.103799999999999670e+00,-5.317099999999999937e+00,3.500000000000000000e+00
7.157099999999999795e+00,-5.322799999999999976e+00,3.500000000000000000e+00
7.209699999999999775e+00,-5.328400000000000247e+00,3.500000000000000000e+00
7.261599999999999611e+00,-5.333700000000000330e+00,3.500000000000000000e+00
7.312899999999999956e+00,-5.339000000000000412e+00,3.500000000000000000e+00
7.363699999999999690e+00,-5.344100000000000072e+00,3.500000000000000000e+00
7.413899999999999935e+00,-5.349099999999999966e+00,3.500000000000000000e+00
7.463700000000000223e+00,-5.353900000000000325e+00,3.500000000000000000e+00
7.512900000000000134e+00,-5.358600000000000030e+00,3.500000000000000000e+00
7.561700000000000088e+00,-5.363100000000000200e+00,3.500000000000000000e+00
7.610100000000000087e+00,-5.367499999999999716e+00,3.500000000000000000e+00
7.658100000000000129e+00,-5.371800000000000352e+00,3.500000000000000000e+00
7.705799999999999983e+00,-5.376000000000000334e+00,3.500000000000000000e+00
7.753000000000000114e+00,-5.379999999999999893e+00,3.500000000000000000e+00
7.799999999999999822e+00,-5.383799999999999919e+00,3.500000000000000000e+00
7.846599999999999575e+00,-5.387599999999999945e+00,3.500000000000000000e+00
7.892800000000000260e+00,-5.391200000000000436e+00,3.500000000000000000e+00
7.938799999999999635e+00,-5.394599999999999618e+00,3.500000000000000000e+00
7.984499999999999709e+00,-5.397899999999999920e+00,3.500000000000000000e+00
8.029899999999999594e+00,-5.401099999999999568e+00,3.500000000000000000e+00
8.075100000000000833e+00,-5.404200000000000337e+00,3.500000000000000000e+00
8.119999999999999218e+00,-5.407000000000000028e+00,3.500000000000000000e+00
8.164600000000000080e+00,-5.409799999999999720e+00,3.500000000000000000e+00
8.208999999999999631e+00,-5.412399999999999878e+00,3.500000000000000000e+00
8.253099999999999881e+00,-5.414900000000000269e+00,3.500000000000000000e+00
8.297100000000000364e+00,-5.417200000000000237e+00,3.500000000000000000e+00
8.340799999999999770e+00,-5.419400000000000439e+00,3.500000000000000000e+00
8.384299999999999642e+00,-5.421400000000000219e+00,3.500000000000000000e+00
8.427599999999999980e+00,-5.423300000000000232e+00,3.500000000000000000e+00
8.470700000000000784e+00,-5.424999999999999822e+00,3.500000000000000000e+00
8.513700000000000045e+00,-5.426599999999999646e+00,3.500000000000000000e+00
8.556400000000000006e+00,-5.428099999999999703e+00,3.500000000000000000e+00
8.598900000000000432e+00,-5.429400000000000226e+00,3.500000000000000000e+00
8.641299999999999315e+00,-5.430500000000000327e+00,3.500000000000000000e+00
8.683500000000000441e+00,-5.431499999999999773e+00,3.500000000000000000e+00
8.725500000000000256e+00,-5.432400000000000340e+00,3.500000000000000000e+00
8.767400000000000304e+00,-5.433099999999999596e+00,3.500000000000000000e+00
8.809100000000000819e+00,-5.433600000000000207e+00,3.500000000000000000e+00
8.850699999999999790e+00,-5.434000000000000163e+00,3.500000000000000000e+00
8.892099999999999227e+00,-5.434300000000000352e+00,3.500000000000000000e+00
8.933299999999999130e+00,-5.434400000000000119e+00,3.500000000000000000e+00
8.974500000000000810e+00,-5.434300000000000352e+00,3.500000000000000000e+00
9.015399999999999636e+00,-5.434099999999999930e+00,3.500000000000000000e+00
9.056300000000000239e+00,-5.433699999999999974e+00,3.500000000000000000e+00
9.096999999999999531e+00,-5.433200000000000252e+00,3.500000000000000000e+00
9.137499999999999289e+00,-5.432500000000000107e+00,3.500000000000000000e+00
9.178000000000000824e+00,-5.431600000000000428e+00,3.500000000000000000e+00
9.218299999999999272e+00,-5.430600000000000094e+00,3.500000000000000000e+00
9.258499999999999730e+00,-5.429400000000000226e+00,3.500000000000000000e+00
9.298600000000000421e+00,-5.428099999999999703e+00,3.500000000000000000e+00
9.338599999999999568e+00,-5.426599999999999646e+00,3.500000000000000000e+00
9.378399999999999181e+00,-5.424999999999999822e+00,3.500000000000000000e+00
9.418200000000000571e+00,-5.423199999999999577e+00,3.500000000000000000e+00
9.457800000000000651e+00,-5.421199999999999797e+00,3.500000000000000000e+00
9.497299999999999187e+00,-5.419100000000000250e+00,3.500000000000000000e+00
9.536699999999999733e+00,-5.416800000000000281e+00,3.500000000000000000e+00
9.576000000000000512e+00,-5.414299999999999891e+00,3.500000000000000000e+00
9.615199999999999747e+00,-5.411699999999999733e+00,3.500000000000000000e+00
9.654299999999999216e+00,-5.408900000000000041e+00,3.500000000000000000e+00
9.693300000000000693e+00,-5.405999999999999694e+00,3.500000000000000000e+00
9.732200000000000628e+00,-5.402899999999999814e+00,3.500000000000000000e+00
9.771000000000000796e+00,-5.399600000000000399e+00,3.500000000000000000e+00
9.809599999999999653e+00,-5.396099999999999675e+00,3.500000000000000000e+00
9.848100000000000520e+00,-5.392500000000000071e+00,3.500000000000000000e+00
9.886499999999999844e+00,-5.388799999999999812e+00,3.500000000000000000e+00
9.924799999999999400e+00,-5.384800000000000253e+00,3.500000000000000000e+00
9.962899999999999423e+00,-5.380700000000000038e+00,3.500000000000000000e+00
1.000089999999999968e+01,-5.376500000000000057e+00,3.500000000000000000e+00
1.003880000000000017e+01,-5.371999999999999886e+00,3.500000000000000000e+00
1.007649999999999935e+01,-5.367399999999999949e+00,3.500000000000000000e+00
1.011410000000000053e+01,-5.362700000000000244e+00,3.500000000000000000e+00
1.015160000000000018e+01,-5.357700000000000351e+00,3.500000000000000000e+00
1.018890000000000029e+01,-5.352599999999999802e+00,3.500000000000000000e+00
1.022610000000000063e+01,-5.347400000000000375e+00,3.500000000000000000e+00
1.026309999999999967e+01,-5.341899999999999871e+00,3.500000000000000000e+00
1.030000000000000071e+01,-5.336299999999999599e+00,3.500000000000000000e+00
1.033670000000000044e+01,-5.330499999999999794e+00,3.500000000000000000e+00
1.037330000000000041e+01,-5.324600000000000222e+00,3.500000000000000000e+00
1.040970000000000084e+01,-5.318500000000000227e+00,3.500000000000000000e+00
1.044599999999999973e+01,-5.312199999999999811e+00,3.500000000000000000e+00
1.048210000000000086e+01,-5.305799999999999628e+00,3.500000000000000000e+00
1.051800000000000068e+01,-5.299199999999999910e+00,3.500000000000000000e+00
1.055380000000000074e+01,-5.292399999999999771e+00,3.500000000000000000e+00
1.058939999999999948e+01,-5.285499999999999865e+00,3.500000000000000000e+00
1.062480000000000047e+01,-5.278299999999999770e+00,3.500000000000000000e+00
1.066000000000000014e+01,-5.271099999999999675e+00,3.500000000000000000e+00
1.069510000000000005e+01,-5.263600000000000279e+00,3.500000000000000000e+00
1.073010000000000019e+01,-5.256000000000000227e+00,3.500000000000000000e+00
1.076479999999999926e+01,-5.248199999999999754e+00,3.500000000000000000e+00
1.079930000000000057e+01,-5.240199999999999747e+00,3.500000000000000000e+00
1.083370000000000033e+01,-5.232099999999999973e+00,3.500000000000000000e+00
1.086790000000000056e+01,-5.223799999999999777e+00,3.500000000000000000e+00
1.090189999999999948e+01,-5.215300000000000047e+00,3.500000000000000000e+00
1.093580000000000041e+01,-5.206699999999999662e+00,3.500000000000000000e+00
1.096940000000000026e+01,-5.197899999999999743e+00,3.500000000000000000e+00
1.100290000000000035e+01,-5.188900000000000290e+00,3.500000000000000000e+00
1.103609999999999935e+01,-5.179800000000000182e+00,3.500000000000000000e+00
1.106920000000000037e+01,-5.170399999999999885e+00,3.500000000000000000e+00
1.110210000000000008e+01,-5.160999999999999588e+00,3.500000000000000000e+00
1.113470000000000049e+01,-5.151299999999999990e+00,3.500000000000000000e+00
1.116719999999999935e+01,-5.141499999999999737e+00,3.500000000000000000e+00
1.119950000000000045e+01,-5.131499999999999950e+00,3.500000000000000000e+00
1.123160000000000025e+01,-5.121299999999999741e+00,3.500000000000000000e+00
1.126340000000000074e+01,-5.110999999999999766e+00,3.500000000000000000e+00
1.129509999999999970e+01,-5.100500000000000256e+00,3.500000000000000000e+00
1.132649999999999935e+01,-5.089800000000000324e+00,3.500000000000000000e+00
1.135779999999999923e+01,-5.078899999999999970e+00,3.500000000000000000e+00
1.138879999999999981e+01,-5.067899999999999849e+00,3.500000000000000000e+00
1.141970000000000063e+01,-5.056799999999999962e+00,3.500000000000000000e+00
1.145030000000000037e+01,-5.045399999999999885e+00,3.500000000000000000e+00
1.148070000000000057e+01,-5.033900000000000041e+00,3.500000000000000000e+00
1.151089999999999947e+01,-5.022199999999999775e+00,3.500000000000000000e+00
1.154080000000000084e+01,-5.010299999999999976e+00,3.500000000000000000e+00
1.157060000000000066e+01,-4.998300000000000409e+00,3.500000000000000000e+00
1.160009999999999941e+01,-4.986100000000000421e+00,3.500000000000000000e+00
1.162940000000000040e+01,-4.973700000000000010e+00,3.500000000000000000e+00
1.165850000000000009e+01,-4.961199999999999832e+00,3.500000000000000000e+00
1.168740000000000023e+01,-4.948500000000000121e+00,3.500000000000000000e+00
1.171599999999999930e+01,-4.935599999999999987e+00,3.500000000000000000e+00
1.174440000000000062e+01,-4.922600000000000087e+00,3.500000000000000000e+00
1.177260000000000062e+01,-4.909399999999999764e+00,3.500000000000000000e+00
1.180049999999999955e+01,-4.895999999999999908e+00,3.500000000000000000e+00
1.182820000000000071e+01,-4.882500000000000284e+00,3.500000000000000000e+00
1.185570000000000057e+01,-4.868800000000000239e+00,3.500000000000000000e+00
1.188299999999999912e+01,-4.854899999999999771e+00,3.500000000000000000e+00
1.191000000000000014e+01,-4.840900000000000425e+00,3.500000000000000000e+00
1.193679999999999986e+01,-4.826699999999999768e+00,3.500000000000000000e+00
1.196330000000000027e+01,-4.812299999999999578e+00,3.500000000000000000e+00
1.198959999999999937e+01,-4.797799999999999621e+00,3.500000000000000000e+00
1.201570000000000071e+01,-4.783100000000000129e+00,3.500000000000000000e+00
1.204149999999999920e+01,-4.768200000000000216e+00,3.500000000000000000e+00
1.206709999999999994e+01,-4.753199999999999648e+00,3.500000000000000000e+00
1.209249999999999936e+01,-4.738000000000000433e+00,3.500000000000000000e+00
1.211759999999999948e+01,-4.722599999999999909e+00,3.500000000000000000e+00
1.214250000000000007e+01,-4.707099999999999618e+00,3.433211261445612728e+00
1.216709999999999958e+01,-4.691399999999999793e+00,3.364522384733312332e+00
1.219149999999999956e+01,-4.675500000000000433e+00,3.294546576420835482e+00
1.221560000000000024e+01,-4.659500000000000419e+00,3.223537567571747697e+00
1.223949999999999960e+01,-4.643399999999999750e+00,3.151209657843428324e+00
1.226309999999999967e+01,-4.626999999999999780e+00,3.196484091440574549e+00
1.228650000000000020e+01,-4.610500000000000043e+00,3.240961861968941093e+00
1.230959999999999965e+01,-4.593899999999999650e+00,3.284553687587173698e+00
1.233249999999999957e+01,-4.576999999999999957e+00,3.326731037879968156e+00
1.235510000000000019e+01,-4.560100000000000264e+00,3.258161896655095813e+00
1.237749999999999950e+01,-4.542900000000000382e+00,3.188063665808398284e+00
1.239969999999999928e+01,-4.525599999999999845e+00,3.116638103955947425e+00
1.242149999999999999e+01,-4.508099999999999774e+00,3.161168217198518260e+00
1.244319999999999915e+01,-4.490499999999999936e+00,3.205056262023349145e+00
1.246460000000000079e+01,-4.472699999999999676e+00,3.248189947878418860e+00
1.248569999999999958e+01,-4.454799999999999649e+00,3.290507001854539926e+00
1.250650000000000084e+01,-4.436700000000000088e+00,3.332140849789066994e+00
1.252720000000000056e+01,-4.418400000000000105e+00,3.330173022055220589e+00
1.254749999999999943e+01,-4.400000000000000355e+00,3.371058036150723414e+00
1.256760000000000055e+01,-4.381400000000000183e+00,3.317730972573506243e+00
1.258750000000000036e+01,-4.362700000000000244e+00,3.251218029657908293e+00
1.260710000000000086e+01,-4.343799999999999883e+00,3.237434964174336294e+00
1.262640000000000029e+01,-4.324699999999999989e+00,3.195789867413203478e+00
1.264550000000000018e+01,-4.305500000000000327e+00,3.127260200905396914e+00
1.266430000000000078e+01,-4.286200000000000010e+00,3.057558986101061471e+00
1.268290000000000006e+01,-4.266600000000000392e+00,2.986023313538917812e+00
1.270120000000000005e+01,-4.246999999999999886e+00,2.913295986693613226e+00
1.271920000000000073e+01,-4.227100000000000080e+00,2.958990288387003620e+00
1.273700000000000010e+01,-4.207099999999999618e+00,3.003891177345494601e+00
1.275450000000000017e+01,-4.187000000000000277e+00,3.047928680413718006e+00
1.277180000000000071e+01,-4.166699999999999626e+00,3.091372885864272391e+00
1.278880000000000017e+01,-4.146200000000000330e+00,3.094861449807737142e+00
1.280560000000000009e+01,-4.125600000000000378e+00,3.025368773110100218e+00
1.282210000000000072e+01,-4.104899999999999771e+00,2.954540963952835053e+00
1.283840000000000003e+01,-4.083800000000000097e+00,2.999323154991874851e+00
1.285459999999999958e+01,-4.062400000000000233e+00,3.043738173795562219e+00
1.287059999999999960e+01,-4.040799999999999947e+00,3.087579445533819467e+00
1.288649999999999984e+01,-4.018900000000000361e+00,3.131098756787332515e+00
1.290230000000000032e+01,-3.996599999999999930e+00,3.093747249059177751e+00
1.291789999999999949e+01,-3.974099999999999966e+00,3.022119775284119569e+00
1.293329999999999913e+01,-3.951299999999999812e+00,2.948387662505223439e+00
1.294870000000000054e+01,-3.928199999999999914e+00,2.872069966291880050e+00
1.296380000000000088e+01,-3.904700000000000060e+00,2.920294032411757446e+00
1.297889999999999944e+01,-3.880999999999999783e+00,2.968018404511382435e+00
1.299380000000000024e+01,-3.856899999999999995e+00,3.015372951018505443e+00
1.300859999999999950e+01,-3.832500000000000018e+00,3.062327705756167973e+00
1.302319999999999922e+01,-3.807799999999999851e+00,3.108822013584873201e+00
1.303769999999999918e+01,-3.782799999999999940e+00,3.154961367827231022e+00
1.305209999999999937e+01,-3.757400000000000073e+00,3.200899980288987479e+00
1.306639999999999979e+01,-3.731700000000000017e+00,3.246515995199998894e+00
1.308060000000000045e+01,-3.705700000000000216e+00,3.291825633535924389e+00
1.309469999999999956e+01,-3.679300000000000015e+00,3.336976201784599194e+00
1.310859999999999914e+01,-3.652499999999999858e+00,3.381909589766523450e+00
1.312240000000000073e+01,-3.625500000000000167e+00,3.426446433814283044e+00
1.313620000000000054e+01,-3.597999999999999865e+00,3.471054370434479619e+00
1.314980000000000082e+01,-3.570199999999999818e+00,3.500000000000000000e+00
1.316339999999999932e+01,-3.541999999999999815e+00,3.500000000000000000e+00
1.317680000000000007e+01,-3.513399999999999856e+00,3.500000000000000000e+00
1.319020000000000081e+01,-3.484500000000000153e+00,3.500000000000000000e+00
1.320340000000000025e+01,-3.455099999999999838e+00,3.500000000000000000e+00
1.321659999999999968e+01,-3.425399999999999778e+00,3.500000000000000000e+00
1.322979999999999912e+01,-3.395199999999999996e+00,3.500000000000000000e+00
1.324280000000000079e+01,-3.364599999999999813e+00,3.500000000000000000e+00
1.325580000000000069e+01,-3.333600000000000119e+00,3.500000000000000000e+00
1.326880000000000059e+01,-3.302200000000000024e+00,3.500000000000000000e+00
1.328159999999999918e+01,-3.270300000000000207e+00,3.500000000000000000e+00
1.329449999999999932e+01,-3.237999999999999989e+00,3.500000000000000000e+00
1.330729999999999968e+01,-3.205200000000000049e+00,3.500000000000000000e+00
1.332000000000000028e+01,-3.171899999999999942e+00,3.500000000000000000e+00
1.333270000000000088e+01,-3.138100000000000112e+00,3.500000000000000000e+00
1.334549999999999947e+01,-3.103800000000000114e+00,3.500000000000000000e+00
1.335820000000000007e+01,-3.068999999999999950e+00,3.500000000000000000e+00
1.337079999999999913e+01,-3.033599999999999852e+00,3.500000000000000000e+00
1.338349999999999973e+01,-2.997700000000000031e+00,3.500000000000000000e+00
1.339630000000000010e+01,-2.961199999999999832e+00,3.500000000000000000e+00
1.340900000000000070e+01,-2.924100000000000144e+00,3.500000000000000000e+00
1.342179999999999929e+01,-2.886299999999999866e+00,3.500000000000000000e+00
1.343459999999999965e+01,-2.847900000000000098e+00,3.500000000000000000e+00
1.344749999999999979e+01,-2.808800000000000185e+00,3.500000000000000000e+00
1.346049999999999969e+01,-2.768899999999999917e+00,3.500000000000000000e+00
1.347359999999999935e+01,-2.728299999999999947e+00,3.500000000000000000e+00
1.348680000000000057e+01,-2.686799999999999855e+00,3.500000000000000000e+00
1.350009999999999977e+01,-2.644400000000000084e+00,3.500000000000000000e+00
1.351370000000000005e+01,-2.601100000000000190e+00,3.500000000000000000e+00
1.352740000000000009e+01,-2.556700000000000195e+00,3.500000000000000000e+00
1.354139999999999944e+01,-2.511200000000000099e+00,3.500000000000000000e+00
1.355560000000000009e+01,-2.464300000000000157e+00,3.500000000000000000e+00
1.357019999999999982e+01,-2.415999999999999925e+00,3.500000000000000000e+00
1.358530000000000015e+01,-2.366000000000000103e+00,3.500000000000000000e+00
1.359970000000000034e+01,-2.317699999999999871e+00,3.500000000000000000e+00
1.361309999999999931e+01,-2.272400000000000198e+00,3.500000000000000000e+00
1.362579999999999991e+01,-2.229099999999999859e+00,3.500000000000000000e+00
1.363790000000000013e+01,-2.187500000000000000e+00,3.500000000000000000e+00
1.364949999999999974e+01,-2.147200000000000220e+00,3.500000000000000000e+00
1.366060000000000052e+01,-2.108099999999999863e+00,3.500000000000000000e+00
1.367120000000000068e+01,-2.069999999999999840e+00,3.500000000000000000e+00
1.368140000000000001e+01,-2.032799999999999940e+00,3.500000000000000000e+00
1.369120000000000026e+01,-1.996399999999999952e+00,3.500000000000000000e+00
1.370059999999999967e+01,-1.960700000000000109e+00,3.500000000000000000e+00
1.370960000000000001e+01,-1.925599999999999978e+00,3.500000000000000000e+00
1.371829999999999927e+01,-1.891199999999999992e+00,3.500000000000000000e+00
1.372659999999999947e+01,-1.857399999999999940e+00,3.500000000000000000e+00
1.373450000000000060e+01,-1.824200000000000044e+00,3.500000000000000000e+00
1.374210000000000065e+01,-1.791400000000000103e+00,3.500000000000000000e+00
1.374939999999999962e+01,-1.759200000000000097e+00,3.500000000000000000e+00
1.375629999999999953e+01,-1.727500000000000036e+00,3.500000000000000000e+00
1.376280000000000037e+01,-1.696199999999999930e+00,3.500000000000000000e+00
1.376900000000000013e+01,-1.665300000000000002e+00,3.500000000000000000e+00
1.377490000000000059e+01,-1.634900000000000020e+00,3.500000000000000000e+00
1.378049999999999997e+01,-1.604999999999999982e+00,3.500000000000000000e+00
1.378570000000000029e+01,-1.575399999999999912e+00,3.500000000000000000e+00
1.379059999999999953e+01,-1.546200000000000019e+00,3.500000000000000000e+00
1.379509999999999970e+01,-1.517400000000000082e+00,3.459229930320750768e+00
1.379930000000000057e+01,-1.489000000000000101e+00,3.392186547427265886e+00
1.380320000000000036e+01,-1.461000000000000076e+00,3.324846572929403887e+00
1.380669999999999931e+01,-1.433300000000000018e+00,3.317220139107164734e+00
1.380990000000000073e+01,-1.405999999999999917e+00,3.250255213936437571e+00
1.381279999999999930e+01,-1.379000000000000004e+00,3.182714918026887219e+00
1.381540000000000035e+01,-1.352400000000000047e+00,3.114810748610977509e+00
1.381760000000000055e+01,-1.326200000000000045e+00,3.083754072445856309e+00
1.381949999999999967e+01,-1.300200000000000022e+00,3.015365631078894548e+00
1.382099999999999973e+01,-1.274699999999999944e+00,2.960780988738827890e+00
1.382220000000000049e+01,-1.249400000000000066e+00,2.891534019013386470e+00
1.382310000000000016e+01,-1.224499999999999922e+00,2.821756337299353046e+00
1.382370000000000054e+01,-1.199899999999999967e+00,2.751107371827641312e+00
1.382390000000000008e+01,-1.175599999999999978e+00,2.767181667719554206e+00
1.382380000000000031e+01,-1.151699999999999946e+00,2.697200592261815189e+00
1.382339999999999947e+01,-1.128100000000000103e+00,2.626259088799890673e+00
1.382269999999999932e+01,-1.104800000000000004e+00,2.554264786412329791e+00
1.382160000000000011e+01,-1.081800000000000095e+00,2.569665627014275255e+00
1.382019999999999982e+01,-1.059099999999999930e+00,2.497857350082516970e+00
1.381850000000000023e+01,-1.036699999999999955e+00,2.424842403220117237e+00
1.381639999999999979e+01,-1.014599999999999946e+00,2.470193550291982287e+00
1.381400000000000006e+01,-9.929000000000000048e-01,2.415559434750347734e+00
1.381129999999999924e+01,-9.714000000000000412e-01,2.342696189412682539e+00
1.380829999999999913e+01,-9.502000000000000446e-01,2.268401649538833276e+00
1.380489999999999995e+01,-9.293000000000000149e-01,2.272180073678814249e+00
1.380129999999999946e+01,-9.086999999999999522e-01,2.197318167416817403e+00
1.379729999999999990e+01,-8.883999999999999675e-01,2.243905186932686036e+00
1.379299999999999926e+01,-8.683999999999999497e-01,2.234486129733981308e+00
1.378839999999999932e+01,-8.487000000000000099e-01,2.160844605886143910e+00
1.378340000000000032e+01,-8.292000000000000481e-01,2.172229645816886823e+00
1.377810000000000024e+01,-8.101000000000000423e-01,2.097959568192240720e+00
1.377260000000000062e+01,-7.912000000000000144e-01,2.021506935739942001e+00
1.376670000000000016e+01,-7.725999999999999535e-01,2.069208442623681421e+00
1.376040000000000063e+01,-7.541999999999999815e-01,2.085595954112350991e+00
1.375389999999999979e+01,-7.360999999999999766e-01,2.010473220502924541e+00
1.374709999999999965e+01,-7.183000000000000496e-01,1.933165290085005816e+00
1.373990000000000045e+01,-7.007999999999999785e-01,1.981504655512606794e+00
1.373240000000000016e+01,-6.834999999999999964e-01,2.028526160368624431e+00
1.372460000000000058e+01,-6.664999999999999813e-01,1.979907764344549737e+00
1.371640000000000015e+01,-6.495999999999999552e-01,1.902494658075242873e+00
1.370790000000000042e+01,-6.328000000000000291e-01,1.821603537229496306e+00
1.369890000000000008e+01,-6.161999999999999700e-01,1.872716585839344194e+00
1.368960000000000043e+01,-5.996000000000000218e-01,1.922847764654489033e+00
1.367989999999999995e+01,-5.832000000000000517e-01,1.971771344759466915e+00
1.366980000000000040e+01,-5.668999999999999595e-01,2.019811201102528653e+00
1.365930000000000000e+01,-5.506999999999999673e-01,2.067048401614629771e+00
1.364840000000000053e+01,-5.345999999999999641e-01,2.113555407115411899e+00
1.363710000000000022e+01,-5.185999999999999499e-01,2.159397259489998611e+00
1.362550000000000061e+01,-5.028000000000000247e-01,2.204315478353527258e+00
1.361340000000000039e+01,-4.869999999999999885e-01,2.211221671516820919e+00
1.360100000000000087e+01,-4.713999999999999857e-01,2.137909109780949279e+00
1.358820000000000050e+01,-4.560000000000000164e-01,2.184240189546328370e+00
1.357510000000000083e+01,-4.406999999999999806e-01,2.155555583436804312e+00
1.356150000000000055e+01,-4.254999999999999893e-01,2.200844427425465710e+00
1.354759999999999920e+01,-4.104999999999999760e-01,2.125208992018793097e+00
1.353330000000000055e+01,-3.956000000000000072e-01,2.045991993363741379e+00
1.351870000000000083e+01,-3.808000000000000274e-01,1.963021271083705832e+00
1.350360000000000049e+01,-3.663000000000000145e-01,2.015638636581204235e+00
1.348830000000000062e+01,-3.518999999999999906e-01,2.067100923713608207e+00
1.347250000000000014e+01,-3.376000000000000112e-01,2.118020181719790340e+00
1.345640000000000036e+01,-3.235000000000000098e-01,2.167953760670366492e+00
1.343999999999999950e+01,-3.095999999999999863e-01,2.216981033511247201e+00
1.342319999999999958e+01,-2.958999999999999964e-01,2.265344033902595200e+00
1.340610000000000035e+01,-2.823999999999999844e-01,2.312931154142392476e+00
1.338860000000000028e+01,-2.690000000000000169e-01,2.360097774153703476e+00
1.337079999999999913e+01,-2.559000000000000163e-01,2.406464326175176804e+00
1.335270000000000046e+01,-2.429000000000000048e-01,2.441212759959813461e+00
1.333430000000000071e+01,-2.301999999999999880e-01,2.486582593360809668e+00
1.331559999999999988e+01,-2.177000000000000046e-01,2.531407532217383682e+00
1.329649999999999999e+01,-2.053000000000000103e-01,2.575994063479863705e+00
1.327720000000000056e+01,-1.932000000000000106e-01,2.619835716502088907e+00
1.325750000000000028e+01,-1.812999999999999889e-01,2.604199733572841957e+00
1.323760000000000048e+01,-1.696999999999999897e-01,2.532451494098581612e+00
1.321739999999999959e+01,-1.582000000000000073e-01,2.457926838866976826e+00
1.319699999999999918e+01,-1.471000000000000085e-01,2.504725085117756933e+00
1.317629999999999946e+01,-1.360999999999999988e-01,2.551089920490093199e+00
1.315530000000000044e+01,-1.254000000000000115e-01,2.596872760837163341e+00
1.313410000000000011e+01,-1.150000000000000050e-01,2.641946950691546281e+00
1.311260000000000048e+01,-1.048000000000000043e-01,2.686606070040193028e+00
1.309089999999999954e+01,-9.479999999999999538e-02,2.648228094986550651e+00
1.306910000000000061e+01,-8.519999999999999796e-02,2.692826329039585964e+00
1.304700000000000060e+01,-7.580000000000000626e-02,2.737055717638903207e+00
1.302469999999999928e+01,-6.669999999999999540e-02,2.743384017910157624e+00
1.300220000000000020e+01,-5.779999999999999721e-02,2.671893594144434836e+00
1.297959999999999958e+01,-4.929999999999999660e-02,2.716702298479279687e+00
1.295679999999999943e+01,-4.100000000000000172e-02,2.760997821150112497e+00
1.293379999999999974e+01,-3.300000000000000155e-02,2.754640691578260636e+00
1.291070000000000029e+01,-2.529999999999999957e-02,2.682993241133123430e+00
1.288749999999999929e+01,-1.799999999999999864e-02,2.727941830317365479e+00
1.286410000000000053e+01,-1.089999999999999997e-02,2.755049683657686099e+00
1.284070000000000000e+01,-4.100000000000000346e-03,2.683358077171567935e+00
1.281719999999999970e+01,2.299999999999999961e-03,2.728363904994149713e+00
1.279349999999999987e+01,8.500000000000000611e-03,2.772894716186480757e+00
1.276989999999999981e+01,1.430000000000000021e-02,2.816374928830636115e+00
1.274610000000000021e+01,1.980000000000000163e-02,2.859412549578834284e+00
1.272230000000000061e+01,2.500000000000000139e-02,2.808550867786674399e+00
1.269849999999999923e+01,2.989999999999999949e-02,2.738461455980814474e+00
1.267469999999999963e+01,3.440000000000000002e-02,2.782334988977591905e+00
1.265080000000000027e+01,3.860000000000000236e-02,2.779405171881456305e+00
1.262700000000000067e+01,4.250000000000000305e-02,2.709098442665407003e+00
1.260319999999999929e+01,4.599999999999999922e-02,2.753138960520572720e+00
1.257949999999999946e+01,4.920000000000000068e-02,2.796234023846251304e+00
1.255569999999999986e+01,5.210000000000000048e-02,2.755159312346582734e+00
1.253209999999999980e+01,5.460000000000000270e-02,2.745786609020562263e+00
1.250849999999999973e+01,5.680000000000000326e-02,2.675837620875503031e+00
1.248499999999999943e+01,5.859999999999999931e-02,2.705411735243504978e+00
1.246160000000000068e+01,6.010000000000000064e-02,2.635163033860266957e+00
1.243829999999999991e+01,6.119999999999999746e-02,2.679056499433247751e+00
1.241510000000000069e+01,6.199999999999999956e-02,2.641138217543590461e+00
1.239209999999999923e+01,6.250000000000000000e-02,2.570510481970232242e+00
1.236919999999999931e+01,6.260000000000000286e-02,2.587483859491880978e+00
1.234650000000000070e+01,6.239999999999999714e-02,2.516318466825748335e+00
1.232399999999999984e+01,6.180000000000000077e-02,2.559511814402717356e+00
1.230160000000000053e+01,6.090000000000000274e-02,2.488455657432623092e+00
1.227940000000000076e+01,5.970000000000000306e-02,2.415924878506443552e+00
1.225750000000000028e+01,5.809999999999999887e-02,2.426812998156187451e+00
1.223569999999999958e+01,5.619999999999999996e-02,2.353571554820594880e+00
1.221419999999999995e+01,5.390000000000000346e-02,2.365460373042497899e+00
1.219299999999999962e+01,5.129999999999999838e-02,2.292086681109220869e+00
1.217190000000000083e+01,4.839999999999999858e-02,2.216503472998025526e+00
1.215119999999999933e+01,4.510000000000000120e-02,2.263294407859278934e+00
1.213069999999999915e+01,4.150000000000000216e-02,2.228596106208368344e+00
1.211050000000000004e+01,3.760000000000000148e-02,2.153479035148487153e+00
1.209050000000000047e+01,3.339999999999999913e-02,2.076172458580304969e+00
1.207089999999999996e+01,2.879999999999999921e-02,2.124103972192311396e+00
1.205160000000000053e+01,2.390000000000000110e-02,2.055061180801529552e+00
1.203250000000000064e+01,1.880000000000000074e-02,1.976605618280542265e+00
1.201379999999999981e+01,1.329999999999999932e-02,2.025312387468060749e+00
1.199540000000000006e+01,7.499999999999999722e-03,2.072393573303410896e+00
1.197739999999999938e+01,1.399999999999999986e-03,2.109155631021753852e+00
1.195969999999999978e+01,-5.000000000000000104e-03,2.036514913344677602e+00
1.194229999999999947e+01,-1.170000000000000033e-02,1.961903921217829305e+00
1.192520000000000024e+01,-1.870000000000000134e-02,1.885054498545932100e+00
1.190859999999999985e+01,-2.599999999999999881e-02,1.818606403343785205e+00
1.189220000000000077e+01,-3.350000000000000200e-02,1.737467114411606728e+00
1.187620000000000076e+01,-4.139999999999999930e-02,1.788080658114827859e+00
1.186059999999999981e+01,-4.950000000000000233e-02,1.796872673428562051e+00
1.184539999999999971e+01,-5.790000000000000008e-02,1.717814090547729711e+00
1.183050000000000068e+01,-6.650000000000000355e-02,1.635733716473771304e+00
1.181600000000000072e+01,-7.549999999999999767e-02,1.604347224470412669e+00
1.180180000000000007e+01,-8.459999999999999465e-02,1.517919526121095153e+00
1.178810000000000002e+01,-9.410000000000000309e-02,1.571876271851498030e+00
1.177459999999999951e+01,-1.038000000000000034e-01,1.623893404059699730e+00
1.176159999999999961e+01,-1.136999999999999955e-01,1.655994426465562608e+00
1.174900000000000055e+01,-1.238999999999999962e-01,1.704238426253285699e+00
1.173670000000000080e+01,-1.343999999999999917e-01,1.751042717120743664e+00
1.172480000000000011e+01,-1.451000000000000068e-01,1.729764223877148899e+00
1.171330000000000027e+01,-1.559999999999999998e-01,1.654861414862365931e+00
1.170209999999999972e+01,-1.671999999999999875e-01,1.576432438140945802e+00
1.169139999999999979e+01,-1.786000000000000087e-01,1.625265578506990494e+00
1.168099999999999916e+01,-1.902000000000000079e-01,1.556146820320371216e+00
1.167089999999999961e+01,-2.021000000000000019e-01,1.473723050187313088e+00
1.166119999999999912e+01,-2.144000000000000072e-01,1.525944208217964171e+00
1.165169999999999995e+01,-2.270000000000000073e-01,1.576802534740472606e+00
1.164250000000000007e+01,-2.399000000000000021e-01,1.549788175846379623e+00
1.163359999999999950e+01,-2.533000000000000251e-01,1.600845615914696207e+00
1.162490000000000023e+01,-2.670000000000000151e-01,1.650756356984685924e+00
1.161650000000000027e+01,-2.811000000000000165e-01,1.699741598750948546e+00
1.160839999999999961e+01,-2.954999999999999849e-01,1.663347078101278465e+00
1.160060000000000002e+01,-3.104000000000000092e-01,1.713156429477210585e+00
1.159299999999999997e+01,-3.256000000000000005e-01,1.762057353819417749e+00
1.158569999999999922e+01,-3.412000000000000033e-01,1.776482643506939629e+00
1.157869999999999955e+01,-3.573000000000000065e-01,1.825225928354401006e+00
1.157189999999999941e+01,-3.738000000000000211e-01,1.873476066255415962e+00
1.156540000000000035e+01,-3.906000000000000028e-01,1.905968307118950378e+00
1.155920000000000059e+01,-4.078999999999999848e-01,1.953583759622452343e+00
1.155330000000000013e+01,-4.257000000000000228e-01,2.001002957954400419e+00
1.154759999999999920e+01,-4.437999999999999723e-01,2.002622864498502242e+00
1.154219999999999935e+01,-4.625000000000000222e-01,2.050643565329345108e+00
1.153710000000000058e+01,-4.814999999999999836e-01,2.098062136682830481e+00
1.153219999999999956e+01,-5.010000000000000009e-01,2.145443289583585322e+00
1.152759999999999962e+01,-5.210000000000000187e-01,2.192749128381220380e+00
1.152330000000000076e+01,-5.414999999999999813e-01,2.240002221786833836e+00
1.151929999999999943e+01,-5.624000000000000110e-01,2.287007494647316896e+00
1.151549999999999940e+01,-5.838999999999999746e-01,2.293186628840494290e+00
1.151210000000000022e+01,-6.058000000000000052e-01,2.341010138678952579e+00
1.150890000000000057e+01,-6.281999999999999806e-01,2.388849647712752766e+00
1.150590000000000046e+01,-6.512000000000000011e-01,2.436914218734875348e+00
1.150329999999999941e+01,-6.746999999999999664e-01,2.484951676107236107e+00
1.150089999999999968e+01,-6.986999999999999877e-01,2.533018327508718137e+00
1.149879999999999924e+01,-7.231999999999999540e-01,2.581100579303055476e+00
1.149699999999999989e+01,-7.482999999999999652e-01,2.629396278829381650e+00
1.149540000000000006e+01,-7.740000000000000213e-01,2.677913808158487896e+00
1.149419999999999931e+01,-8.002000000000000224e-01,2.726444026404153398e+00
1.149319999999999986e+01,-8.269999999999999574e-01,2.775190719821834850e+00
1.149239999999999995e+01,-8.545000000000000373e-01,2.824322904770792508e+00
1.149200000000000088e+01,-8.826000000000000512e-01,2.873643739004844821e+00
1.149179999999999957e+01,-9.112999999999999989e-01,2.923155026213672514e+00
1.149189999999999934e+01,-9.406999999999999806e-01,2.973018164753389314e+00
1.149220000000000041e+01,-9.707999999999999963e-01,3.023218807454807422e+00
1.149280000000000079e+01,-1.001600000000000046e+00,3.073745336517561100e+00
1.149370000000000047e+01,-1.033099999999999907e+00,3.124586202837690951e+00
1.149489999999999945e+01,-1.065499999999999892e+00,3.176044880827443517e+00
1.149629999999999974e+01,-1.098700000000000010e+00,3.227933725256339148e+00
1.149799999999999933e+01,-1.132800000000000029e+00,3.280393212001370795e+00
1.149990000000000023e+01,-1.167899999999999938e+00,3.333540684348003325e+00
1.150210000000000043e+01,-1.203999999999999959e+00,3.387353426061944450e+00
1.150459999999999994e+01,-1.241200000000000081e+00,3.441947463347521552e+00
1.150730000000000075e+01,-1.279700000000000060e+00,3.497563142026869798e+00
1.151030000000000086e+01,-1.319700000000000095e+00,3.500000000000000000e+00
1.151370000000000005e+01,-1.361299999999999955e+00,3.500000000000000000e+00
1.151730000000000054e+01,-1.404800000000000049e+00,3.500000000000000000e+00
1.152120000000000033e+01,-1.450900000000000079e+00,3.500000000000000000e+00
1.152549999999999919e+01,-1.500199999999999978e+00,3.500000000000000000e+00
1.153040000000000020e+01,-1.554899999999999949e+00,3.500000000000000000e+00
1.153630000000000067e+01,-1.619899999999999896e+00,3.500000000000000000e+00
1.154129999999999967e+01,-1.676299999999999901e+00,3.500000000000000000e+00
1.154579999999999984e+01,-1.726900000000000102e+00,3.500000000000000000e+00
1.154989999999999917e+01,-1.774100000000000010e+00,3.500000000000000000e+00
1.155359999999999943e+01,-1.818899999999999961e+00,3.500000000000000000e+00
1.155710000000000015e+01,-1.861799999999999899e+00,3.500000000000000000e+00
1.156029999999999980e+01,-1.903200000000000003e+00,3.500000000000000000e+00
1.156320000000000014e+01,-1.943300000000000027e+00,3.500000000000000000e+00
1.156589999999999918e+01,-1.982199999999999962e+00,3.500000000000000000e+00
1.156840000000000046e+01,-2.020199999999999996e+00,3.500000000000000000e+00
1.157060000000000066e+01,-2.057300000000000129e+00,3.500000000000000000e+00
1.157249999999999979e+01,-2.093500000000000139e+00,3.500000000000000000e+00
1.157429999999999914e+01,-2.128899999999999793e+00,3.500000000000000000e+00
1.157579999999999920e+01,-2.163699999999999957e+00,3.500000000000000000e+00
1.157699999999999996e+01,-2.197799999999999976e+00,3.500000000000000000e+00
1.157799999999999940e+01,-2.231199999999999850e+00,3.500000000000000000e+00
1.157869999999999955e+01,-2.264100000000000001e+00,3.500000000000000000e+00
1.157929999999999993e+01,-2.296400000000000219e+00,3.500000000000000000e+00
1.157949999999999946e+01,-2.328100000000000058e+00,3.500000000000000000e+00
1.157949999999999946e+01,-2.359300000000000175e+00,3.500000000000000000e+00
1.157929999999999993e+01,-2.390099999999999891e+00,3.500000000000000000e+00
1.157879999999999932e+01,-2.420300000000000118e+00,3.500000000000000000e+00
1.157809999999999917e+01,-2.450099999999999945e+00,3.500000000000000000e+00
1.157709999999999972e+01,-2.479400000000000048e+00,3.500000000000000000e+00
1.157590000000000074e+01,-2.508199999999999985e+00,3.500000000000000000e+00
1.157440000000000069e+01,-2.536599999999999966e+00,3.466476372017039065e+00
1.157259999999999955e+01,-2.564599999999999991e+00,3.401107713364796670e+00
1.157060000000000066e+01,-2.592200000000000060e+00,3.335382403213304592e+00
1.156830000000000069e+01,-2.619299999999999962e+00,3.272029228450014315e+00
1.156579999999999941e+01,-2.646100000000000119e+00,3.205544203612497700e+00
1.156300000000000061e+01,-2.672499999999999876e+00,3.138589576156610939e+00
1.156000000000000050e+01,-2.698399999999999910e+00,3.071412357049663200e+00
1.155669999999999931e+01,-2.724000000000000199e+00,3.003428834359967325e+00
1.155310000000000059e+01,-2.749400000000000066e+00,2.934301138132623166e+00
1.154920000000000080e+01,-2.774700000000000166e+00,2.863658834371786810e+00
1.154509999999999970e+01,-2.799700000000000077e+00,2.791988254099821098e+00
1.154059999999999953e+01,-2.824600000000000222e+00,2.836940606646336516e+00
1.153589999999999982e+01,-2.849200000000000177e+00,2.839518620625824052e+00
1.153090000000000082e+01,-2.873600000000000154e+00,2.768456892015259019e+00
1.152560000000000073e+01,-2.897800000000000153e+00,2.695918464800086234e+00
1.152009999999999934e+01,-2.921699999999999964e+00,2.622132999243766971e+00
1.151420000000000066e+01,-2.945399999999999796e+00,2.668298139368894706e+00
1.150810000000000066e+01,-2.968799999999999883e+00,2.713233337124895339e+00
1.150179999999999936e+01,-2.991899999999999782e+00,2.713829080104914304e+00
1.149520000000000053e+01,-3.014800000000000146e+00,2.642641545333445752e+00
1.148830000000000062e+01,-3.037300000000000111e+00,2.609009751153658740e+00
1.148119999999999941e+01,-3.059499999999999886e+00,2.536534702492568183e+00
1.147380000000000067e+01,-3.081300000000000150e+00,2.462856194560693712e+00
1.146620000000000061e+01,-3.102899999999999991e+00,2.387319014602598877e+00
1.145829999999999949e+01,-3.124000000000000110e+00,2.434049366022796423e+00
1.145020000000000060e+01,-3.144899999999999807e+00,2.473643517883840737e+00
1.144190000000000040e+01,-3.165299999999999780e+00,2.401360165040585137e+00
1.143340000000000067e+01,-3.185400000000000009e+00,2.327521542531199916e+00
1.142459999999999987e+01,-3.205099999999999838e+00,2.373419047131235526e+00
1.141559999999999953e+01,-3.224400000000000155e+00,2.372334104425325663e+00
1.140639999999999965e+01,-3.243199999999999861e+00,2.374625455059719226e+00
1.139700000000000024e+01,-3.261699999999999822e+00,2.303655299533684087e+00
1.138739999999999952e+01,-3.279799999999999827e+00,2.231370679573585925e+00
1.137759999999999927e+01,-3.297400000000000109e+00,2.163406902965248957e+00
1.136759999999999948e+01,-3.314599999999999991e+00,2.088539627788344788e+00
1.135749999999999993e+01,-3.331300000000000150e+00,2.012394400717321563e+00
1.134709999999999930e+01,-3.347599999999999909e+00,2.059874567693506631e+00
1.133660000000000068e+01,-3.363500000000000156e+00,2.001457660248826986e+00
1.132590000000000074e+01,-3.378899999999999793e+00,1.996212731750634406e+00
1.131509999999999927e+01,-3.393800000000000150e+00,1.921048188507698873e+00
1.130410000000000004e+01,-3.408300000000000107e+00,1.843697845905748922e+00
1.129289999999999949e+01,-3.422299999999999898e+00,1.764188703387623347e+00
1.128159999999999918e+01,-3.435900000000000176e+00,1.682097260736964639e+00
1.127009999999999934e+01,-3.448900000000000077e+00,1.693417970050442367e+00
1.125859999999999950e+01,-3.461599999999999788e+00,1.610445986698396448e+00
1.124690000000000012e+01,-3.473700000000000010e+00,1.661881902125520227e+00
1.123499999999999943e+01,-3.485399999999999832e+00,1.711354624061046881e+00
1.122300000000000075e+01,-3.496599999999999930e+00,1.697354621369858263e+00
1.121100000000000030e+01,-3.507299999999999862e+00,1.619805767196803359e+00
1.119880000000000031e+01,-3.517599999999999838e+00,1.538930240020184081e+00
1.118650000000000055e+01,-3.527299999999999880e+00,1.589009874604034200e+00
1.117399999999999949e+01,-3.536700000000000177e+00,1.569855516036198884e+00
1.116150000000000020e+01,-3.545500000000000096e+00,1.573484255979328950e+00
1.114889999999999937e+01,-3.553900000000000059e+00,1.494509838744339403e+00
1.113620000000000054e+01,-3.561799999999999855e+00,1.412180581874047158e+00
1.112340000000000018e+01,-3.569300000000000139e+00,1.325476181154721544e+00
1.111040000000000028e+01,-3.576200000000000045e+00,1.379878208857211241e+00
1.109740000000000038e+01,-3.582800000000000207e+00,1.431732603186728570e+00
1.108430000000000071e+01,-3.588900000000000201e+00,1.443098267087798980e+00
1.107109999999999950e+01,-3.594500000000000028e+00,1.427613805129319235e+00
1.105780000000000030e+01,-3.599600000000000133e+00,1.476659794143648563e+00
1.104439999999999955e+01,-3.604299999999999837e+00,1.441392719887485185e+00
1.103100000000000058e+01,-3.608600000000000030e+00,1.361045403910297269e+00
1.101740000000000030e+01,-3.612400000000000055e+00,1.411968008267247443e+00
1.100350000000000072e+01,-3.615800000000000125e+00,1.461763156252626761e+00
1.098949999999999960e+01,-3.618799999999999795e+00,1.502660025551678658e+00
1.097519999999999918e+01,-3.621399999999999952e+00,1.423178162680620362e+00
1.096069999999999922e+01,-3.623499999999999943e+00,1.473753331058758276e+00
1.094589999999999996e+01,-3.625199999999999978e+00,1.523457263184741395e+00
1.093099999999999916e+01,-3.626500000000000057e+00,1.571778633165721750e+00
1.091580000000000084e+01,-3.627400000000000180e+00,1.519399792515240266e+00
1.090039999999999942e+01,-3.627800000000000136e+00,1.569276160778778628e+00
1.088480000000000025e+01,-3.627800000000000136e+00,1.618217435571800644e+00
1.086899999999999977e+01,-3.627400000000000180e+00,1.605323552491423555e+00
1.085299999999999976e+01,-3.626500000000000057e+00,1.654483796618750002e+00
1.083680000000000021e+01,-3.625199999999999978e+00,1.673303039856251395e+00
1.082039999999999935e+01,-3.623400000000000176e+00,1.712271935329778394e+00
1.080380000000000074e+01,-3.621100000000000207e+00,1.724933501653084900e+00
1.078710000000000058e+01,-3.618500000000000050e+00,1.644681321982117250e+00
1.077009999999999934e+01,-3.615299999999999958e+00,1.696455775847459879e+00
1.075300000000000011e+01,-3.611699999999999910e+00,1.747200786960882768e+00
1.073569999999999958e+01,-3.607699999999999907e+00,1.797296487199435910e+00
1.071829999999999927e+01,-3.603200000000000180e+00,1.846618383020280696e+00
1.070079999999999920e+01,-3.598199999999999843e+00,1.895257818804726879e+00
1.068309999999999960e+01,-3.592799999999999994e+00,1.903394575249937049e+00
1.066530000000000022e+01,-3.587000000000000188e+00,1.823012104139926759e+00
1.064739999999999931e+01,-3.580600000000000005e+00,1.874425372034200121e+00
1.062940000000000040e+01,-3.573900000000000077e+00,1.892595760905199542e+00
1.061129999999999995e+01,-3.566600000000000215e+00,1.943472487507539093e+00
1.059319999999999951e+01,-3.559000000000000163e+00,1.993337337354292860e+00
1.057489999999999952e+01,-3.550899999999999945e+00,2.014613057327612644e+00
1.055669999999999931e+01,-3.542300000000000004e+00,2.063967435061970779e+00
1.053839999999999932e+01,-3.533399999999999874e+00,2.112689292031762811e+00
1.052009999999999934e+01,-3.524000000000000021e+00,2.160830037457846853e+00
1.050179999999999936e+01,-3.514200000000000212e+00,2.208342135202103318e+00
1.048339999999999961e+01,-3.503899999999999793e+00,2.255580245287639674e+00
1.046519999999999939e+01,-3.493300000000000072e+00,2.269116911517635948e+00
1.044689999999999941e+01,-3.482299999999999951e+00,2.192547893737233800e+00
1.042869999999999919e+01,-3.470800000000000107e+00,2.241105630105770796e+00
1.041060000000000052e+01,-3.459000000000000075e+00,2.288803522474830654e+00
1.039259999999999984e+01,-3.446899999999999853e+00,2.250734138399717477e+00
1.037470000000000070e+01,-3.434299999999999908e+00,2.298848338209004805e+00
1.035689999999999955e+01,-3.421400000000000219e+00,2.346174154119023747e+00
1.033919999999999995e+01,-3.408199999999999896e+00,2.359756807409093771e+00
1.032169999999999987e+01,-3.394600000000000062e+00,2.406259497424620086e+00
1.030429999999999957e+01,-3.380799999999999805e+00,2.381312726563387550e+00
1.028710000000000058e+01,-3.366600000000000037e+00,2.423820033552152253e+00
1.027020000000000088e+01,-3.352100000000000080e+00,2.469328389748086661e+00
1.025339999999999918e+01,-3.337400000000000144e+00,2.408953502988006257e+00
1.023680000000000057e+01,-3.322299999999999809e+00,2.455088722168177195e+00
1.022029999999999994e+01,-3.306900000000000173e+00,2.447489706989208536e+00
1.020400000000000063e+01,-3.291100000000000136e+00,2.379336449105710738e+00
1.018779999999999930e+01,-3.275100000000000122e+00,2.301506788453009378e+00
1.017179999999999929e+01,-3.258599999999999941e+00,2.350908419310822506e+00
1.015590000000000082e+01,-3.241800000000000015e+00,2.399600357205531331e+00
1.014020000000000010e+01,-3.224699999999999900e+00,2.447493426365468405e+00
1.012459999999999916e+01,-3.207199999999999829e+00,2.494927192739064381e+00
1.010909999999999975e+01,-3.189400000000000013e+00,2.541788590310910756e+00
1.009370000000000012e+01,-3.171199999999999797e+00,2.588262090082396494e+00
1.007850000000000001e+01,-3.152699999999999836e+00,2.634109982135527606e+00
1.006349999999999945e+01,-3.133799999999999919e+00,2.679519673299154192e+00
1.004850000000000065e+01,-3.114500000000000046e+00,2.724749853713707815e+00
1.003369999999999962e+01,-3.094899999999999984e+00,2.769451763118653709e+00
1.001900000000000013e+01,-3.074899999999999967e+00,2.813907367259149694e+00
1.000440000000000040e+01,-3.054600000000000204e+00,2.827748440874962910e+00
9.990000000000000213e+00,-3.033900000000000041e+00,2.871989190080801890e+00
9.975699999999999790e+00,-3.012799999999999923e+00,2.916027098980713994e+00
9.961499999999999133e+00,-2.991299999999999848e+00,2.959877475758223131e+00
9.947400000000000020e+00,-2.969399999999999817e+00,3.003554500979571884e+00
9.933500000000000441e+00,-2.947200000000000042e+00,3.046845122794930028e+00
9.919600000000000861e+00,-2.924599999999999866e+00,3.064315703457994200e+00
9.905900000000000816e+00,-2.901600000000000179e+00,3.107690685246884410e+00
9.892300000000000537e+00,-2.878200000000000092e+00,3.150935172618470226e+00
9.878700000000000259e+00,-2.854400000000000048e+00,3.194136694865506332e+00
9.865299999999999514e+00,-2.830200000000000049e+00,3.237148700927818812e+00
9.852000000000000313e+00,-2.805600000000000094e+00,3.280058426436898600e+00
9.838800000000000878e+00,-2.780600000000000183e+00,3.322873998679837904e+00
9.825699999999999434e+00,-2.755100000000000104e+00,3.365735078477772646e+00
9.812699999999999534e+00,-2.729299999999999837e+00,3.408382898934280369e+00
9.799799999999999400e+00,-2.702999999999999847e+00,3.451087861136890034e+00
9.787000000000000810e+00,-2.676299999999999901e+00,3.493723471228872501e+00
9.774200000000000443e+00,-2.649199999999999999e+00,3.500000000000000000e+00
9.761499999999999844e+00,-2.621599999999999930e+00,3.500000000000000000e+00
9.748900000000000787e+00,-2.593599999999999905e+00,3.500000000000000000e+00
9.736399999999999721e+00,-2.565100000000000158e+00,3.500000000000000000e+00
9.724000000000000199e+00,-2.536200000000000010e+00,3.500000000000000000e+00
9.711600000000000676e+00,-2.506800000000000139e+00,3.500000000000000000e+00
9.699199999999999378e+00,-2.476900000000000102e+00,3.500000000000000000e+00
9.686899999999999622e+00,-2.446499999999999897e+00,3.500000000000000000e+00
9.674699999999999633e+00,-2.415599999999999969e+00,3.500000000000000000e+00
9.662499999999999645e+00,-2.384100000000000108e+00,3.500000000000000000e+00
9.650299999999999656e+00,-2.352100000000000080e+00,3.500000000000000000e+00
9.638099999999999667e+00,-2.319599999999999884e+00,3.500000000000000000e+00
9.625999999999999446e+00,-2.286500000000000199e+00,3.500000000000000000e+00
9.613799999999999457e+00,-2.252800000000000136e+00,3.500000000000000000e+00
9.601699999999999235e+00,-2.218500000000000139e+00,3.500000000000000000e+00
9.589499999999999247e+00,-2.183499999999999996e+00,3.500000000000000000e+00
9.577299999999999258e+00,-2.147800000000000153e+00,3.500000000000000000e+00
9.564999999999999503e+00,-2.111499999999999932e+00,3.500000000000000000e+00
9.552599999999999980e+00,-2.074300000000000033e+00,3.500000000000000000e+00
9.540200000000000458e+00,-2.036300000000000221e+00,3.500000000000000000e+00
9.527599999999999625e+00,-1.997400000000000064e+00,3.500000000000000000e+00
9.514900000000000801e+00,-1.957600000000000007e+00,3.500000000000000000e+00
9.502000000000000668e+00,-1.916600000000000081e+00,3.500000000000000000e+00
9.488799999999999457e+00,-1.874500000000000055e+00,3.500000000000000000e+00
9.475400000000000489e+00,-1.830899999999999972e+00,3.500000000000000000e+00
9.461499999999999133e+00,-1.785800000000000054e+00,3.500000000000000000e+00
9.447200000000000486e+00,-1.738599999999999923e+00,3.500000000000000000e+00
9.432199999999999918e+00,-1.688800000000000079e+00,3.500000000000000000e+00
9.416100000000000136e+00,-1.635299999999999976e+00,3.500000000000000000e+00
9.397800000000000153e+00,-1.574400000000000022e+00,3.500000000000000000e+00
9.379200000000000870e+00,-1.512399999999999967e+00,3.500000000000000000e+00
9.363099999999999312e+00,-1.458700000000000108e+00,3.500000000000000000e+00
9.348000000000000753e+00,-1.408800000000000052e+00,3.500000000000000000e+00
9.333700000000000330e+00,-1.361599999999999921e+00,3.500000000000000000e+00
9.319800000000000750e+00,-1.316400000000000015e+00,3.500000000000000000e+00
9.306400000000000006e+00,-1.272999999999999909e+00,3.500000000000000000e+00
9.293300000000000338e+00,-1.231000000000000094e+00,3.500000000000000000e+00
9.280400000000000205e+00,-1.190199999999999925e+00,3.500000000000000000e+00
9.267799999999999372e+00,-1.150600000000000067e+00,3.500000000000000000e+00
9.255300000000000082e+00,-1.111900000000000110e+00,3.500000000000000000e+00
9.242900000000000560e+00,-1.074200000000000044e+00,3.500000000000000000e+00
9.230700000000000571e+00,-1.037400000000000100e+00,3.500000000000000000e+00
9.218500000000000583e+00,-1.001400000000000068e+00,3.500000000000000000e+00
9.206400000000000361e+00,-9.660999999999999588e-01,3.500000000000000000e+00
9.194300000000000139e+00,-9.314999999999999947e-01,3.500000000000000000e+00
9.182299999999999685e+00,-8.975999999999999535e-01,3.500000000000000000e+00
9.170199999999999463e+00,-8.643999999999999462e-01,3.500000000000000000e+00
9.158200000000000784e+00,-8.317999999999999838e-01,3.500000000000000000e+00
9.146200000000000330e+00,-7.997999999999999554e-01,3.500000000000000000e+00
9.134199999999999875e+00,-7.683999999999999719e-01,3.500000000000000000e+00
9.122099999999999653e+00,-7.375000000000000444e-01,3.500000000000000000e+00
9.109999999999999432e+00,-7.072000000000000508e-01,3.500000000000000000e+00
9.097899999999999210e+00,-6.774000000000000021e-01,3.500000000000000000e+00
9.085699999999999221e+00,-6.481999999999999984e-01,3.500000000000000000e+00
9.073499999999999233e+00,-6.193999999999999506e-01,3.500000000000000000e+00
9.061199999999999477e+00,-5.911999999999999478e-01,3.500000000000000000e+00
9.048799999999999955e+00,-5.634000000000000119e-01,3.500000000000000000e+00
9.036400000000000432e+00,-5.362000000000000099e-01,3.500000000000000000e+00
9.023999999999999133e+00,-5.093999999999999639e-01,3.500000000000000000e+00
9.011400000000000077e+00,-4.829999999999999849e-01,3.449569643596112289e+00
8.998799999999999244e+00,-4.571999999999999953e-01,3.382326545329708001e+00
8.986000000000000654e+00,-4.318000000000000171e-01,3.424114792513321959e+00
8.973200000000000287e+00,-4.067999999999999949e-01,3.464884567805123439e+00
8.960300000000000153e+00,-3.822999999999999732e-01,3.426807999030647256e+00
8.947300000000000253e+00,-3.582000000000000184e-01,3.362274605424785623e+00
8.934200000000000585e+00,-3.345000000000000195e-01,3.297213720926857494e+00
8.920999999999999375e+00,-3.113000000000000211e-01,3.231801538705359356e+00
8.907700000000000173e+00,-2.883999999999999897e-01,3.165569155000352186e+00
8.894299999999999429e+00,-2.660000000000000142e-01,3.098902121715938485e+00
8.880800000000000693e+00,-2.441000000000000114e-01,3.031759905029552726e+00
8.867200000000000415e+00,-2.225000000000000033e-01,2.963641321875182477e+00
8.853500000000000369e+00,-2.013000000000000067e-01,2.894703255547271148e+00
8.839499999999999247e+00,-1.802999999999999881e-01,2.824090153451903173e+00
8.825300000000000367e+00,-1.595000000000000029e-01,2.751822402862316164e+00
8.810800000000000409e+00,-1.390000000000000124e-01,2.797074208433649289e+00
8.796200000000000685e+00,-1.187000000000000000e-01,2.841421144864963999e+00
8.781299999999999883e+00,-9.859999999999999321e-02,2.857926283957386016e+00
8.766099999999999781e+00,-7.870000000000000606e-02,2.786949440082127971e+00
8.750799999999999912e+00,-5.899999999999999689e-02,2.714404281197659419e+00
8.735200000000000742e+00,-3.960000000000000325e-02,2.759879048444237704e+00
8.719300000000000495e+00,-2.029999999999999860e-02,2.804815921739464368e+00
8.703200000000000713e+00,-1.299999999999999940e-03,2.848865127072108816e+00
8.686899999999999622e+00,1.750000000000000167e-02,2.892206033925372566e+00
8.670400000000000773e+00,3.610000000000000014e-02,2.847091722732413732e+00
8.653600000000000847e+00,5.449999999999999983e-02,2.776198397663619755e+00
8.636599999999999611e+00,7.270000000000000073e-02,2.703479915675266021e+00
8.619300000000000850e+00,9.059999999999999998e-02,2.745466273424680637e+00
8.601800000000000779e+00,1.083999999999999964e-01,2.671740392737302905e+00
8.583999999999999631e+00,1.259000000000000119e-01,2.595921492236569872e+00
8.566100000000000492e+00,1.433000000000000107e-01,2.517815406884241103e+00
8.547800000000000509e+00,1.603999999999999870e-01,2.567071093818898753e+00
8.529400000000000759e+00,1.774000000000000021e-01,2.533053101357581216e+00
8.510600000000000165e+00,1.940999999999999948e-01,2.582212179703154309e+00
8.491699999999999804e+00,2.106000000000000094e-01,2.630344113482488755e+00
8.472500000000000142e+00,2.268999999999999906e-01,2.677791859521323481e+00
8.452999999999999403e+00,2.429999999999999938e-01,2.724599916747211470e+00
8.433299999999999130e+00,2.589000000000000190e-01,2.770668643988202451e+00
8.413299999999999557e+00,2.746999999999999997e-01,2.816289242757580524e+00
8.393100000000000449e+00,2.902000000000000135e-01,2.861136224493207258e+00
8.372700000000000031e+00,3.054999999999999938e-01,2.905357206112054946e+00
8.352000000000000313e+00,3.205999999999999961e-01,2.949122421096422197e+00
8.330999999999999517e+00,3.355000000000000204e-01,2.992459333096621155e+00
8.309799999999999187e+00,3.502000000000000113e-01,3.035258068357092665e+00
8.288299999999999557e+00,3.648000000000000131e-01,3.060401195065837410e+00
8.266600000000000392e+00,3.790999999999999925e-01,3.054543960240305722e+00
8.244600000000000151e+00,3.931999999999999940e-01,2.985322205594847844e+00
8.222300000000000608e+00,4.072000000000000064e-01,2.913908416599324092e+00
8.199799999999999756e+00,4.208999999999999964e-01,2.840665134323088203e+00
8.177099999999999369e+00,4.344999999999999973e-01,2.765136996505241473e+00
8.153999999999999915e+00,4.477999999999999758e-01,2.812922798113602685e+00
8.130699999999999150e+00,4.610000000000000209e-01,2.860127182228404674e+00
8.107100000000000861e+00,4.739999999999999769e-01,2.906847768189709580e+00
8.083299999999999486e+00,4.868000000000000105e-01,2.952964761135596916e+00
8.059200000000000585e+00,4.994000000000000106e-01,2.998658240551360432e+00
8.034800000000000608e+00,5.118000000000000327e-01,3.043953319277330483e+00
8.010199999999999321e+00,5.240000000000000213e-01,3.088728284309645744e+00
7.985299999999999621e+00,5.360000000000000320e-01,3.133153319332889541e+00
7.960099999999999731e+00,5.479000000000000536e-01,3.177315554327304170e+00
7.934599999999999653e+00,5.595999999999999863e-01,3.221163498760648558e+00
7.908900000000000041e+00,5.709999999999999520e-01,3.264512783281771302e+00
7.882799999999999585e+00,5.824000000000000288e-01,3.307847362787624590e+00
7.856499999999999595e+00,5.935000000000000275e-01,3.350719133141431438e+00
7.830000000000000071e+00,6.044000000000000483e-01,3.393207944514873731e+00
7.803099999999999703e+00,6.151999999999999691e-01,3.435655805742416469e+00
7.775900000000000034e+00,6.258000000000000229e-01,3.477880886882599221e+00
7.748499999999999943e+00,6.361999999999999877e-01,3.420081612561562956e+00
7.720799999999999663e+00,6.463999999999999746e-01,3.350323185311758323e+00
7.692800000000000082e+00,6.564999999999999725e-01,3.278476890916902864e+00
7.664399999999999658e+00,6.663000000000000034e-01,3.323980106002107249e+00
7.635799999999999699e+00,6.760000000000000453e-01,3.369101571743182255e+00
7.606900000000000439e+00,6.855999999999999872e-01,3.413996617395133715e+00
7.577799999999999869e+00,6.948999999999999622e-01,3.458449434995376937e+00
7.548300000000000232e+00,7.040999999999999481e-01,3.500000000000000000e+00
7.518500000000000405e+00,7.131999999999999451e-01,3.500000000000000000e+00
7.488400000000000389e+00,7.219999999999999751e-01,3.500000000000000000e+00
7.458000000000000185e+00,7.307000000000000162e-01,3.500000000000000000e+00
7.427200000000000024e+00,7.391999999999999682e-01,3.500000000000000000e+00
7.396200000000000330e+00,7.476000000000000423e-01,3.500000000000000000e+00
7.364899999999999558e+00,7.558000000000000274e-01,3.500000000000000000e+00
7.333199999999999719e+00,7.638000000000000345e-01,3.500000000000000000e+00
7.301199999999999690e+00,7.717000000000000526e-01,3.500000000000000000e+00
7.268900000000000361e+00,7.793999999999999817e-01,3.500000000000000000e+00
7.236299999999999955e+00,7.870000000000000329e-01,3.500000000000000000e+00
7.203299999999999592e+00,7.943999999999999950e-01,3.500000000000000000e+00
7.169999999999999929e+00,8.016999999999999682e-01,3.500000000000000000e+00
7.136400000000000077e+00,8.087999999999999634e-01,3.500000000000000000e+00
7.102400000000000269e+00,8.157999999999999696e-01,3.500000000000000000e+00
7.068100000000000271e+00,8.225999999999999979e-01,3.500000000000000000e+00
7.033500000000000085e+00,8.293000000000000371e-01,3.500000000000000000e+00
6.998400000000000176e+00,8.357999999999999874e-01,3.500000000000000000e+00
6.963099999999999845e+00,8.421999999999999487e-01,3.500000000000000000e+00
6.927299999999999791e+00,8.485000000000000320e-01,3.500000000000000000e+00
6.891200000000000436e+00,8.546000000000000263e-01,3.500000000000000000e+00
6.854700000000000237e+00,8.606000000000000316e-01,3.500000000000000000e+00
6.817800000000000082e+00,8.665000000000000480e-01,3.500000000000000000e+00
6.780499999999999972e+00,8.721999999999999753e-01,3.500000000000000000e+00
6.742899999999999672e+00,8.778000000000000247e-01,3.500000000000000000e+00
6.704799999999999649e+00,8.832999999999999741e-01,3.500000000000000000e+00
6.666299999999999670e+00,8.887000000000000455e-01,3.500000000000000000e+00
6.627299999999999969e+00,8.939000000000000279e-01,3.500000000000000000e+00
6.588000000000000078e+00,8.991000000000000103e-01,3.500000000000000000e+00
6.548099999999999810e+00,9.041000000000000147e-01,3.500000000000000000e+00
6.507799999999999585e+00,9.091000000000000192e-01,3.500000000000000000e+00
6.467100000000000293e+00,9.139000000000000457e-01,3.500000000000000000e+00
6.425799999999999734e+00,9.185999999999999721e-01,3.500000000000000000e+00
6.384000000000000341e+00,9.233000000000000096e-01,3.500000000000000000e+00
6.341700000000000337e+00,9.277999999999999581e-01,3.500000000000000000e+00
6.298899999999999721e+00,9.323000000000000176e-01,3.500000000000000000e+00
6.255399999999999849e+00,9.366999999999999771e-01,3.500000000000000000e+00
6.211400000000000254e+00,9.409999999999999476e-01,3.500000000000000000e+00
6.166699999999999626e+00,9.453000000000000291e-01,3.500000000000000000e+00
6.121400000000000396e+00,9.495000000000000107e-01,3.500000000000000000e+00
6.075300000000000367e+00,9.536000000000000032e-01,3.500000000000000000e+00
6.028500000000000192e+00,9.576999999999999957e-01,3.500000000000000000e+00
5.980900000000000105e+00,9.616999999999999993e-01,3.500000000000000000e+00
5.932400000000000340e+00,9.657999999999999918e-01,3.500000000000000000e+00
5.882900000000000240e+00,9.697999999999999954e-01,3.500000000000000000e+00
5.832399999999999807e+00,9.737999999999999989e-01,3.500000000000000000e+00
5.780800000000000161e+00,9.778000000000000025e-01,3.500000000000000000e+00
5.727800000000000225e+00,9.818000000000000060e-01,3.500000000000000000e+00
5.673199999999999577e+00,9.858999999999999986e-01,3.500000000000000000e+00
5.616900000000000226e+00,9.900999999999999801e-01,3.500000000000000000e+00
5.558200000000000252e+00,9.943999999999999506e-01,3.500000000000000000e+00
5.496299999999999741e+00,9.988000000000000211e-01,3.500000000000000000e+00
5.429100000000000037e+00,1.003700000000000037e+00,3.500000000000000000e+00
5.359200000000000408e+00,1.008699999999999930e+00,3.500000000000000000e+00
5.296100000000000030e+00,1.013300000000000090e+00,3.500000000000000000e+00
5.236500000000000377e+00,1.017600000000000060e+00,3.500000000000000000e+00
5.179299999999999571e+00,1.021800000000000042e+00,3.500000000000000000e+00
5.123999999999999666e+00,1.026000000000000023e+00,3.500000000000000000e+00
5.070199999999999818e+00,1.030000000000000027e+00,3.500000000000000000e+00
5.017699999999999605e+00,1.034100000000000019e+00,3.500000000000000000e+00
4.966300000000000381e+00,1.038100000000000023e+00,3.500000000000000000e+00
4.916000000000000369e+00,1.042100000000000026e+00,3.500000000000000000e+00
4.866500000000000270e+00,1.046200000000000019e+00,3.500000000000000000e+00
4.817899999999999849e+00,1.050300000000000011e+00,3.500000000000000000e+00
4.769999999999999574e+00,1.054400000000000004e+00,3.500000000000000000e+00
4.722800000000000331e+00,1.058599999999999985e+00,3.500000000000000000e+00
4.676300000000000345e+00,1.062799999999999967e+00,3.500000000000000000e+00
4.630399999999999849e+00,1.067099999999999937e+00,3.500000000000000000e+00
4.584999999999999964e+00,1.071399999999999908e+00,3.500000000000000000e+00
4.540199999999999569e+00,1.075800000000000090e+00,3.500000000000000000e+00
4.495899999999999785e+00,1.080300000000000038e+00,3.500000000000000000e+00
4.452099999999999724e+00,1.084899999999999975e+00,3.500000000000000000e+00
4.408800000000000274e+00,1.089499999999999913e+00,3.500000000000000000e+00
4.365899999999999892e+00,1.094300000000000050e+00,3.500000000000000000e+00
4.323500000000000121e+00,1.099099999999999966e+00,3.500000000000000000e+00
4.281500000000000306e+00,1.104000000000000092e+00,3.500000000000000000e+00
4.239799999999999791e+00,1.109099999999999975e+00,3.500000000000000000e+00
4.198599999999999888e+00,1.114200000000000079e+00,3.500000000000000000e+00
4.157700000000000173e+00,1.119399999999999951e+00,3.500000000000000000e+00
4.117200000000000415e+00,1.124800000000000022e+00,3.500000000000000000e+00
4.077099999999999724e+00,1.130200000000000093e+00,3.500000000000000000e+00
4.037300000000000111e+00,1.135799999999999921e+00,3.500000000000000000e+00
3.997799999999999798e+00,1.141499999999999959e+00,3.500000000000000000e+00
3.958699999999999886e+00,1.147299999999999986e+00,3.500000000000000000e+00
3.919700000000000184e+00,1.153299999999999992e+00,3.500000000000000000e+00
3.880599999999999827e+00,1.159499999999999975e+00,3.500000000000000000e+00
3.841200000000000170e+00,1.165799999999999947e+00,3.500000000000000000e+00
3.801699999999999857e+00,1.172400000000000109e+00,3.500000000000000000e+00
3.762000000000000011e+00,1.179100000000000037e+00,3.500000000000000000e+00
3.722100000000000186e+00,1.186099999999999932e+00,3.500000000000000000e+00
3.681999999999999940e+00,1.193200000000000038e+00,3.500000000000000000e+00
3.641599999999999948e+00,1.200599999999999890e+00,3.500000000000000000e+00
3.601100000000000190e+00,1.208099999999999952e+00,3.500000000000000000e+00
3.560299999999999798e+00,1.215899999999999981e+00,3.500000000000000000e+00
3.519299999999999873e+00,1.223799999999999999e+00,3.500000000000000000e+00
3.478000000000000203e+00,1.231899999999999995e+00,3.500000000000000000e+00
3.436500000000000110e+00,1.240299999999999958e+00,3.500000000000000000e+00
3.394600000000000062e+00,1.248799999999999910e+00,3.500000000000000000e+00
3.352500000000000036e+00,1.257600000000000051e+00,3.500000000000000000e+00
3.310099999999999820e+00,1.266599999999999948e+00,3.500000000000000000e+00
3.267300000000000093e+00,1.275700000000000056e+00,3.500000000000000000e+00
3.224200000000000177e+00,1.285099999999999909e+00,3.500000000000000000e+00
3.180800000000000072e+00,1.294699999999999962e+00,3.500000000000000000e+00
3.136899999999999800e+00,1.304499999999999993e+00,3.500000000000000000e+00
3.092699999999999783e+00,1.314500000000000002e+00,3.500000000000000000e+00
3.048000000000000043e+00,1.324799999999999978e+00,3.500000000000000000e+00
3.002899999999999903e+00,1.335199999999999942e+00,3.500000000000000000e+00
2.957199999999999829e+00,1.345900000000000096e+00,3.500000000000000000e+00
2.911000000000000032e+00,1.356899999999999995e+00,3.500000000000000000e+00
2.864199999999999857e+00,1.368100000000000094e+00,3.500000000000000000e+00
2.816800000000000193e+00,1.379499999999999948e+00,3.500000000000000000e+00
2.768699999999999939e+00,1.391299999999999981e+00,3.500000000000000000e+00
2.719800000000000217e+00,1.403299999999999992e+00,3.500000000000000000e+00
2.669999999999999929e+00,1.415599999999999969e+00,3.500000000000000000e+00
2.619200000000000195e+00,1.428199999999999914e+00,3.500000000000000000e+00
2.567299999999999915e+00,1.441200000000000037e+00,3.500000000000000000e+00
2.513999999999999790e+00,1.454599999999999893e+00,3.500000000000000000e+00
2.459099999999999842e+00,1.468499999999999917e+00,3.500000000000000000e+00
2.402099999999999902e+00,1.482900000000000107e+00,3.500000000000000000e+00
2.342200000000000060e+00,1.498199999999999976e+00,3.500000000000000000e+00
2.277400000000000091e+00,1.514699999999999935e+00,3.500000000000000000e+00
2.209099999999999842e+00,1.532100000000000017e+00,3.500000000000000000e+00
2.147699999999999942e+00,1.547700000000000076e+00,3.500000000000000000e+00
2.089900000000000091e+00,1.562400000000000011e+00,3.500000000000000000e+00
2.034499999999999975e+00,1.576400000000000023e+00,3.500000000000000000e+00
1.981100000000000083e+00,1.589800000000000102e+00,3.500000000000000000e+00
1.929200000000000026e+00,1.602800000000000002e+00,3.500000000000000000e+00
1.878700000000000037e+00,1.615399999999999947e+00,3.500000000000000000e+00
1.829399999999999915e+00,1.627599999999999936e+00,3.500000000000000000e+00
1.781099999999999905e+00,1.639499999999999957e+00,3.500000000000000000e+00
1.733700000000000019e+00,1.651000000000000023e+00,3.500000000000000000e+00
1.687200000000000033e+00,1.662300000000000111e+00,3.500000000000000000e+00
1.641399999999999970e+00,1.673200000000000021e+00,3.500000000000000000e+00
1.596400000000000041e+00,1.683799999999999963e+00,3.500000000000000000e+00
1.552100000000000035e+00,1.694199999999999928e+00,3.500000000000000000e+00
1.508299999999999974e+00,1.704299999999999926e+00,3.500000000000000000e+00
1.465200000000000058e+00,1.714199999999999946e+00,3.500000000000000000e+00
1.422600000000000087e+00,1.723700000000000010e+00,3.500000000000000000e+00
1.380500000000000060e+00,1.733000000000000096e+00,3.500000000000000000e+00
1.338899999999999979e+00,1.742099999999999982e+00,3.500000000000000000e+00
1.297700000000000076e+00,1.750899999999999901e+00,3.500000000000000000e+00
1.257100000000000106e+00,1.759500000000000064e+00,3.500000000000000000e+00
1.216800000000000104e+00,1.767800000000000038e+00,3.500000000000000000e+00
1.176900000000000057e+00,1.775900000000000034e+00,3.500000000000000000e+00
1.137499999999999956e+00,1.783700000000000063e+00,3.500000000000000000e+00
1.098400000000000043e+00,1.791299999999999892e+00,3.500000000000000000e+00
1.059700000000000086e+00,1.798699999999999966e+00,3.500000000000000000e+00
1.021300000000000097e+00,1.805800000000000072e+00,3.500000000000000000e+00
9.832999999999999519e-01,1.812699999999999978e+00,3.500000000000000000e+00
9.455000000000000071e-01,1.819299999999999917e+00,3.500000000000000000e+00
9.081000000000000183e-01,1.825700000000000101e+00,3.500000000000000000e+00
8.709999999999999964e-01,1.831900000000000084e+00,3.500000000000000000e+00
8.342000000000000526e-01,1.837800000000000100e+00,3.500000000000000000e+00
7.976999999999999647e-01,1.843499999999999917e+00,3.500000000000000000e+00
7.614999999999999547e-01,1.848999999999999977e+00,3.500000000000000000e+00
7.255000000000000338e-01,1.854200000000000070e+00,3.500000000000000000e+00
6.897999999999999687e-01,1.859099999999999975e+00,3.500000000000000000e+00
6.542999999999999927e-01,1.863899999999999890e+00,3.500000000000000000e+00
6.190999999999999837e-01,1.868400000000000061e+00,3.500000000000000000e+00
5.842000000000000526e-01,1.872600000000000042e+00,3.500000000000000000e+00
5.493999999999999995e-01,1.876700000000000035e+00,3.500000000000000000e+00
5.149000000000000243e-01,1.880500000000000060e+00,3.500000000000000000e+00
4.807000000000000162e-01,1.883999999999999897e+00,3.500000000000000000e+00
4.465999999999999970e-01,1.887299999999999978e+00,3.500000000000000000e+00
4.128000000000000003e-01,1.890400000000000080e+00,3.500000000000000000e+00
3.790999999999999925e-01,1.893199999999999994e+00,3.500000000000000000e+00
3.457000000000000073e-01,1.895799999999999930e+00,3.500000000000000000e+00
3.125000000000000000e-01,1.898099999999999898e+00,3.500000000000000000e+00
2.795000000000000262e-01,1.900199999999999889e+00,3.500000000000000000e+00
2.467000000000000026e-01,1.902099999999999902e+00,3.500000000000000000e+00
2.139999999999999958e-01,1.903699999999999948e+00,3.500000000000000000e+00
1.816000000000000114e-01,1.905100000000000016e+00,3.500000000000000000e+00
1.492999999999999883e-01,1.906199999999999894e+00,3.500000000000000000e+00
1.171999999999999986e-01,1.907100000000000017e+00,3.500000000000000000e+00
8.530000000000000082e-02,1.907799999999999940e+00,3.500000000000000000e+00
5.360000000000000181e-02,1.908199999999999896e+00,3.500000000000000000e+00
2.199999999999999872e-02,1.908400000000000096e+00,3.500000000000000000e+00
-9.400000000000000369e-03,1.908300000000000107e+00,3.500000000000000000e+00
-4.059999999999999720e-02,1.907899999999999929e+00,3.500000000000000000e+00
-7.169999999999999984e-02,1.907399999999999984e+00,3.447878783138819347e+00
-1.025999999999999968e-01,1.906500000000000083e+00,3.474945501540867454e+00
-1.333999999999999908e-01,1.905499999999999972e+00,3.403261166415826100e+00
-1.640000000000000069e-01,1.904099999999999904e+00,3.447971383415663116e+00
-1.945000000000000062e-01,1.902600000000000069e+00,3.491972979641361885e+00
-2.247999999999999998e-01,1.900800000000000045e+00,3.500000000000000000e+00
-2.549000000000000155e-01,1.898700000000000054e+00,3.500000000000000000e+00
-2.849999999999999756e-01,1.896400000000000086e+00,3.500000000000000000e+00
-3.148000000000000242e-01,1.893799999999999928e+00,3.500000000000000000e+00
-3.446000000000000174e-01,1.891000000000000014e+00,3.500000000000000000e+00
-3.741999999999999771e-01,1.887999999999999901e+00,3.500000000000000000e+00
-4.036000000000000143e-01,1.884700000000000042e+00,3.500000000000000000e+00
-4.329999999999999960e-01,1.881099999999999994e+00,3.500000000000000000e+00
-4.621999999999999997e-01,1.877299999999999969e+00,3.500000000000000000e+00
-4.913000000000000145e-01,1.873199999999999976e+00,3.500000000000000000e+00
-5.201999999999999957e-01,1.868900000000000006e+00,3.500000000000000000e+00
-5.490000000000000435e-01,1.864300000000000068e+00,3.500000000000000000e+00
-5.776999999999999913e-01,1.859499999999999931e+00,3.500000000000000000e+00
-6.062999999999999501e-01,1.854400000000000048e+00,3.500000000000000000e+00
-6.348000000000000309e-01,1.849099999999999966e+00,3.500000000000000000e+00
-6.631000000000000227e-01,1.843499999999999917e+00,3.500000000000000000e+00
-6.913000000000000256e-01,1.837699999999999889e+00,3.500000000000000000e+00
-7.194000000000000394e-01,1.831599999999999895e+00,3.500000000000000000e+00
-7.473999999999999533e-01,1.825199999999999934e+00,3.500000000000000000e+00
-7.752999999999999892e-01,1.818599999999999994e+00,3.500000000000000000e+00
-8.031000000000000361e-01,1.811700000000000088e+00,3.500000000000000000e+00
-8.306999999999999940e-01,1.804599999999999982e+00,3.500000000000000000e+00
-8.582999999999999519e-01,1.797199999999999909e+00,3.470779383471905177e+00
-8.857000000000000428e-01,1.789600000000000080e+00,3.404608310961660944e+00
-9.131000000000000227e-01,1.781700000000000061e+00,3.336929663409114788e+00
-9.403000000000000247e-01,1.773500000000000076e+00,3.268111553063640873e+00
-9.675000000000000266e-01,1.765099999999999891e+00,3.197666761490695730e+00
-9.945000000000000506e-01,1.756499999999999950e+00,3.125969919264746544e+00
-1.021400000000000086e+00,1.747500000000000053e+00,3.171016306885657166e+00
-1.048300000000000010e+00,1.738299999999999956e+00,3.215531339926784415e+00
-1.074999999999999956e+00,1.728900000000000103e+00,3.259249207278526406e+00
-1.101699999999999902e+00,1.719100000000000072e+00,3.302593275382448734e+00
-1.128200000000000092e+00,1.709200000000000053e+00,3.280103003481084301e+00
-1.154700000000000060e+00,1.698900000000000077e+00,3.323159478721694260e+00
-1.181100000000000039e+00,1.688399999999999901e+00,3.365635650897311315e+00
-1.207300000000000040e+00,1.677599999999999980e+00,3.407475604643262823e+00
-1.233500000000000041e+00,1.666600000000000081e+00,3.448919379107079131e+00
-1.259600000000000053e+00,1.655299999999999994e+00,3.405551776088842075e+00
-1.285600000000000076e+00,1.643799999999999928e+00,3.338099323326872092e+00
-1.311600000000000099e+00,1.631899999999999906e+00,3.380657613103869696e+00
-1.337399999999999922e+00,1.619799999999999907e+00,3.422544493086638884e+00
-1.363199999999999967e+00,1.607499999999999929e+00,3.378766863599622194e+00
-1.388800000000000034e+00,1.594899999999999984e+00,3.420729951359312349e+00
-1.414400000000000102e+00,1.582000000000000073e+00,3.462377609418272773e+00
-1.439899999999999958e+00,1.568799999999999972e+00,3.500000000000000000e+00
-1.465300000000000047e+00,1.555399999999999894e+00,3.500000000000000000e+00
-1.490699999999999914e+00,1.541700000000000070e+00,3.500000000000000000e+00
-1.515900000000000025e+00,1.527800000000000047e+00,3.456019112193710274e+00
-1.541099999999999914e+00,1.513500000000000068e+00,3.497687027840493457e+00
-1.566200000000000037e+00,1.499000000000000110e+00,3.500000000000000000e+00
-1.591199999999999948e+00,1.484299999999999953e+00,3.500000000000000000e+00
-1.616200000000000081e+00,1.469200000000000061e+00,3.451341716973863161e+00
-1.641100000000000003e+00,1.453899999999999970e+00,3.382921787214496767e+00
-1.665899999999999936e+00,1.438399999999999901e+00,3.313040047186347703e+00
-1.690600000000000103e+00,1.422500000000000098e+00,3.357079973727296274e+00
-1.715200000000000058e+00,1.406400000000000095e+00,3.400586368654120228e+00
-1.739800000000000013e+00,1.390099999999999891e+00,3.358920782573854513e+00
-1.764299999999999979e+00,1.373399999999999954e+00,3.402771190469319418e+00
-1.788699999999999957e+00,1.356500000000000039e+00,3.446108408423866898e+00
-1.813099999999999934e+00,1.339299999999999935e+00,3.481145317164016983e+00
-1.837299999999999933e+00,1.321800000000000086e+00,3.411823600358399489e+00
-1.861499999999999932e+00,1.304200000000000026e+00,3.340923303228474861e+00
-1.885299999999999976e+00,1.286399999999999988e+00,3.385109863392020912e+00
-1.908900000000000041e+00,1.268399999999999972e+00,3.428670076076053785e+00
-1.932199999999999918e+00,1.250399999999999956e+00,3.471341015845932798e+00
-1.955100000000000060e+00,1.232299999999999951e+00,3.500000000000000000e+00
-1.977700000000000014e+00,1.214199999999999946e+00,3.475056195075167942e+00
-2.000000000000000000e+00,1.195899999999999963e+00,3.407998690632542793e+00
-2.021799999999999820e+00,1.177599999999999980e+00,3.340516509745127038e+00
-2.043299999999999894e+00,1.159299999999999997e+00,3.272202907271278161e+00
-2.064400000000000013e+00,1.140900000000000025e+00,3.203026316698105447e+00
-2.085100000000000176e+00,1.122600000000000042e+00,3.133258410924452342e+00
-2.105399999999999938e+00,1.104200000000000070e+00,3.062505573479607168e+00
-2.125199999999999978e+00,1.085800000000000098e+00,2.991064454898534120e+00
-2.144699999999999829e+00,1.067399999999999904e+00,2.918475022652795570e+00
-2.163600000000000190e+00,1.048999999999999932e+00,2.863510758852809701e+00
-2.182100000000000151e+00,1.030699999999999950e+00,2.789864377455280486e+00
-2.200200000000000156e+00,1.012299999999999978e+00,2.714844182675834716e+00
-2.217799999999999994e+00,9.939999999999999947e-01,2.638965630296686626e+00
-2.234900000000000109e+00,9.758000000000000007e-01,2.562142039665145088e+00
-2.251500000000000057e+00,9.576000000000000068e-01,2.484036807081226428e+00
-2.267599999999999838e+00,9.394000000000000128e-01,2.404506607992915601e+00
-2.283300000000000107e+00,9.213999999999999968e-01,2.323680939384527910e+00
-2.298399999999999999e+00,9.032999999999999918e-01,2.373859523811203243e+00
-2.313099999999999934e+00,8.853999999999999648e-01,2.422154771113349536e+00
-2.327199999999999935e+00,8.676000000000000378e-01,2.468585225698431529e+00
-2.340899999999999981e+00,8.497999999999999998e-01,2.430599607956613006e+00
-2.354000000000000092e+00,8.320999999999999508e-01,2.442659589471898318e+00
-2.366600000000000037e+00,8.145000000000000018e-01,2.370708903453221605e+00
-2.378699999999999815e+00,7.971000000000000307e-01,2.298078024569986333e+00
-2.390299999999999869e+00,7.796999999999999487e-01,2.224088003800306357e+00
-2.401400000000000201e+00,7.623999999999999666e-01,2.148881237293238211e+00
-2.411999999999999922e+00,7.452999999999999625e-01,2.072628337775629603e+00
-2.422000000000000153e+00,7.282999999999999474e-01,2.047950185116491184e+00
-2.431599999999999984e+00,7.114000000000000323e-01,1.970563132960641006e+00
-2.440599999999999881e+00,6.945999999999999952e-01,2.018342791270818726e+00
-2.449100000000000055e+00,6.780000000000000471e-01,2.020039713468105624e+00
-2.457100000000000062e+00,6.614999999999999769e-01,1.946064364519845435e+00
-2.464599999999999902e+00,6.451000000000000068e-01,1.870462304948376842e+00
-2.471600000000000019e+00,6.288000000000000256e-01,1.792985546849054979e+00
-2.478000000000000203e+00,6.127000000000000224e-01,1.840665998976751982e+00
-2.483999999999999986e+00,5.967999999999999972e-01,1.805841881630241286e+00
-2.489500000000000046e+00,5.809999999999999609e-01,1.764437540118395153e+00
-2.494499999999999940e+00,5.653000000000000247e-01,1.749607441899720728e+00
-2.499000000000000110e+00,5.497999999999999554e-01,1.674182189155582590e+00
-2.503000000000000114e+00,5.343999999999999861e-01,1.596342683374980975e+00
-2.506499999999999950e+00,5.191000000000000059e-01,1.515647190977380099e+00
-2.509599999999999831e+00,5.040000000000000036e-01,1.431973310589186754e+00
-2.512100000000000222e+00,4.889999999999999902e-01,1.484121499573809011e+00
-2.514200000000000212e+00,4.742000000000000104e-01,1.511623782421918749e+00
-2.515800000000000036e+00,4.595000000000000195e-01,1.532796833087788357e+00
-2.516999999999999904e+00,4.450000000000000067e-01,1.454879034310977426e+00
-2.517700000000000049e+00,4.304999999999999938e-01,1.381973378351959436e+00
-2.517999999999999794e+00,4.162000000000000144e-01,1.296533869346236489e+00
-2.517700000000000049e+00,4.021000000000000130e-01,1.349826650220109503e+00
-2.517100000000000115e+00,3.881000000000000005e-01,1.282269141666207979e+00
-2.515899999999999803e+00,3.740999999999999881e-01,1.335936935723912367e+00
-2.514400000000000190e+00,3.603999999999999981e-01,1.267078687807570159e+00
-2.512300000000000200e+00,3.467000000000000082e-01,1.320639445646018428e+00
-2.509799999999999809e+00,3.331000000000000072e-01,1.371993895565440269e+00
-2.506899999999999906e+00,3.196999999999999842e-01,1.358910190470398183e+00
-2.503499999999999837e+00,3.064000000000000057e-01,1.408514819875207102e+00
-2.499699999999999811e+00,2.931000000000000272e-01,1.332975374825564163e+00
-2.495400000000000063e+00,2.800000000000000266e-01,1.383726890124328479e+00
-2.490699999999999914e+00,2.670000000000000151e-01,1.382806642387212070e+00
-2.485500000000000043e+00,2.540999999999999925e-01,1.432215247221109156e+00
-2.479800000000000004e+00,2.411999999999999977e-01,1.422346830630108583e+00
-2.473599999999999799e+00,2.283999999999999919e-01,1.471494369742542885e+00
-2.466899999999999871e+00,2.154999999999999971e-01,1.520084635218293068e+00
-2.459700000000000220e+00,2.025000000000000133e-01,1.472243815354548957e+00
-2.451900000000000190e+00,1.895000000000000018e-01,1.522861320382029149e+00
-2.443499999999999783e+00,1.764000000000000012e-01,1.573125781192872052e+00
-2.434699999999999864e+00,1.633999999999999897e-01,1.622254233799131251e+00
-2.425199999999999800e+00,1.502000000000000002e-01,1.671628034087052628e+00
-2.415200000000000014e+00,1.370999999999999996e-01,1.720216913892082644e+00
-2.404700000000000060e+00,1.238999999999999962e-01,1.768562847173616337e+00
-2.393600000000000172e+00,1.107000000000000067e-01,1.708547108373579926e+00
-2.381899999999999906e+00,9.760000000000000620e-02,1.759197232329060334e+00
-2.369699999999999918e+00,8.440000000000000280e-02,1.809563252557853108e+00
-2.357000000000000206e+00,7.119999999999999940e-02,1.859487549012144525e+00
-2.343700000000000117e+00,5.800000000000000294e-02,1.909208887498855312e+00
-2.329899999999999860e+00,4.490000000000000241e-02,1.958406160954263342e+00
-2.315500000000000114e+00,3.180000000000000188e-02,2.007492517910838714e+00
-2.300699999999999967e+00,1.870000000000000134e-02,2.056131048275535722e+00
-2.285299999999999887e+00,5.700000000000000205e-03,2.104568602802299626e+00
-2.269299999999999873e+00,-7.199999999999999803e-03,2.152843505216918363e+00
-2.252899999999999903e+00,-2.009999999999999981e-02,2.181829600000029235e+00
-2.236000000000000210e+00,-3.280000000000000276e-02,2.229748976464311028e+00
-2.218599999999999905e+00,-4.549999999999999878e-02,2.277542248998911223e+00
-2.200800000000000090e+00,-5.809999999999999887e-02,2.324926073911073754e+00
-2.182500000000000107e+00,-7.059999999999999609e-02,2.372108352398637710e+00
-2.163800000000000168e+00,-8.290000000000000147e-02,2.418826959635655083e+00
-2.144600000000000062e+00,-9.510000000000000397e-02,2.465401737662549664e+00
-2.125000000000000000e+00,-1.072000000000000036e-01,2.511682061797675836e+00
-2.105100000000000193e+00,-1.190999999999999975e-01,2.532046860151559109e+00
-2.084700000000000220e+00,-1.307999999999999996e-01,2.578067387243894615e+00
-2.064000000000000057e+00,-1.423000000000000098e-01,2.623591230815742747e+00
-2.043000000000000149e+00,-1.535999999999999865e-01,2.623560343775220183e+00
-2.021700000000000053e+00,-1.648000000000000020e-01,2.549122781984852981e+00
-2.000000000000000000e+00,-1.756999999999999951e-01,2.596317459747404577e+00
-1.978099999999999969e+00,-1.864000000000000101e-01,2.642840520786948311e+00
-1.955999999999999961e+00,-1.968000000000000027e-01,2.688652793366625104e+00
-1.933599999999999985e+00,-2.069999999999999896e-01,2.734041676749747740e+00
-1.911000000000000032e+00,-2.169999999999999984e-01,2.736080630871044139e+00
-1.888300000000000090e+00,-2.265999999999999959e-01,2.780755693383721194e+00
-1.865399999999999947e+00,-2.359999999999999876e-01,2.824914891094697289e+00
-1.842300000000000049e+00,-2.451000000000000123e-01,2.868522653186151850e+00
-1.819199999999999928e+00,-2.539000000000000146e-01,2.874619043168897825e+00
-1.796000000000000041e+00,-2.624000000000000221e-01,2.805014279807106270e+00
-1.772599999999999953e+00,-2.706000000000000072e-01,2.733382983928652976e+00
-1.749100000000000099e+00,-2.783999999999999808e-01,2.718955472744239099e+00
-1.725500000000000034e+00,-2.861000000000000210e-01,2.644906185854621672e+00
-1.701699999999999990e+00,-2.933999999999999941e-01,2.691555777003913352e+00
-1.677699999999999969e+00,-3.004000000000000004e-01,2.737603422835955591e+00
-1.653599999999999959e+00,-3.071999999999999731e-01,2.678527582999042700e+00
-1.629299999999999971e+00,-3.135999999999999899e-01,2.725031504726180387e+00
-1.604800000000000004e+00,-3.197999999999999732e-01,2.771014231369923309e+00
-1.580200000000000049e+00,-3.257999999999999785e-01,2.719839926231965244e+00
-1.555399999999999894e+00,-3.313999999999999724e-01,2.766183869817520513e+00
-1.530399999999999983e+00,-3.366999999999999993e-01,2.811997414237132453e+00
-1.505300000000000082e+00,-3.417999999999999927e-01,2.857176636382133150e+00
-1.479899999999999993e+00,-3.466000000000000192e-01,2.902060299066912208e+00
-1.454399999999999915e+00,-3.511000000000000232e-01,2.946335711853762529e+00
-1.428700000000000081e+00,-3.553000000000000047e-01,2.990201234059969515e+00
-1.402800000000000047e+00,-3.593000000000000083e-01,3.033706317583877876e+00
-1.376700000000000035e+00,-3.629999999999999893e-01,3.076846369436453621e+00
-1.350400000000000045e+00,-3.664000000000000035e-01,3.119642959256364811e+00
-1.323900000000000077e+00,-3.694999999999999951e-01,3.162116259662430373e+00
-1.297099999999999920e+00,-3.724000000000000088e-01,3.204456849944281593e+00
-1.270199999999999996e+00,-3.750000000000000000e-01,3.246351380823539579e+00
-1.243000000000000105e+00,-3.773000000000000242e-01,3.288125299037837568e+00
-1.215600000000000014e+00,-3.793000000000000260e-01,3.329639160556384425e+00
-1.187999999999999945e+00,-3.810999999999999943e-01,3.370917274753181037e+00
-1.160099999999999909e+00,-3.825999999999999956e-01,3.412108762638497161e+00
-1.131899999999999906e+00,-3.837999999999999745e-01,3.453221888576891718e+00
-1.103599999999999914e+00,-3.847999999999999754e-01,3.493983118888173589e+00
-1.074899999999999967e+00,-3.855000000000000093e-01,3.500000000000000000e+00
-1.046000000000000041e+00,-3.859000000000000208e-01,3.500000000000000000e+00
-1.016699999999999937e+00,-3.860000000000000098e-01,3.500000000000000000e+00
-9.871999999999999664e-01,-3.859000000000000208e-01,3.500000000000000000e+00
-9.574000000000000288e-01,-3.855000000000000093e-01,3.500000000000000000e+00
-9.272000000000000242e-01,-3.849000000000000199e-01,3.500000000000000000e+00
-8.967000000000000526e-01,-3.840000000000000080e-01,3.500000000000000000e+00
-8.658000000000000140e-01,-3.827999999999999736e-01,3.500000000000000000e+00
-8.346000000000000085e-01,-3.814000000000000168e-01,3.500000000000000000e+00
-8.030000000000000471e-01,-3.796999999999999820e-01,3.500000000000000000e+00
-7.710000000000000187e-01,-3.776999999999999802e-01,3.500000000000000000e+00
-7.385000000000000453e-01,-3.754000000000000115e-01,3.500000000000000000e+00
-7.055000000000000160e-01,-3.729000000000000092e-01,3.500000000000000000e+00
-6.721000000000000307e-01,-3.701999999999999735e-01,3.500000000000000000e+00
-6.381000000000000005e-01,-3.670999999999999819e-01,3.500000000000000000e+00
-6.035000000000000364e-01,-3.638000000000000123e-01,3.500000000000000000e+00
-5.683000000000000274e-01,-3.602000000000000202e-01,3.500000000000000000e+00
-5.323999999999999844e-01,-3.563999999999999946e-01,3.500000000000000000e+00
-4.956999999999999740e-01,-3.522000000000000131e-01,3.500000000000000000e+00
-4.581000000000000072e-01,-3.477999999999999980e-01,3.500000000000000000e+00
-4.194999999999999840e-01,-3.431000000000000161e-01,3.500000000000000000e+00
-3.798000000000000265e-01,-3.380000000000000226e-01,3.500000000000000000e+00
-3.387000000000000011e-01,-3.326000000000000068e-01,3.500000000000000000e+00
-2.959999999999999853e-01,-3.269000000000000239e-01,3.500000000000000000e+00
-2.510999999999999899e-01,-3.206999999999999851e-01,3.500000000000000000e+00
-2.033999999999999975e-01,-3.140000000000000013e-01,3.500000000000000000e+00
-1.509000000000000064e-01,-3.065999999999999837e-01,3.500000000000000000e+00
-8.790000000000000591e-02,-2.975999999999999757e-01,3.500000000000000000e+00
-3.150000000000000022e-02,-2.894999999999999796e-01,3.500000000000000000e+00
1.789999999999999925e-02,-2.826000000000000179e-01,3.500000000000000000e+00
6.350000000000000089e-02,-2.762999999999999901e-01,3.500000000000000000e+00
1.063999999999999946e-01,-2.703999999999999737e-01,3.500000000000000000e+00
1.471999999999999975e-01,-2.650000000000000133e-01,3.500000000000000000e+00
1.864000000000000101e-01,-2.600000000000000089e-01,3.500000000000000000e+00
2.240999999999999936e-01,-2.553000000000000269e-01,3.500000000000000000e+00
2.605999999999999983e-01,-2.510000000000000009e-01,3.500000000000000000e+00
2.959999999999999853e-01,-2.469999999999999973e-01,3.500000000000000000e+00
3.305000000000000160e-01,-2.432999999999999885e-01,3.500000000000000000e+00
3.639999999999999902e-01,-2.399999999999999911e-01,3.500000000000000000e+00
3.966999999999999971e-01,-2.368999999999999995e-01,3.500000000000000000e+00
4.287000000000000255e-01,-2.341000000000000025e-01,3.500000000000000000e+00
4.600000000000000200e-01,-2.316999999999999893e-01,3.500000000000000000e+00
4.907000000000000250e-01,-2.295000000000000095e-01,3.466537741674202255e+00
5.207000000000000517e-01,-2.275999999999999968e-01,3.396457303013618922e+00
5.501000000000000334e-01,-2.260999999999999954e-01,3.326396002313882772e+00
5.789999999999999591e-01,-2.247999999999999998e-01,3.256077821636529812e+00
6.074000000000000510e-01,-2.237999999999999989e-01,3.185492297537472872e+00
6.351999999999999869e-01,-2.230999999999999928e-01,3.114870814788274433e+00
6.625999999999999668e-01,-2.227999999999999980e-01,3.158549764636495283e+00
6.895000000000000018e-01,-2.227000000000000091e-01,3.200849648829963368e+00
7.159999999999999698e-01,-2.228999999999999870e-01,3.229086713412171239e+00
7.420999999999999819e-01,-2.233999999999999875e-01,3.163751630803495196e+00
7.679000000000000270e-01,-2.242000000000000104e-01,3.097793727716198209e+00
7.936999999999999611e-01,-2.253000000000000003e-01,3.030371422124908509e+00
8.195999999999999952e-01,-2.267000000000000126e-01,2.961105535472453365e+00
8.457000000000000073e-01,-2.285000000000000087e-01,3.004956895792863403e+00
8.719000000000000083e-01,-2.305000000000000104e-01,2.981760886183202341e+00
8.981999999999999984e-01,-2.328999999999999959e-01,3.025721528676540650e+00
9.246999999999999664e-01,-2.356000000000000039e-01,3.069423836738546463e+00
9.514000000000000234e-01,-2.386000000000000065e-01,3.112883357392221217e+00
9.782999999999999474e-01,-2.419000000000000039e-01,3.156114605236447712e+00
1.005400000000000071e+00,-2.456000000000000127e-01,3.199152007831135514e+00
1.032799999999999940e+00,-2.494999999999999996e-01,3.242118936667588880e+00
1.060499999999999998e+00,-2.538000000000000256e-01,3.285065125142816900e+00
1.088500000000000023e+00,-2.585000000000000075e-01,3.327997914346200847e+00
1.116800000000000015e+00,-2.635000000000000120e-01,3.370897971990842734e+00
1.145499999999999963e+00,-2.687999999999999834e-01,3.413913566589875881e+00
1.174700000000000077e+00,-2.745000000000000218e-01,3.457212342982121545e+00
1.204399999999999915e+00,-2.805000000000000271e-01,3.500000000000000000e+00
1.234599999999999920e+00,-2.868999999999999884e-01,3.500000000000000000e+00
1.265400000000000080e+00,-2.937000000000000166e-01,3.500000000000000000e+00
1.296999999999999931e+00,-3.009000000000000008e-01,3.500000000000000000e+00
1.329299999999999926e+00,-3.085999999999999854e-01,3.500000000000000000e+00
1.362600000000000033e+00,-3.166999999999999815e-01,3.500000000000000000e+00
1.397000000000000020e+00,-3.251999999999999891e-01,3.500000000000000000e+00
1.432700000000000085e+00,-3.343999999999999750e-01,3.500000000000000000e+00
1.469899999999999984e+00,-3.441000000000000170e-01,3.500000000000000000e+00
1.509300000000000086e+00,-3.544999999999999818e-01,3.500000000000000000e+00
1.551399999999999890e+00,-3.658000000000000140e-01,3.500000000000000000e+00
1.597699999999999898e+00,-3.784000000000000141e-01,3.500000000000000000e+00
1.653399999999999981e+00,-3.936999999999999944e-01,3.500000000000000000e+00
1.709799999999999986e+00,-4.091000000000000192e-01,3.500000000000000000e+00
1.756799999999999917e+00,-4.218999999999999972e-01,3.500000000000000000e+00
1.799900000000000055e+00,-4.334999999999999964e-01,3.500000000000000000e+00
1.840400000000000036e+00,-4.441999999999999837e-01,3.500000000000000000e+00
1.879199999999999982e+00,-4.544000000000000261e-01,3.500000000000000000e+00
1.916600000000000081e+00,-4.640000000000000235e-01,3.500000000000000000e+00
1.952900000000000080e+00,-4.731000000000000205e-01,3.500000000000000000e+00
1.988299999999999956e+00,-4.818999999999999950e-01,3.500000000000000000e+00
2.022899999999999920e+00,-4.902000000000000246e-01,3.500000000000000000e+00
2.056999999999999940e+00,-4.981999999999999762e-01,3.500000000000000000e+00
2.090500000000000025e+00,-5.058000000000000274e-01,3.500000000000000000e+00
2.123600000000000154e+00,-5.131000000000000005e-01,3.500000000000000000e+00
2.156200000000000117e+00,-5.201000000000000068e-01,3.500000000000000000e+00
2.188600000000000101e+00,-5.268000000000000460e-01,3.500000000000000000e+00
2.221200000000000063e+00,-5.333999999999999853e-01,3.500000000000000000e+00
2.254399999999999959e+00,-5.397999999999999465e-01,3.500000000000000000e+00
2.288100000000000023e+00,-5.460000000000000409e-01,3.500000000000000000e+00
2.322299999999999809e+00,-5.522000000000000242e-01,3.500000000000000000e+00
2.357200000000000184e+00,-5.583000000000000185e-01,3.500000000000000000e+00
2.392599999999999838e+00,-5.642000000000000348e-01,3.500000000000000000e+00
2.428599999999999870e+00,-5.701000000000000512e-01,3.500000000000000000e+00
2.465300000000000047e+00,-5.757999999999999785e-01,3.500000000000000000e+00
2.502499999999999947e+00,-5.815000000000000169e-01,3.500000000000000000e+00
2.540399999999999991e+00,-5.869999999999999662e-01,3.500000000000000000e+00
2.579000000000000181e+00,-5.925000000000000266e-01,3.500000000000000000e+00
2.618199999999999861e+00,-5.978999999999999870e-01,3.500000000000000000e+00
2.658199999999999896e+00,-6.031999999999999584e-01,3.500000000000000000e+00
2.698900000000000077e+00,-6.085000000000000409e-01,3.500000000000000000e+00
2.740400000000000169e+00,-6.137000000000000233e-01,3.500000000000000000e+00
2.782799999999999940e+00,-6.189000000000000057e-01,3.500000000000000000e+00
2.826000000000000068e+00,-6.240999999999999881e-01,3.500000000000000000e+00
2.870200000000000085e+00,-6.291999999999999815e-01,3.500000000000000000e+00
2.915500000000000203e+00,-6.342999999999999750e-01,3.500000000000000000e+00
2.961800000000000210e+00,-6.394999999999999574e-01,3.500000000000000000e+00
3.009399999999999853e+00,-6.445999999999999508e-01,3.500000000000000000e+00
3.058499999999999996e+00,-6.498000000000000442e-01,3.500000000000000000e+00
3.109199999999999964e+00,-6.551000000000000156e-01,3.500000000000000000e+00
3.161999999999999922e+00,-6.605999999999999650e-01,3.500000000000000000e+00
3.217299999999999827e+00,-6.662000000000000144e-01,3.500000000000000000e+00
3.276100000000000012e+00,-6.721000000000000307e-01,3.500000000000000000e+00
3.341600000000000126e+00,-6.786999999999999700e-01,3.500000000000000000e+00
3.408799999999999830e+00,-6.854000000000000092e-01,3.500000000000000000e+00
3.468300000000000161e+00,-6.914000000000000146e-01,3.500000000000000000e+00
3.524000000000000021e+00,-6.971000000000000529e-01,3.500000000000000000e+00
3.577199999999999935e+00,-7.026000000000000023e-01,3.500000000000000000e+00
3.628400000000000070e+00,-7.078999999999999737e-01,3.500000000000000000e+00
3.677900000000000169e+00,-7.130999999999999561e-01,3.500000000000000000e+00
3.725999999999999979e+00,-7.183000000000000496e-01,3.500000000000000000e+00
3.772800000000000153e+00,-7.235000000000000320e-01,3.500000000000000000e+00
3.818599999999999994e+00,-7.286000000000000254e-01,3.500000000000000000e+00
3.863300000000000178e+00,-7.338000000000000078e-01,3.500000000000000000e+00
3.907099999999999795e+00,-7.389999999999999902e-01,3.500000000000000000e+00
3.950099999999999945e+00,-7.441999999999999726e-01,3.500000000000000000e+00
3.992300000000000182e+00,-7.493999999999999551e-01,3.500000000000000000e+00
4.033699999999999619e+00,-7.548000000000000265e-01,3.500000000000000000e+00
4.074399999999999800e+00,-7.600999999999999979e-01,3.500000000000000000e+00
4.114399999999999835e+00,-7.655999999999999472e-01,3.500000000000000000e+00
4.153800000000000381e+00,-7.711000000000000076e-01,3.500000000000000000e+00
4.192499999999999893e+00,-7.766999999999999460e-01,3.500000000000000000e+00
4.230699999999999683e+00,-7.823999999999999844e-01,3.500000000000000000e+00
4.268200000000000216e+00,-7.881000000000000227e-01,3.500000000000000000e+00
4.305200000000000138e+00,-7.940000000000000391e-01,3.500000000000000000e+00
4.341599999999999682e+00,-8.000000000000000444e-01,3.500000000000000000e+00
4.377500000000000391e+00,-8.061000000000000387e-01,3.500000000000000000e+00
4.412799999999999834e+00,-8.123000000000000220e-01,3.500000000000000000e+00
4.447700000000000209e+00,-8.185999999999999943e-01,3.500000000000000000e+00
4.482000000000000206e+00,-8.249999999999999556e-01,3.500000000000000000e+00
4.515799999999999592e+00,-8.315000000000000169e-01,3.500000000000000000e+00
4.549100000000000144e+00,-8.381999999999999451e-01,3.500000000000000000e+00
4.581900000000000084e+00,-8.449999999999999734e-01,3.500000000000000000e+00
4.614300000000000068e+00,-8.518999999999999906e-01,3.500000000000000000e+00
4.646200000000000330e+00,-8.589999999999999858e-01,3.500000000000000000e+00
4.677599999999999980e+00,-8.661999999999999700e-01,3.500000000000000000e+00
4.708499999999999908e+00,-8.735000000000000542e-01,3.500000000000000000e+00
4.738999999999999879e+00,-8.810000000000000053e-01,3.500000000000000000e+00
4.769000000000000128e+00,-8.885999999999999455e-01,3.500000000000000000e+00
4.798499999999999766e+00,-8.962999999999999856e-01,3.500000000000000000e+00
4.827600000000000335e+00,-9.042000000000000037e-01,3.500000000000000000e+00
4.856300000000000061e+00,-9.122999999999999998e-01,3.500000000000000000e+00
4.884500000000000064e+00,-9.204999999999999849e-01,3.500000000000000000e+00
4.912200000000000344e+00,-9.287999999999999590e-01,3.448893398996273785e+00
4.939499999999999780e+00,-9.373000000000000220e-01,3.381920042703914220e+00
4.966400000000000148e+00,-9.459999999999999520e-01,3.314367642328024832e+00
4.992799999999999905e+00,-9.547999999999999821e-01,3.246503376551351128e+00
5.018799999999999706e+00,-9.637000000000000011e-01,3.178063376256219819e+00
5.044400000000000439e+00,-9.727999999999999980e-01,3.108919149392809889e+00
5.069499999999999673e+00,-9.820999999999999730e-01,3.039259448517508400e+00
5.094199999999999839e+00,-9.915000000000000480e-01,2.968879708124328776e+00
5.118500000000000050e+00,-1.001100000000000101e+00,2.897620674797199758e+00
5.142299999999999649e+00,-1.010799999999999921e+00,2.825773013502469677e+00
5.165799999999999947e+00,-1.020699999999999941e+00,2.752633282258278413e+00
5.188699999999999868e+00,-1.030799999999999939e+00,2.797726545870230730e+00
5.211299999999999599e+00,-1.040999999999999925e+00,2.841694113314958692e+00
5.233500000000000263e+00,-1.051399999999999890e+00,2.884506621086441402e+00
5.255200000000000315e+00,-1.061900000000000066e+00,2.827262893184180559e+00
5.276500000000000412e+00,-1.072599999999999998e+00,2.758990946287155133e+00
5.297399999999999665e+00,-1.083499999999999908e+00,2.689774256796692242e+00
5.317899999999999849e+00,-1.094500000000000028e+00,2.619665831466673200e+00
5.338000000000000078e+00,-1.105699999999999905e+00,2.548429434001940663e+00
5.357599999999999696e+00,-1.116999999999999993e+00,2.476389901653888614e+00
5.376900000000000013e+00,-1.128500000000000059e+00,2.402716012109461285e+00
5.395699999999999719e+00,-1.140200000000000102e+00,2.395340654283944826e+00
5.414200000000000124e+00,-1.151999999999999913e+00,2.320898697435135105e+00
5.432199999999999918e+00,-1.163999999999999924e+00,2.367045381965446005e+00
5.449799999999999756e+00,-1.176199999999999912e+00,2.411856820125861667e+00
5.467100000000000293e+00,-1.188499999999999890e+00,2.346943707779972854e+00
5.483900000000000219e+00,-1.200900000000000079e+00,2.274654909915538870e+00
5.500399999999999956e+00,-1.213600000000000012e+00,2.319972239695981209e+00
5.516399999999999970e+00,-1.226399999999999935e+00,2.347091068224757215e+00
5.532099999999999795e+00,-1.239400000000000057e+00,2.276554267632513451e+00
5.547399999999999665e+00,-1.252499999999999947e+00,2.204637702347790107e+00
5.562299999999999578e+00,-1.265800000000000036e+00,2.177457428392881145e+00
5.576800000000000423e+00,-1.279300000000000104e+00,2.219601344342353233e+00
5.590900000000000425e+00,-1.292899999999999938e+00,2.147833641579642627e+00
5.604700000000000237e+00,-1.306699999999999973e+00,2.073868606573061157e+00
5.618100000000000094e+00,-1.320699999999999985e+00,1.997713960939429878e+00
5.631099999999999994e+00,-1.334799999999999986e+00,1.919376747266591465e+00
5.643699999999999939e+00,-1.349199999999999955e+00,1.968590796122166253e+00
5.655999999999999694e+00,-1.363599999999999923e+00,1.893744619142460728e+00
5.667900000000000382e+00,-1.378300000000000081e+00,1.943038411286950762e+00
5.679400000000000226e+00,-1.393100000000000005e+00,1.990684703056514682e+00
5.690599999999999881e+00,-1.408099999999999907e+00,1.989203474648230552e+00
5.701399999999999579e+00,-1.423300000000000010e+00,1.978253296254336435e+00
5.711800000000000210e+00,-1.438700000000000090e+00,1.949362127010365375e+00
5.721899999999999764e+00,-1.454199999999999937e+00,1.871899670903770518e+00
5.731700000000000017e+00,-1.469899999999999984e+00,1.791057598627975533e+00
5.740999999999999659e+00,-1.485800000000000010e+00,1.841762280751539693e+00
5.750000000000000000e+00,-1.501900000000000013e+00,1.891173213484159676e+00
5.758700000000000152e+00,-1.518199999999999994e+00,1.939407342114125798e+00
5.767000000000000348e+00,-1.534599999999999964e+00,1.986229544288789839e+00
5.775000000000000355e+00,-1.551299999999999901e+00,2.032309202555119931e+00
5.782600000000000406e+00,-1.568100000000000049e+00,1.962995538200074774e+00
5.789900000000000269e+00,-1.585099999999999953e+00,1.886089654868366994e+00
5.796800000000000175e+00,-1.602400000000000047e+00,1.918717503171870176e+00
5.803300000000000125e+00,-1.619799999999999907e+00,1.839642829469346763e+00
5.809599999999999653e+00,-1.637399999999999967e+00,1.756470447072096652e+00
5.815400000000000347e+00,-1.655299999999999994e+00,1.809240336589048814e+00
5.820899999999999963e+00,-1.673300000000000010e+00,1.860528392094041861e+00
5.826100000000000279e+00,-1.691500000000000004e+00,1.910719433854519256e+00
5.830899999999999750e+00,-1.709999999999999964e+00,1.960095499728060631e+00
5.835399999999999920e+00,-1.728599999999999914e+00,2.008317830737953891e+00
5.839500000000000135e+00,-1.747500000000000053e+00,2.055902837228917424e+00
5.843300000000000161e+00,-1.766599999999999948e+00,2.102731532332983377e+00
5.846700000000000230e+00,-1.785900000000000043e+00,2.093743587217668622e+00
5.849700000000000344e+00,-1.805399999999999894e+00,2.016951039193547679e+00
5.852500000000000036e+00,-1.825099999999999945e+00,1.936420320315906496e+00
5.854800000000000004e+00,-1.845099999999999962e+00,1.987722770683375995e+00
5.856799999999999784e+00,-1.865299999999999958e+00,2.038143640043232008e+00
5.858500000000000263e+00,-1.885799999999999921e+00,2.087997406083089036e+00
5.859799999999999898e+00,-1.906400000000000095e+00,2.136853517300471683e+00
5.860699999999999577e+00,-1.927200000000000024e+00,2.185025760691862828e+00
5.861299999999999955e+00,-1.948199999999999932e+00,2.232582198192754497e+00
5.861500000000000377e+00,-1.969300000000000050e+00,2.279349194429691750e+00
5.861299999999999955e+00,-1.990499999999999936e+00,2.325390759399299956e+00
5.860800000000000232e+00,-2.011699999999999822e+00,2.370548699766928724e+00
5.859899999999999665e+00,-2.032999999999999918e+00,2.415096518572281692e+00
5.858699999999999797e+00,-2.054300000000000015e+00,2.364265880907042927e+00
5.857099999999999973e+00,-2.075499999999999901e+00,2.408808018891469782e+00
5.855100000000000193e+00,-2.096799999999999997e+00,2.426304461697331050e+00
5.852800000000000225e+00,-2.117999999999999883e+00,2.354944363274413366e+00
5.850100000000000300e+00,-2.139100000000000001e+00,2.364556066817679270e+00
5.847100000000000186e+00,-2.160099999999999909e+00,2.291661872562082980e+00
5.843700000000000117e+00,-2.180899999999999839e+00,2.337193758713307812e+00
5.839999999999999858e+00,-2.201600000000000001e+00,2.316292877952339069e+00
5.835899999999999643e+00,-2.222199999999999953e+00,2.301603439653984395e+00
5.831500000000000128e+00,-2.242500000000000160e+00,2.228236163627020261e+00
5.826800000000000423e+00,-2.262700000000000156e+00,2.152487674710030330e+00
5.821699999999999875e+00,-2.282599999999999962e+00,2.199689624353057482e+00
5.816300000000000026e+00,-2.302299999999999791e+00,2.245640537941156811e+00
5.810599999999999987e+00,-2.321800000000000086e+00,2.246029140056777340e+00
5.804599999999999760e+00,-2.340899999999999981e+00,2.290163595809746599e+00
5.798300000000000232e+00,-2.359799999999999898e+00,2.251869986810758117e+00
5.791699999999999626e+00,-2.378400000000000070e+00,2.180627951025535527e+00
5.784799999999999720e+00,-2.396700000000000053e+00,2.107656647877945932e+00
5.777599999999999625e+00,-2.414600000000000080e+00,2.152940862903542030e+00
5.770100000000000229e+00,-2.432199999999999918e+00,2.143185244927005240e+00
5.762299999999999756e+00,-2.449500000000000011e+00,2.092670097923928108e+00
5.754299999999999748e+00,-2.466400000000000148e+00,2.019926326701427133e+00
5.746000000000000441e+00,-2.483000000000000096e+00,1.945032785813533227e+00
5.737400000000000055e+00,-2.499200000000000088e+00,1.991623619607711282e+00
5.728600000000000136e+00,-2.515000000000000124e+00,1.927223715072213128e+00
5.719500000000000028e+00,-2.530499999999999972e+00,1.851110296328318805e+00
5.710200000000000387e+00,-2.545500000000000096e+00,1.773196001697254331e+00
5.700700000000000323e+00,-2.560200000000000031e+00,1.692389707071123350e+00
5.690900000000000070e+00,-2.574399999999999800e+00,1.742617851168121179e+00
5.680900000000000283e+00,-2.588299999999999823e+00,1.693660936669600270e+00
5.670700000000000074e+00,-2.601799999999999891e+00,1.611758563271259881e+00
5.660199999999999676e+00,-2.614799999999999791e+00,1.645579793598565876e+00
5.649600000000000399e+00,-2.627499999999999947e+00,1.563091468732022538e+00
5.638700000000000045e+00,-2.639699999999999935e+00,1.614575814841835433e+00
5.627600000000000158e+00,-2.651600000000000179e+00,1.664207911254235617e+00
5.616399999999999615e+00,-2.662999999999999812e+00,1.602081559108079700e+00
5.604899999999999771e+00,-2.673999999999999932e+00,1.612801071548077392e+00
5.593200000000000394e+00,-2.684600000000000097e+00,1.532489752632976154e+00
5.581400000000000361e+00,-2.694799999999999862e+00,1.448780822256514833e+00
5.569300000000000139e+00,-2.704499999999999904e+00,1.501348225806049763e+00
5.557100000000000151e+00,-2.713900000000000201e+00,1.502657378409798739e+00
5.544699999999999740e+00,-2.722799999999999887e+00,1.552614808950076419e+00
5.532099999999999795e+00,-2.731399999999999828e+00,1.479745849837469818e+00
5.519300000000000317e+00,-2.739500000000000046e+00,1.530073152116809609e+00
5.506300000000000416e+00,-2.747199999999999864e+00,1.578675564393762665e+00
5.492899999999999672e+00,-2.754599999999999937e+00,1.626435268481100982e+00
5.479199999999999626e+00,-2.761699999999999822e+00,1.668465573324904749e+00
5.465099999999999625e+00,-2.768600000000000172e+00,1.591418562381669233e+00
5.450700000000000323e+00,-2.775100000000000122e+00,1.639816578006904946e+00
5.435800000000000409e+00,-2.781299999999999883e+00,1.653532736733525077e+00
5.420600000000000307e+00,-2.787199999999999900e+00,1.572670339155978425e+00
5.404899999999999594e+00,-2.792699999999999960e+00,1.624699060646164206e+00
5.388899999999999579e+00,-2.798000000000000043e+00,1.675767505831336601e+00
5.372399999999999842e+00,-2.802999999999999936e+00,1.726443202105369723e+00
5.355500000000000149e+00,-2.807700000000000085e+00,1.776519047628983383e+00
5.338199999999999612e+00,-2.811999999999999833e+00,1.826002129237653371e+00
5.320500000000000007e+00,-2.816100000000000048e+00,1.842400439312789517e+00
5.302299999999999791e+00,-2.819799999999999862e+00,1.892131678997932775e+00
5.283699999999999619e+00,-2.823199999999999932e+00,1.941454167232467443e+00
5.264599999999999724e+00,-2.826299999999999812e+00,1.990664119701865298e+00
5.245000000000000107e+00,-2.829099999999999948e+00,2.039787620366549703e+00
5.224999999999999645e+00,-2.831500000000000128e+00,2.088580472280841427e+00
5.204399999999999693e+00,-2.833699999999999886e+00,2.137601416493289719e+00
5.183399999999999785e+00,-2.835500000000000131e+00,2.186346228902714461e+00
5.161900000000000155e+00,-2.837000000000000188e+00,2.235091150995780040e+00
5.139800000000000146e+00,-2.838099999999999845e+00,2.284054736553626341e+00
5.117200000000000415e+00,-2.838999999999999968e+00,2.333042042510311553e+00
5.094000000000000306e+00,-2.839500000000000135e+00,2.382255033613333239e+00
5.070299999999999585e+00,-2.839700000000000113e+00,2.431490794521830257e+00
5.046000000000000263e+00,-2.839599999999999902e+00,2.480957384045290759e+00
5.021099999999999675e+00,-2.839100000000000179e+00,2.530652037952394906e+00
4.995599999999999596e+00,-2.838299999999999823e+00,2.580566836283427090e+00
4.969400000000000261e+00,-2.837200000000000166e+00,2.630885024261992111e+00
4.942599999999999660e+00,-2.835700000000000109e+00,2.681412959386459072e+00
4.915000000000000036e+00,-2.833899999999999864e+00,2.732501014178115639e+00
4.886700000000000266e+00,-2.831799999999999873e+00,2.783943224061014465e+00
4.857499999999999929e+00,-2.829299999999999926e+00,2.836090288801055959e+00
4.827499999999999680e+00,-2.826499999999999790e+00,2.888721509525610909e+00
4.796599999999999753e+00,-2.823300000000000143e+00,2.942000084741095201e+00
4.764599999999999724e+00,-2.819799999999999862e+00,2.996209750780644221e+00
4.731499999999999595e+00,-2.815900000000000070e+00,3.051321440700591747e+00
4.697000000000000064e+00,-2.811700000000000088e+00,3.107749934210721321e+00
4.660999999999999588e+00,-2.806999999999999940e+00,3.165622331521058985e+00
4.623099999999999987e+00,-2.801899999999999835e+00,3.225458223210158515e+00
4.582699999999999996e+00,-2.796300000000000008e+00,3.288075952844977223e+00
4.538899999999999935e+00,-2.790000000000000036e+00,3.354690909566829138e+00
4.488999999999999879e+00,-2.782799999999999940e+00,3.429011334128744704e+00
4.428600000000000314e+00,-2.774000000000000021e+00,3.500000000000000000e+00
4.379800000000000360e+00,-2.766900000000000137e+00,3.500000000000000000e+00
4.336700000000000443e+00,-2.760800000000000143e+00,3.500000000000000000e+00
4.296999999999999709e+00,-2.755300000000000082e+00,3.500000000000000000e+00
4.259100000000000108e+00,-2.750199999999999978e+00,3.500000000000000000e+00
4.221000000000000085e+00,-2.745299999999999851e+00,3.500000000000000000e+00
4.182900000000000063e+00,-2.740600000000000147e+00,3.500000000000000000e+00
4.144599999999999618e+00,-2.736000000000000210e+00,3.500000000000000000e+00
4.106099999999999639e+00,-2.731500000000000039e+00,3.500000000000000000e+00
4.067499999999999893e+00,-2.727300000000000058e+00,3.500000000000000000e+00
4.028699999999999726e+00,-2.723199999999999843e+00,3.500000000000000000e+00
3.989700000000000024e+00,-2.719199999999999839e+00,3.500000000000000000e+00
3.950499999999999901e+00,-2.715399999999999814e+00,3.500000000000000000e+00
3.911000000000000032e+00,-2.711699999999999999e+00,3.500000000000000000e+00
3.871199999999999974e+00,-2.708200000000000163e+00,3.500000000000000000e+00
3.831199999999999939e+00,-2.704800000000000093e+00,3.500000000000000000e+00
3.790900000000000158e+00,-2.701600000000000001e+00,3.500000000000000000e+00
3.750100000000000211e+00,-2.698399999999999910e+00,3.500000000000000000e+00
3.709000000000000075e+00,-2.695399999999999796e+00,3.500000000000000000e+00
3.667499999999999982e+00,-2.692600000000000104e+00,3.500000000000000000e+00
3.625500000000000167e+00,-2.689799999999999969e+00,3.500000000000000000e+00
3.582899999999999974e+00,-2.687199999999999811e+00,3.500000000000000000e+00
3.539800000000000058e+00,-2.684600000000000097e+00,3.500000000000000000e+00
3.495899999999999785e+00,-2.682199999999999918e+00,3.500000000000000000e+00
3.451299999999999812e+00,-2.679800000000000182e+00,3.500000000000000000e+00
3.405800000000000161e+00,-2.677599999999999980e+00,3.500000000000000000e+00
3.359300000000000175e+00,-2.675399999999999778e+00,3.500000000000000000e+00
3.311500000000000110e+00,-2.673200000000000021e+00,3.500000000000000000e+00
3.262199999999999989e+00,-2.671100000000000030e+00,3.500000000000000000e+00
3.211100000000000065e+00,-2.669000000000000039e+00,3.500000000000000000e+00
3.157399999999999984e+00,-2.666799999999999837e+00,3.500000000000000000e+00
3.100099999999999856e+00,-2.664600000000000080e+00,3.500000000000000000e+00
3.035400000000000098e+00,-2.662100000000000133e+00,3.500000000000000000e+00
2.970000000000000195e+00,-2.659600000000000186e+00,3.500000000000000000e+00
2.912700000000000067e+00,-2.657399999999999984e+00,3.500000000000000000e+00
2.859300000000000175e+00,-2.655299999999999994e+00,3.500000000000000000e+00
2.808600000000000207e+00,-2.653200000000000003e+00,3.500000000000000000e+00
2.760099999999999998e+00,-2.651100000000000012e+00,3.500000000000000000e+00
2.713200000000000056e+00,-2.649000000000000021e+00,3.500000000000000000e+00
2.667699999999999960e+00,-2.646799999999999820e+00,3.500000000000000000e+00
2.623400000000000176e+00,-2.644499999999999851e+00,3.500000000000000000e+00
2.580200000000000049e+00,-2.642199999999999882e+00,3.500000000000000000e+00
2.537799999999999834e+00,-2.639800000000000146e+00,3.500000000000000000e+00
2.496300000000000185e+00,-2.637300000000000200e+00,3.500000000000000000e+00
2.455499999999999794e+00,-2.634700000000000042e+00,3.500000000000000000e+00
2.414600000000000080e+00,-2.631899999999999906e+00,3.500000000000000000e+00
2.373200000000000198e+00,-2.628899999999999793e+00,3.500000000000000000e+00
2.331500000000000128e+00,-2.625700000000000145e+00,3.500000000000000000e+00
2.289400000000000102e+00,-2.622399999999999842e+00,3.500000000000000000e+00
2.246799999999999908e+00,-2.618900000000000006e+00,3.500000000000000000e+00
2.203699999999999992e+00,-2.615200000000000191e+00,3.500000000000000000e+00
2.160200000000000120e+00,-2.611299999999999955e+00,3.500000000000000000e+00
2.116099999999999870e+00,-2.607200000000000184e+00,3.500000000000000000e+00
2.071499999999999897e+00,-2.603000000000000203e+00,3.500000000000000000e+00
2.026199999999999779e+00,-2.598599999999999799e+00,3.500000000000000000e+00
1.980399999999999938e+00,-2.593999999999999861e+00,3.500000000000000000e+00
1.933799999999999963e+00,-2.589199999999999946e+00,3.500000000000000000e+00
1.886500000000000066e+00,-2.584200000000000053e+00,3.500000000000000000e+00
1.838400000000000034e+00,-2.579099999999999948e+00,3.500000000000000000e+00
1.789299999999999891e+00,-2.573700000000000099e+00,3.500000000000000000e+00
1.739300000000000068e+00,-2.568099999999999827e+00,3.500000000000000000e+00
1.688099999999999934e+00,-2.562399999999999789e+00,3.500000000000000000e+00
1.635599999999999943e+00,-2.556400000000000006e+00,3.500000000000000000e+00
1.581599999999999895e+00,-2.550100000000000033e+00,3.500000000000000000e+00
1.525700000000000056e+00,-2.543600000000000083e+00,3.500000000000000000e+00
1.467500000000000027e+00,-2.536700000000000177e+00,3.500000000000000000e+00
1.405899999999999928e+00,-2.529399999999999871e+00,3.500000000000000000e+00
1.337800000000000100e+00,-2.521399999999999864e+00,3.500000000000000000e+00
1.269900000000000029e+00,-2.513300000000000090e+00,3.500000000000000000e+00
1.208299999999999930e+00,-2.505999999999999783e+00,3.500000000000000000e+00
1.150099999999999900e+00,-2.499200000000000088e+00,3.500000000000000000e+00
1.094100000000000072e+00,-2.492599999999999927e+00,3.500000000000000000e+00
1.040000000000000036e+00,-2.486400000000000166e+00,3.500000000000000000e+00
9.874000000000000554e-01,-2.480399999999999938e+00,3.500000000000000000e+00
9.361000000000000432e-01,-2.474600000000000133e+00,3.500000000000000000e+00
8.858000000000000318e-01,-2.468999999999999861e+00,3.500000000000000000e+00
8.366000000000000103e-01,-2.463600000000000012e+00,3.500000000000000000e+00
7.882000000000000117e-01,-2.458400000000000141e+00,3.500000000000000000e+00
7.407000000000000250e-01,-2.453399999999999803e+00,3.500000000000000000e+00
6.937999999999999723e-01,-2.448599999999999888e+00,3.500000000000000000e+00
6.475999999999999535e-01,-2.443900000000000183e+00,3.500000000000000000e+00
6.020999999999999686e-01,-2.439400000000000013e+00,3.500000000000000000e+00
5.571000000000000396e-01,-2.435099999999999820e+00,3.500000000000000000e+00
5.125999999999999446e-01,-2.431000000000000050e+00,3.500000000000000000e+00
4.687000000000000055e-01,-2.427099999999999813e+00,3.500000000000000000e+00
4.252000000000000224e-01,-2.423299999999999788e+00,3.500000000000000000e+00
3.820999999999999952e-01,-2.419700000000000184e+00,3.500000000000000000e+00
3.395000000000000240e-01,-2.416300000000000114e+00,3.500000000000000000e+00
2.973000000000000087e-01,-2.413100000000000023e+00,3.500000000000000000e+00
2.555000000000000049e-01,-2.410000000000000142e+00,3.500000000000000000e+00
2.139999999999999958e-01,-2.407099999999999795e+00,3.500000000000000000e+00
1.728999999999999981e-01,-2.404399999999999871e+00,3.500000000000000000e+00
1.320999999999999952e-01,-2.401899999999999924e+00,3.500000000000000000e+00
9.170000000000000373e-02,-2.399500000000000188e+00,3.500000000000000000e+00
5.149999999999999717e-02,-2.397400000000000198e+00,3.500000000000000000e+00
1.159999999999999920e-02,-2.395399999999999974e+00,3.500000000000000000e+00
-2.790000000000000119e-02,-2.393499999999999961e+00,3.500000000000000000e+00
-6.719999999999999585e-02,-2.391900000000000137e+00,3.500000000000000000e+00
-1.063000000000000056e-01,-2.390400000000000080e+00,3.500000000000000000e+00
-1.449999999999999900e-01,-2.389200000000000212e+00,3.500000000000000000e+00
-1.836000000000000132e-01,-2.388100000000000112e+00,3.500000000000000000e+00
-2.218999999999999861e-01,-2.387199999999999989e+00,3.500000000000000000e+00
-2.599000000000000199e-01,-2.386499999999999844e+00,3.500000000000000000e+00
-2.978000000000000091e-01,-2.385899999999999910e+00,3.500000000000000000e+00
-3.353999999999999759e-01,-2.385600000000000165e+00,3.500000000000000000e+00
-3.728000000000000203e-01,-2.385400000000000187e+00,3.500000000000000000e+00
-4.098999999999999866e-01,-2.385499999999999954e+00,3.500000000000000000e+00
-4.469000000000000195e-01,-2.385699999999999932e+00,3.500000000000000000e+00
-4.837000000000000188e-01,-2.386099999999999888e+00,3.500000000000000000e+00
-5.202999999999999847e-01,-2.386699999999999822e+00,3.500000000000000000e+00
-5.566999999999999726e-01,-2.387500000000000178e+00,3.500000000000000000e+00
-5.929999999999999716e-01,-2.388500000000000068e+00,3.500000000000000000e+00
-6.290000000000000036e-01,-2.389699999999999935e+00,3.500000000000000000e+00
-6.649000000000000465e-01,-2.391000000000000014e+00,3.500000000000000000e+00
-7.006000000000000005e-01,-2.392599999999999838e+00,3.500000000000000000e+00
-7.360999999999999766e-01,-2.394400000000000084e+00,3.500000000000000000e+00
-7.714999999999999636e-01,-2.396300000000000097e+00,3.500000000000000000e+00
-8.066999999999999726e-01,-2.398499999999999854e+00,3.500000000000000000e+00
-8.417000000000000037e-01,-2.400799999999999823e+00,3.500000000000000000e+00
-8.766000000000000458e-01,-2.403399999999999981e+00,3.500000000000000000e+00
-9.113999999999999879e-01,-2.406200000000000117e+00,3.500000000000000000e+00
-9.459999999999999520e-01,-2.409100000000000019e+00,3.500000000000000000e+00
-9.804000000000000492e-01,-2.412300000000000111e+00,3.500000000000000000e+00
-1.014699999999999935e+00,-2.415599999999999969e+00,3.500000000000000000e+00
-1.048899999999999944e+00,-2.419200000000000017e+00,3.500000000000000000e+00
-1.082899999999999974e+00,-2.423000000000000043e+00,3.500000000000000000e+00
-1.116800000000000015e+00,-2.426899999999999835e+00,3.500000000000000000e+00
-1.150600000000000067e+00,-2.431099999999999817e+00,3.500000000000000000e+00
-1.184199999999999919e+00,-2.435500000000000220e+00,3.500000000000000000e+00
-1.217700000000000005e+00,-2.440100000000000158e+00,3.500000000000000000e+00
-1.251100000000000101e+00,-2.444799999999999862e+00,3.500000000000000000e+00
-1.284399999999999986e+00,-2.449800000000000200e+00,3.500000000000000000e+00
-1.317499999999999893e+00,-2.455000000000000071e+00,3.500000000000000000e+00
-1.350500000000000034e+00,-2.460500000000000131e+00,3.500000000000000000e+00
-1.383399999999999963e+00,-2.466099999999999959e+00,3.500000000000000000e+00
-1.416199999999999903e+00,-2.471900000000000208e+00,3.500000000000000000e+00
-1.448900000000000077e+00,-2.477899999999999991e+00,3.500000000000000000e+00
-1.481400000000000050e+00,-2.484199999999999964e+00,3.500000000000000000e+00
-1.513900000000000023e+00,-2.490600000000000147e+00,3.500000000000000000e+00
-1.546200000000000019e+00,-2.497300000000000075e+00,3.500000000000000000e+00
-1.578400000000000025e+00,-2.504199999999999982e+00,3.500000000000000000e+00
-1.610500000000000043e+00,-2.511299999999999866e+00,3.500000000000000000e+00
-1.642500000000000071e+00,-2.518600000000000172e+00,3.500000000000000000e+00
-1.674400000000000110e+00,-2.526100000000000012e+00,3.500000000000000000e+00
-1.706199999999999939e+00,-2.533900000000000041e+00,3.500000000000000000e+00
-1.737900000000000000e+00,-2.541799999999999837e+00,3.500000000000000000e+00
-1.769500000000000073e+00,-2.549999999999999822e+00,3.500000000000000000e+00
-1.800999999999999934e+00,-2.558300000000000018e+00,3.500000000000000000e+00
-1.832400000000000029e+00,-2.566899999999999959e+00,3.500000000000000000e+00
-1.863699999999999912e+00,-2.575800000000000090e+00,3.500000000000000000e+00
-1.894900000000000029e+00,-2.584799999999999986e+00,3.500000000000000000e+00
-1.925999999999999934e+00,-2.593999999999999861e+00,3.500000000000000000e+00
-1.957000000000000073e+00,-2.603499999999999925e+00,3.500000000000000000e+00
-1.987900000000000000e+00,-2.613199999999999967e+00,3.500000000000000000e+00
-2.018800000000000150e+00,-2.623099999999999987e+00,3.500000000000000000e+00
-2.049500000000000099e+00,-2.633199999999999985e+00,3.500000000000000000e+00
-2.080200000000000049e+00,-2.643499999999999961e+00,3.500000000000000000e+00
-2.110700000000000021e+00,-2.654100000000000126e+00,3.500000000000000000e+00
-2.141199999999999992e+00,-2.664800000000000058e+00,3.500000000000000000e+00
-2.171600000000000197e+00,-2.675800000000000178e+00,3.500000000000000000e+00
-2.201900000000000190e+00,-2.686999999999999833e+00,3.500000000000000000e+00
-2.232099999999999973e+00,-2.698500000000000121e+00,3.500000000000000000e+00
-2.262199999999999989e+00,-2.710100000000000176e+00,3.500000000000000000e+00
-2.292300000000000004e+00,-2.721999999999999975e+00,3.500000000000000000e+00
-2.322299999999999809e+00,-2.734100000000000197e+00,3.500000000000000000e+00
-2.352100000000000080e+00,-2.746399999999999952e+00,3.500000000000000000e+00
-2.381899999999999906e+00,-2.758999999999999897e+00,3.500000000000000000e+00
-2.411700000000000177e+00,-2.771700000000000053e+00,3.500000000000000000e+00
-2.441300000000000026e+00,-2.784699999999999953e+00,3.500000000000000000e+00
-2.470899999999999874e+00,-2.797899999999999832e+00,3.500000000000000000e+00
-2.500399999999999956e+00,-2.811300000000000132e+00,3.500000000000000000e+00
-2.529799999999999827e+00,-2.825000000000000178e+00,3.500000000000000000e+00
-2.559099999999999930e+00,-2.838900000000000201e+00,3.500000000000000000e+00
-2.588299999999999823e+00,-2.853000000000000203e+00,3.500000000000000000e+00
-2.617500000000000160e+00,-2.867300000000000182e+00,3.500000000000000000e+00
-2.646500000000000075e+00,-2.881800000000000139e+00,3.500000000000000000e+00
-2.675399999999999778e+00,-2.896500000000000075e+00,3.500000000000000000e+00
-2.704099999999999948e+00,-2.911399999999999988e+00,3.500000000000000000e+00
-2.732699999999999907e+00,-2.926499999999999879e+00,3.500000000000000000e+00
-2.761099999999999888e+00,-2.941699999999999982e+00,3.500000000000000000e+00
-2.789299999999999891e+00,-2.957100000000000062e+00,3.500000000000000000e+00
-2.817299999999999915e+00,-2.972700000000000120e+00,3.500000000000000000e+00
-2.845099999999999962e+00,-2.988500000000000156e+00,3.500000000000000000e+00
-2.872700000000000031e+00,-3.004300000000000193e+00,3.500000000000000000e+00
-2.899999999999999911e+00,-3.020399999999999974e+00,3.500000000000000000e+00
-2.927099999999999813e+00,-3.036500000000000199e+00,3.500000000000000000e+00
-2.953899999999999970e+00,-3.052799999999999958e+00,3.500000000000000000e+00
-2.980500000000000149e+00,-3.069300000000000139e+00,3.500000000000000000e+00
-3.006800000000000139e+00,-3.085799999999999876e+00,3.444306767701099670e+00
-3.032799999999999940e+00,-3.102500000000000036e+00,3.371769327592164078e+00
-3.058499999999999996e+00,-3.119299999999999962e+00,3.298115501578986475e+00
-3.084000000000000075e+00,-3.136099999999999888e+00,3.223193862311084068e+00
-3.108999999999999986e+00,-3.153099999999999792e+00,3.269755801768147840e+00
-3.133799999999999919e+00,-3.170100000000000140e+00,3.315414843212142415e+00
-3.158199999999999896e+00,-3.187300000000000022e+00,3.360134716511247177e+00
-3.182300000000000129e+00,-3.204499999999999904e+00,3.403907764879232190e+00
-3.205999999999999961e+00,-3.221799999999999997e+00,3.374653105213054616e+00
-3.229400000000000048e+00,-3.239199999999999857e+00,3.304802509972956770e+00
-3.252400000000000180e+00,-3.256600000000000161e+00,3.234234938202339205e+00
-3.274999999999999911e+00,-3.274000000000000021e+00,3.162897292594318621e+00
-3.297200000000000131e+00,-3.291599999999999859e+00,3.207369832518180974e+00
-3.318999999999999950e+00,-3.309099999999999930e+00,3.250657267222066604e+00
-3.340500000000000025e+00,-3.326799999999999979e+00,3.234200287688148823e+00
-3.361499999999999932e+00,-3.344399999999999817e+00,3.165699212003898921e+00
-3.382099999999999884e+00,-3.362099999999999866e+00,3.096303618171033722e+00
-3.402299999999999880e+00,-3.379799999999999915e+00,3.026115446869402703e+00
-3.422000000000000153e+00,-3.397499999999999964e+00,2.955272816625643895e+00
-3.441399999999999793e+00,-3.415200000000000014e+00,2.883306853461057973e+00
-3.460199999999999942e+00,-3.432900000000000063e+00,2.927741376064262990e+00
-3.478699999999999903e+00,-3.450699999999999878e+00,2.863381865069336119e+00
-3.496700000000000141e+00,-3.468399999999999928e+00,2.791960252415647936e+00
-3.514200000000000212e+00,-3.486099999999999977e+00,2.719704594935449471e+00
-3.531200000000000117e+00,-3.503800000000000026e+00,2.646531225259315168e+00
-3.547899999999999832e+00,-3.521500000000000075e+00,2.571919817023098798e+00
-3.564000000000000057e+00,-3.539200000000000124e+00,2.614772053966890830e+00
-3.579600000000000115e+00,-3.556799999999999962e+00,2.541797954312331687e+00
-3.594800000000000217e+00,-3.574399999999999800e+00,2.467520036208498357e+00
-3.609500000000000153e+00,-3.592000000000000082e+00,2.392018481782656636e+00
-3.623800000000000132e+00,-3.609500000000000153e+00,2.315201826386876771e+00
-3.637500000000000178e+00,-3.626999999999999780e+00,2.362711812000368283e+00
-3.650799999999999823e+00,-3.644400000000000084e+00,2.346212551442153238e+00
-3.663600000000000190e+00,-3.661799999999999944e+00,2.271364902882714087e+00
-3.675800000000000178e+00,-3.679100000000000037e+00,2.195539392134341128e+00
-3.687600000000000211e+00,-3.696299999999999919e+00,2.118172816447991380e+00
-3.698999999999999844e+00,-3.713499999999999801e+00,2.038748962144302901e+00
-3.709799999999999986e+00,-3.730700000000000127e+00,2.087963928577563966e+00
-3.720099999999999962e+00,-3.747700000000000031e+00,2.128594122313788084e+00
-3.729900000000000215e+00,-3.764699999999999935e+00,2.060500078915400213e+00
-3.739300000000000068e+00,-3.781600000000000072e+00,1.983997911256659252e+00
-3.748200000000000198e+00,-3.798399999999999999e+00,1.905795974703565099e+00
-3.756499999999999950e+00,-3.815100000000000158e+00,1.954110258595035399e+00
-3.764400000000000190e+00,-3.831700000000000106e+00,1.933857865513092911e+00
-3.771900000000000031e+00,-3.848300000000000054e+00,1.856974906198373576e+00
-3.778799999999999937e+00,-3.864700000000000024e+00,1.838473132756307971e+00
-3.785200000000000120e+00,-3.881099999999999994e+00,1.802415616735655979e+00
-3.791199999999999903e+00,-3.897400000000000198e+00,1.723599270394795324e+00
-3.796699999999999964e+00,-3.913600000000000190e+00,1.642273875483956980e+00
-3.801800000000000068e+00,-3.929600000000000204e+00,1.558323787994236875e+00
-3.806299999999999795e+00,-3.945600000000000218e+00,1.610770228683983785e+00
-3.810400000000000009e+00,-3.961500000000000021e+00,1.660958104780222877e+00
-3.814000000000000057e+00,-3.977300000000000058e+00,1.709043943562232659e+00
-3.817200000000000149e+00,-3.992999999999999883e+00,1.637840520781480791e+00
-3.819900000000000073e+00,-4.008600000000000385e+00,1.685479418188564615e+00
-3.822200000000000042e+00,-4.024200000000000443e+00,1.613675943795007894e+00
-3.823999999999999844e+00,-4.039600000000000080e+00,1.562759263759044837e+00
-3.825299999999999923e+00,-4.054899999999999949e+00,1.611138669024460901e+00
-3.826200000000000045e+00,-4.070100000000000051e+00,1.596148731874395432e+00
-3.826700000000000212e+00,-4.085300000000000153e+00,1.518011604333717512e+00
-3.826700000000000212e+00,-4.100399999999999601e+00,1.495516166755841869e+00
-3.826200000000000045e+00,-4.115300000000000402e+00,1.463016294673922024e+00
-3.825400000000000134e+00,-4.130200000000000315e+00,1.379011711919057026e+00
-3.823999999999999844e+00,-4.145199999999999996e+00,1.432593877654116277e+00
-3.822200000000000042e+00,-4.160199999999999676e+00,1.484385852140953199e+00
-3.819999999999999840e+00,-4.175300000000000011e+00,1.534925272193049972e+00
-3.817299999999999915e+00,-4.190400000000000347e+00,1.553211271510718250e+00
-3.814099999999999824e+00,-4.205499999999999794e+00,1.602129440573472507e+00
-3.810500000000000220e+00,-4.220799999999999663e+00,1.602276050139308738e+00
-3.806400000000000006e+00,-4.236100000000000421e+00,1.624284525274046986e+00
-3.801899999999999835e+00,-4.251400000000000290e+00,1.543739475731801924e+00
-3.796800000000000175e+00,-4.266799999999999926e+00,1.595417412814977398e+00
-3.791300000000000114e+00,-4.282300000000000217e+00,1.646154781041936133e+00
-3.785400000000000098e+00,-4.297799999999999621e+00,1.641192925684856974e+00
-3.778900000000000148e+00,-4.313399999999999679e+00,1.691896633756927004e+00
-3.771999999999999797e+00,-4.328999999999999737e+00,1.741577631639766199e+00
-3.764600000000000168e+00,-4.344699999999999562e+00,1.790714437481607968e+00
-3.756699999999999928e+00,-4.360500000000000043e+00,1.839376950716617110e+00
-3.748299999999999965e+00,-4.376299999999999635e+00,1.887392089099418024e+00
-3.739399999999999835e+00,-4.392199999999999882e+00,1.935061512641989001e+00
-3.729999999999999982e+00,-4.408100000000000129e+00,1.982213645190581408e+00
-3.720099999999999962e+00,-4.424100000000000144e+00,2.029118643611863781e+00
-3.709799999999999986e+00,-4.440100000000000158e+00,2.037590207361160033e+00
-3.698900000000000077e+00,-4.456199999999999939e+00,2.084754474143968306e+00
-3.687600000000000211e+00,-4.472299999999999720e+00,2.011148427446080245e+00
-3.675699999999999967e+00,-4.488400000000000389e+00,2.060321065335181778e+00
-3.663400000000000212e+00,-4.504599999999999937e+00,2.109105600024830274e+00
-3.650500000000000078e+00,-4.520900000000000141e+00,2.157822185406758742e+00
-3.637199999999999989e+00,-4.537099999999999689e+00,2.205855522839339056e+00
-3.623299999999999965e+00,-4.553399999999999892e+00,2.253889549473183429e+00
-3.608999999999999986e+00,-4.569700000000000095e+00,2.301489614367530745e+00
-3.594100000000000072e+00,-4.586000000000000298e+00,2.348977171693433341e+00
-3.578800000000000203e+00,-4.602400000000000269e+00,2.396243208593191287e+00
-3.563000000000000167e+00,-4.618699999999999584e+00,2.443151719629933272e+00
-3.546699999999999964e+00,-4.635100000000000442e+00,2.490023157277700960e+00
-3.529900000000000038e+00,-4.651399999999999757e+00,2.536591092442197048e+00
-3.512700000000000156e+00,-4.667799999999999727e+00,2.583011727169914451e+00
-3.494899999999999896e+00,-4.684199999999999697e+00,2.629445310001894409e+00
-3.476700000000000124e+00,-4.700499999999999901e+00,2.675500728421137620e+00
-3.458000000000000185e+00,-4.716800000000000104e+00,2.721465172788033904e+00
-3.438899999999999846e+00,-4.733200000000000074e+00,2.767330948126905721e+00
-3.419299999999999784e+00,-4.749500000000000277e+00,2.813012999085318100e+00
-3.399199999999999999e+00,-4.765699999999999825e+00,2.858530927249338216e+00
-3.378699999999999815e+00,-4.782000000000000028e+00,2.903980651590407636e+00
-3.357699999999999907e+00,-4.798199999999999577e+00,2.949292806432594283e+00
-3.336399999999999810e+00,-4.814300000000000246e+00,2.994216079498549288e+00
-3.314499999999999780e+00,-4.830400000000000027e+00,3.039266748091982606e+00
-3.292300000000000004e+00,-4.846499999999999808e+00,3.084052150415762306e+00
-3.269699999999999829e+00,-4.862499999999999822e+00,3.128623016933786971e+00
-3.246599999999999930e+00,-4.878400000000000070e+00,3.173123664779095243e+00
-3.223199999999999843e+00,-4.894300000000000317e+00,3.217393650809925010e+00
-3.199300000000000033e+00,-4.910099999999999909e+00,3.261614125480470694e+00
-3.175100000000000033e+00,-4.925799999999999734e+00,3.305539795462479891e+00
-3.150500000000000078e+00,-4.941399999999999793e+00,3.349311422612214262e+00
-3.125500000000000167e+00,-4.956999999999999851e+00,3.393017313917106037e+00
-3.100200000000000067e+00,-4.972400000000000375e+00,3.436386264222003106e+00
-3.074600000000000222e+00,-4.987700000000000244e+00,3.479509597670628285e+00
-3.048599999999999977e+00,-5.003000000000000114e+00,3.500000000000000000e+00
-3.022299999999999986e+00,-5.018099999999999561e+00,3.500000000000000000e+00
-2.995699999999999807e+00,-5.033100000000000129e+00,3.500000000000000000e+00
-2.968799999999999883e+00,-5.048000000000000043e+00,3.500000000000000000e+00
-2.941600000000000215e+00,-5.062800000000000189e+00,3.500000000000000000e+00
-2.914099999999999913e+00,-5.077399999999999913e+00,3.500000000000000000e+00
-2.886299999999999866e+00,-5.091899999999999871e+00,3.500000000000000000e+00
-2.858299999999999841e+00,-5.106200000000000294e+00,3.500000000000000000e+00
-2.830099999999999838e+00,-5.120400000000000063e+00,3.500000000000000000e+00
-2.801699999999999857e+00,-5.134400000000000297e+00,3.500000000000000000e+00
-2.773000000000000131e+00,-5.148299999999999876e+00,3.500000000000000000e+00
-2.744200000000000195e+00,-5.161900000000000155e+00,3.500000000000000000e+00
-2.715199999999999836e+00,-5.175399999999999778e+00,3.500000000000000000e+00
-2.686100000000000154e+00,-5.188699999999999868e+00,3.500000000000000000e+00
-2.656899999999999817e+00,-5.201699999999999768e+00,3.500000000000000000e+00
-2.627600000000000158e+00,-5.214599999999999902e+00,3.500000000000000000e+00
-2.598199999999999843e+00,-5.227199999999999847e+00,3.500000000000000000e+00
-2.568700000000000205e+00,-5.239600000000000257e+00,3.500000000000000000e+00
-2.539099999999999913e+00,-5.251699999999999591e+00,3.500000000000000000e+00
-2.509500000000000064e+00,-5.263700000000000045e+00,3.500000000000000000e+00
-2.479699999999999793e+00,-5.275400000000000311e+00,3.500000000000000000e+00
-2.449800000000000200e+00,-5.286900000000000155e+00,3.500000000000000000e+00
-2.419799999999999951e+00,-5.298199999999999577e+00,3.500000000000000000e+00
-2.389699999999999935e+00,-5.309300000000000352e+00,3.500000000000000000e+00
-2.359599999999999920e+00,-5.320100000000000051e+00,3.500000000000000000e+00
-2.329299999999999926e+00,-5.330799999999999983e+00,3.500000000000000000e+00
-2.298900000000000166e+00,-5.341199999999999726e+00,3.500000000000000000e+00
-2.268400000000000194e+00,-5.351399999999999935e+00,3.500000000000000000e+00
-2.237800000000000011e+00,-5.361399999999999721e+00,3.500000000000000000e+00
-2.207199999999999829e+00,-5.371199999999999974e+00,3.500000000000000000e+00
-2.176400000000000112e+00,-5.380700000000000038e+00,3.500000000000000000e+00
-2.145500000000000185e+00,-5.390100000000000335e+00,3.500000000000000000e+00
-2.114500000000000046e+00,-5.399200000000000443e+00,3.500000000000000000e+00
-2.083299999999999930e+00,-5.408100000000000129e+00,3.500000000000000000e+00
-2.052099999999999813e+00,-5.416800000000000281e+00,3.500000000000000000e+00
-2.020799999999999930e+00,-5.425300000000000011e+00,3.500000000000000000e+00
-1.989400000000000057e+00,-5.433600000000000207e+00,3.500000000000000000e+00
-1.957799999999999985e+00,-5.441600000000000215e+00,3.500000000000000000e+00
-1.926099999999999923e+00,-5.449499999999999567e+00,3.500000000000000000e+00
-1.894400000000000084e+00,-5.457099999999999618e+00,3.500000000000000000e+00
-1.862500000000000044e+00,-5.464500000000000135e+00,3.500000000000000000e+00
-1.830500000000000016e+00,-5.471700000000000230e+00,3.500000000000000000e+00
-1.798399999999999999e+00,-5.478699999999999903e+00,3.500000000000000000e+00
-1.766199999999999992e+00,-5.485500000000000043e+00,3.500000000000000000e+00
-1.733800000000000008e+00,-5.492099999999999760e+00,3.500000000000000000e+00
-1.701400000000000023e+00,-5.498400000000000176e+00,3.500000000000000000e+00
-1.668800000000000061e+00,-5.504599999999999937e+00,3.500000000000000000e+00
-1.636100000000000110e+00,-5.510500000000000398e+00,3.500000000000000000e+00
-1.603299999999999947e+00,-5.516300000000000203e+00,3.500000000000000000e+00
-1.570300000000000029e+00,-5.521799999999999820e+00,3.500000000000000000e+00
-1.537300000000000111e+00,-5.527099999999999902e+00,3.500000000000000000e+00
-1.504099999999999993e+00,-5.532199999999999562e+00,3.500000000000000000e+00
-1.470699999999999896e+00,-5.537200000000000344e+00,3.500000000000000000e+00
-1.437300000000000022e+00,-5.541900000000000048e+00,3.500000000000000000e+00
-1.403699999999999948e+00,-5.546400000000000219e+00,3.500000000000000000e+00
-1.370000000000000107e+00,-5.550600000000000200e+00,3.500000000000000000e+00
-1.336200000000000054e+00,-5.554700000000000415e+00,3.500000000000000000e+00
-1.302300000000000013e+00,-5.558600000000000207e+00,3.500000000000000000e+00
-1.268199999999999994e+00,-5.562299999999999578e+00,3.500000000000000000e+00
-1.233899999999999997e+00,-5.565800000000000303e+00,3.500000000000000000e+00
-1.199600000000000000e+00,-5.568999999999999950e+00,3.500000000000000000e+00
-1.165100000000000025e+00,-5.572099999999999831e+00,3.500000000000000000e+00
-1.130400000000000071e+00,-5.575000000000000178e+00,3.500000000000000000e+00
-1.095699999999999896e+00,-5.577600000000000335e+00,3.500000000000000000e+00
-1.060699999999999976e+00,-5.580099999999999838e+00,3.500000000000000000e+00
-1.025700000000000056e+00,-5.582399999999999807e+00,3.500000000000000000e+00
-9.905000000000000471e-01,-5.584399999999999586e+00,3.500000000000000000e+00
-9.550999999999999490e-01,-5.586299999999999599e+00,3.500000000000000000e+00
-9.195999999999999730e-01,-5.588000000000000078e+00,3.500000000000000000e+00
-8.839000000000000190e-01,-5.589400000000000368e+00,3.500000000000000000e+00
-8.480999999999999650e-01,-5.590700000000000003e+00,3.500000000000000000e+00
-8.122000000000000330e-01,-5.591800000000000104e+00,3.500000000000000000e+00
-7.760000000000000231e-01,-5.592699999999999783e+00,3.500000000000000000e+00
-7.397000000000000242e-01,-5.593399999999999928e+00,3.500000000000000000e+00
-7.033000000000000362e-01,-5.593899999999999650e+00,3.500000000000000000e+00
-6.666999999999999593e-01,-5.594199999999999839e+00,3.500000000000000000e+00
-6.299000000000000155e-01,-5.594299999999999606e+00,3.500000000000000000e+00
-5.928999999999999826e-01,-5.594199999999999839e+00,3.500000000000000000e+00
-5.557999999999999607e-01,-5.593899999999999650e+00,3.500000000000000000e+00
-5.184999999999999609e-01,-5.593499999999999694e+00,3.500000000000000000e+00
-4.809999999999999831e-01,-5.592800000000000438e+00,3.500000000000000000e+00
-4.433000000000000274e-01,-5.591999999999999638e+00,3.500000000000000000e+00
-4.055000000000000271e-01,-5.590900000000000425e+00,3.500000000000000000e+00
-3.674999999999999933e-01,-5.589699999999999669e+00,3.500000000000000000e+00
-3.291999999999999926e-01,-5.588300000000000267e+00,3.500000000000000000e+00
-2.908000000000000029e-01,-5.586700000000000443e+00,3.500000000000000000e+00
-2.521999999999999797e-01,-5.584999999999999964e+00,3.500000000000000000e+00
-2.132999999999999896e-01,-5.583000000000000185e+00,3.500000000000000000e+00
-1.743000000000000105e-01,-5.580799999999999983e+00,3.500000000000000000e+00
-1.350000000000000089e-01,-5.578500000000000014e+00,3.500000000000000000e+00
-9.560000000000000442e-02,-5.575999999999999623e+00,3.500000000000000000e+00
-5.589999999999999830e-02,-5.573299999999999699e+00,3.500000000000000000e+00
-1.590000000000000094e-02,-5.570400000000000240e+00,3.500000000000000000e+00
2.419999999999999929e-02,-5.567400000000000126e+00,3.500000000000000000e+00
6.460000000000000464e-02,-5.564099999999999824e+00,3.500000000000000000e+00
1.053000000000000047e-01,-5.560699999999999754e+00,3.500000000000000000e+00
1.461999999999999966e-01,-5.557100000000000151e+00,3.500000000000000000e+00
1.872999999999999943e-01,-5.553300000000000125e+00,3.500000000000000000e+00
2.288000000000000034e-01,-5.549400000000000333e+00,3.500000000000000000e+00
2.705000000000000182e-01,-5.545200000000000351e+00,3.500000000000000000e+00
3.124000000000000110e-01,-5.540899999999999714e+00,3.500000000000000000e+00
3.547000000000000153e-01,-5.536500000000000199e+00,3.500000000000000000e+00
3.972999999999999865e-01,-5.531799999999999606e+00,3.500000000000000000e+00
4.401999999999999802e-01,-5.527000000000000135e+00,3.500000000000000000e+00
4.833999999999999964e-01,-5.521899999999999586e+00,3.500000000000000000e+00
5.270000000000000240e-01,-5.516799999999999926e+00,3.500000000000000000e+00
5.708999999999999631e-01,-5.511400000000000077e+00,3.500000000000000000e+00
6.151999999999999691e-01,-5.505899999999999572e+00,3.500000000000000000e+00
6.598000000000000531e-01,-5.500200000000000422e+00,3.500000000000000000e+00
7.048999999999999710e-01,-5.494299999999999962e+00,3.500000000000000000e+00
7.503999999999999559e-01,-5.488199999999999967e+00,3.500000000000000000e+00
7.963000000000000078e-01,-5.482000000000000206e+00,3.500000000000000000e+00
8.426000000000000156e-01,-5.475500000000000256e+00,3.500000000000000000e+00
8.894999999999999574e-01,-5.469000000000000306e+00,3.500000000000000000e+00
9.368999999999999551e-01,-5.462200000000000166e+00,3.500000000000000000e+00
9.848000000000000087e-01,-5.455199999999999605e+00,3.500000000000000000e+00
1.033300000000000107e+00,-5.448100000000000165e+00,3.500000000000000000e+00
1.082400000000000029e+00,-5.440800000000000303e+00,3.500000000000000000e+00
1.132200000000000095e+00,-5.433200000000000252e+00,3.500000000000000000e+00
1.182800000000000074e+00,-5.425500000000000433e+00,3.500000000000000000e+00
1.234099999999999975e+00,-5.417600000000000193e+00,3.500000000000000000e+00
1.286299999999999999e+00,-5.409399999999999764e+00,3.500000000000000000e+00
1.339499999999999913e+00,-5.401099999999999568e+00,3.500000000000000000e+00
1.393799999999999928e+00,-5.392500000000000071e+00,3.500000000000000000e+00
1.449300000000000033e+00,-5.383600000000000385e+00,3.500000000000000000e+00
1.506399999999999961e+00,-5.374500000000000277e+00,3.500000000000000000e+00
1.565199999999999925e+00,-5.365000000000000213e+00,3.500000000000000000e+00
1.626500000000000057e+00,-5.355100000000000193e+00,3.500000000000000000e+00
1.691000000000000059e+00,-5.344599999999999795e+00,3.500000000000000000e+00
1.761900000000000022e+00,-5.333099999999999952e+00,3.500000000000000000e+00
1.828899999999999970e+00,-5.322199999999999598e+00,3.500000000000000000e+00
1.891499999999999959e+00,-5.312100000000000044e+00,3.500000000000000000e+00
1.951300000000000034e+00,-5.302399999999999558e+00,3.500000000000000000e+00
2.009100000000000108e+00,-5.293099999999999916e+00,3.500000000000000000e+00
2.065399999999999903e+00,-5.284099999999999575e+00,3.500000000000000000e+00
2.120200000000000085e+00,-5.275400000000000311e+00,3.500000000000000000e+00
2.173900000000000166e+00,-5.266899999999999693e+00,3.500000000000000000e+00
2.226500000000000146e+00,-5.258700000000000152e+00,3.500000000000000000e+00
2.278200000000000003e+00,-5.250700000000000145e+00,3.500000000000000000e+00
2.329099999999999948e+00,-5.242899999999999672e+00,3.500000000000000000e+00
2.379199999999999982e+00,-5.235299999999999621e+00,3.500000000000000000e+00
2.428599999999999870e+00,-5.227800000000000225e+00,3.500000000000000000e+00
2.477399999999999824e+00,-5.220600000000000129e+00,3.500000000000000000e+00
2.525500000000000078e+00,-5.213599999999999568e+00,3.500000000000000000e+00
2.573100000000000165e+00,-5.206699999999999662e+00,3.500000000000000000e+00
2.620200000000000085e+00,-5.200099999999999945e+00,3.500000000000000000e+00
2.666700000000000070e+00,-5.193599999999999994e+00,3.500000000000000000e+00
2.712800000000000100e+00,-5.187299999999999578e+00,3.500000000000000000e+00
2.758399999999999963e+00,-5.181099999999999817e+00,3.500000000000000000e+00
2.803599999999999870e+00,-5.175200000000000244e+00,3.500000000000000000e+00
2.848399999999999821e+00,-5.169400000000000439e+00,3.500000000000000000e+00
2.892900000000000027e+00,-5.163800000000000168e+00,3.500000000000000000e+00
2.936900000000000066e+00,-5.158299999999999663e+00,3.500000000000000000e+00
2.980599999999999916e+00,-5.153100000000000236e+00,3.500000000000000000e+00
3.023899999999999810e+00,-5.147999999999999687e+00,3.500000000000000000e+00
3.066899999999999959e+00,-5.143099999999999561e+00,3.500000000000000000e+00
3.109599999999999920e+00,-5.138399999999999856e+00,3.500000000000000000e+00
3.151899999999999924e+00,-5.133799999999999919e+00,3.500000000000000000e+00
3.193999999999999950e+00,-5.129400000000000404e+00,3.500000000000000000e+00
3.235799999999999788e+00,-5.125200000000000422e+00,3.500000000000000000e+00
3.277299999999999880e+00,-5.121199999999999974e+00,3.500000000000000000e+00
3.318499999999999783e+00,-5.117399999999999949e+00,3.500000000000000000e+00
3.359500000000000153e+00,-5.113699999999999690e+00,3.500000000000000000e+00
3.400199999999999889e+00,-5.110199999999999854e+00,3.500000000000000000e+00
3.440599999999999881e+00,-5.106900000000000439e+00,3.500000000000000000e+00
3.480799999999999894e+00,-5.103799999999999670e+00,3.500000000000000000e+00
3.520799999999999930e+00,-5.100799999999999557e+00,3.500000000000000000e+00
3.560500000000000220e+00,-5.098099999999999632e+00,3.500000000000000000e+00
3.600099999999999856e+00,-5.095500000000000362e+00,3.500000000000000000e+00
3.639299999999999979e+00,-5.093099999999999739e+00,3.500000000000000000e+00
3.678399999999999892e+00,-5.090900000000000425e+00,3.500000000000000000e+00
