{"dr/progress":0.99,"racing/avg_speed":3.654857271699211,"_runtime":5343,"rollout/ep_rew_mean":3175.535,"time/fps":376,"racing/max_speed":3.989949733676844,"dr/strength":1,"_wandb":{"runtime":5343},"global_step":2000000,"eval/mean_ep_length":1084.4,"train/actor_loss":-3.6125665,"racing/max_progress":0.16204939349867364,"racing/avg_episode_length":1057.32,"racing/avg_progress":0.11403280844849327,"racing/collision_rate":0.02,"racing/median_progress":0.1244436574721853,"eval/mean_reward":3248.9849,"_timestamp":1.777247821219244e+09,"train/learning_rate":0.0003,"_step":5708,"train/ent_coef":0.0008964283,"racing/avg_lap_time":3.6664999783039094,"train/critic_loss":0.0009465127,"rollout/ep_len_mean":1057.32,"train/ent_coef_loss":-2.457472,"racing/survival_rate":0.98,"racing/best_lap_time":0.6200000047683716,"total_timesteps":2000000}