x_m,y_m
3.666960709167032206e+00,-4.876919837433077554e+00
3.699778339748335476e+00,-4.875228387959370302e+00
3.732367397463896896e+00,-4.873616673270337429e+00
3.765562255731371266e+00,-4.872107613721930797e+00
3.797898086353930669e+00,-4.870732452237779064e+00
3.831562677560285124e+00,-4.869407688696919756e+00
3.864307483516248976e+00,-4.868339117295626295e+00
3.896463035774635486e+00,-4.867267155373069087e+00
3.930329142411690846e+00,-4.866317657606717084e+00
3.962699514392880040e+00,-4.865556006911459619e+00
3.995772040413894999e+00,-4.864840302695525587e+00
4.028586912841637613e+00,-4.864276765532536295e+00
4.061149289279757824e+00,-4.863774328417392212e+00
4.094295523450762531e+00,-4.863377651904270849e+00
4.127361238771556806e+00,-4.863130986433700897e+00
4.160056087080515219e+00,-4.862997973841752142e+00
4.192445496135273508e+00,-4.862920433247746033e+00
4.225257317508360977e+00,-4.862888208380678812e+00
4.258869878531991837e+00,-4.863042680530056394e+00
4.291406337171576268e+00,-4.863334257272048156e+00
4.323794883307430226e+00,-4.863655797436340578e+00
4.356650340482202566e+00,-4.864045080265984922e+00
4.389627795679667877e+00,-4.864571056399155324e+00
4.421940123774327880e+00,-4.865143249672368775e+00
4.455523538718212606e+00,-4.865850615292927728e+00
4.488130369754157023e+00,-4.866721240721330943e+00
4.520122052382805400e+00,-4.867552759458780187e+00
4.553248974614000133e+00,-4.868489871647695644e+00
4.586250570869211174e+00,-4.869571758433631992e+00
4.618763663418039123e+00,-4.870733157001859936e+00
4.651326225087641042e+00,-4.871939538388867952e+00
4.684313692861419298e+00,-4.873271103670906435e+00
4.716788203915777800e+00,-4.874674066904212566e+00
4.749166099237736027e+00,-4.876109932606351727e+00
4.781742900700972854e+00,-4.877602948694804041e+00
4.814605633309009036e+00,-4.879201766165071952e+00
4.847520893167812872e+00,-4.880923047811763560e+00
4.880013574003459809e+00,-4.882717201630590864e+00
4.912448889903752836e+00,-4.884545411117551694e+00
4.945330283824430850e+00,-4.886491191119705313e+00
4.977772948819620957e+00,-4.888500470987820812e+00
5.010048960315280020e+00,-4.890530896530480121e+00
5.042501806770397721e+00,-4.892606800364450059e+00
5.075337760362067741e+00,-4.894795621597152646e+00
5.107716573445321373e+00,-4.897041069395620561e+00
5.140090761271499886e+00,-4.899313284382594169e+00
5.172893865135590019e+00,-4.901702362973754390e+00
5.205266125714515191e+00,-4.904141940180480219e+00
5.237499725902341474e+00,-4.906598284008155453e+00
5.269842443508033547e+00,-4.909093775967612316e+00
5.302396153738324180e+00,-4.911662877088505574e+00
5.335171845772362254e+00,-4.914341807958782837e+00
5.367701594023604805e+00,-4.917107271989360484e+00
5.399356516522082927e+00,-4.919794736907835642e+00
5.432041848030129572e+00,-4.922565264796286755e+00
5.464967961225950077e+00,-4.925512015875247229e+00
5.496592396131269709e+00,-4.928365992750666003e+00
5.528909977830456235e+00,-4.931250739405872885e+00
5.561580892993662317e+00,-4.934260446471284922e+00
5.593649808936448586e+00,-4.937261041974679188e+00
5.626007495431712968e+00,-4.940307097686156723e+00
5.658494540626652913e+00,-4.943438010211104405e+00
5.690583459021555157e+00,-4.946569150248436131e+00
5.722874955363230320e+00,-4.949738710975021938e+00
5.755340652880168051e+00,-4.952989387210959826e+00
5.787512414642641545e+00,-4.956259004303221971e+00
5.819531159515280549e+00,-4.959524224893586464e+00
5.851558858546119346e+00,-4.962789489374402230e+00
5.883936616071978598e+00,-4.966119194368198819e+00
5.916278252994451314e+00,-4.969511602822880292e+00
5.948200415929064455e+00,-4.972878083481687916e+00
5.980315457153688286e+00,-4.976261306572780541e+00
6.012686414173242788e+00,-4.979714740646180360e+00
6.044992231368047086e+00,-4.983216679790700709e+00
6.077124992856558272e+00,-4.986738552096520394e+00
6.109027517217555214e+00,-4.990239792544213238e+00
6.141077200299727146e+00,-4.993751642344369301e+00
6.173299825985748335e+00,-4.997311650365243274e+00
6.205222313120449584e+00,-5.000856741067194910e+00
6.237035453862800338e+00,-5.004364632387778400e+00
6.269272242280007568e+00,-5.007925674184705578e+00
6.301579362190508071e+00,-5.011550372617222138e+00
6.333552589743806749e+00,-5.015163726534186850e+00
6.365468023951236454e+00,-5.018761588728771983e+00
6.397501721087674120e+00,-5.022374160324282855e+00
6.429534822689684681e+00,-5.025998932665427965e+00
6.461512994401726218e+00,-5.029623439557764364e+00
6.493527669035074723e+00,-5.033255355327106884e+00
6.525619681371520819e+00,-5.036909810013924904e+00
6.557664590754137990e+00,-5.040577659460883986e+00
6.589582910720367614e+00,-5.044234195442687252e+00
6.621409350773262759e+00,-5.047865642435722222e+00
6.653202813575227914e+00,-5.051470020787543369e+00
6.685035522442401401e+00,-5.055052860945590254e+00
6.717094665232071549e+00,-5.058657197813353434e+00
6.749249214808223485e+00,-5.062299146049555887e+00
6.781129285866406953e+00,-5.065919280204128405e+00
6.812851673207657832e+00,-5.069491907555188526e+00
6.844699266707610086e+00,-5.073050151016412990e+00
6.876691211210182786e+00,-5.076616362257444059e+00
6.908838002928369804e+00,-5.080215147684929988e+00
6.940747967444869992e+00,-5.083804593797272453e+00
6.972209945763869321e+00,-5.087298126666878417e+00
7.003962358814656675e+00,-5.090758143551859405e+00
7.036092629194996562e+00,-5.094260457327137281e+00
7.067913200618047398e+00,-5.097733014328493795e+00
7.099575525798856646e+00,-5.101144422016103519e+00
7.131486605437077131e+00,-5.104552047869303166e+00
7.163548322633734422e+00,-5.107977505286806164e+00
7.195601249972310320e+00,-5.111417884502481357e+00
7.227021623994462018e+00,-5.114758506852417064e+00
7.258360518220367652e+00,-5.117977326705647201e+00
7.290715190681199331e+00,-5.121278750425240389e+00
7.322732660593665344e+00,-5.124596209840396988e+00
7.354117873441438746e+00,-5.127790043614832705e+00
7.386052967569503025e+00,-5.130980797331868182e+00
7.417960027615732699e+00,-5.134171606853049852e+00
7.449372874765742836e+00,-5.137253574768676501e+00
7.481227997103356842e+00,-5.140312113306012343e+00
7.513195831696044102e+00,-5.143379730814906736e+00
7.544644647277155336e+00,-5.146346739542399185e+00
7.576349580688567897e+00,-5.149260624356556626e+00
7.608301342131136735e+00,-5.152172929564557968e+00
7.640138901356836598e+00,-5.155053134719070229e+00
7.671923778607810718e+00,-5.158661647807980088e+00
7.703689671566698927e+00,-5.162081058803124733e+00
7.735272641440684716e+00,-5.165283162340280398e+00
7.766614304980242522e+00,-5.168235651788341656e+00
7.798179894375484089e+00,-5.170963974774373639e+00
7.830553925563591200e+00,-5.173620018231542161e+00
7.862350611914441068e+00,-5.176120508082200367e+00
7.893707131707012437e+00,-5.178377780595129209e+00
7.925192659243434967e+00,-5.180428762111848329e+00
7.957030475245178813e+00,-5.182330137744338039e+00
7.988930773754999493e+00,-5.184104657448795450e+00
8.020768346747505717e+00,-5.185737020925978769e+00
8.052854602699540010e+00,-5.187274344846905194e+00
8.084165691496114192e+00,-5.188627210825865532e+00
8.115311950722148282e+00,-5.189725376449310090e+00
8.147876507029865323e+00,-5.190813207685280872e+00
8.179480303974132838e+00,-5.191790985514151302e+00
8.210968976950185905e+00,-5.192585660301299200e+00
8.243033035402708819e+00,-5.193324260191912067e+00
8.274362254227053626e+00,-5.193911142353135446e+00
8.306127272760857494e+00,-5.194377329161824264e+00
8.338026353520548994e+00,-5.194791111624005531e+00
8.369326132724605571e+00,-5.195057462776162538e+00
8.401260775772087186e+00,-5.195250342812971489e+00
8.432898916857995530e+00,-5.195380449011787860e+00
8.464259602420803219e+00,-5.195383594501524094e+00
8.496141679633563371e+00,-5.195334407348812356e+00
8.528073710923894879e+00,-5.195260998784828388e+00
8.559678531327181261e+00,-5.195138719444504893e+00
8.590965490497577406e+00,-5.194922783309711356e+00
8.622290754065872420e+00,-5.194615238433447857e+00
8.654035077126286168e+00,-5.194264722377528010e+00
8.685924368599225787e+00,-5.193914873291932466e+00
8.717596583697250878e+00,-5.193560110111818950e+00
8.748842343160339041e+00,-5.193152522482706424e+00
8.780066125933993604e+00,-5.192679440445029826e+00
8.811660092007283396e+00,-5.192174355033322364e+00
8.843501571145564455e+00,-5.191691531463352938e+00
8.875212096325984845e+00,-5.191240714313561710e+00
8.906456327504930215e+00,-5.190783304065022641e+00
8.937551716340669472e+00,-5.190287524455457380e+00
8.969118906392145263e+00,-5.189775072529043243e+00
9.000819766593544102e+00,-5.189318553016022406e+00
9.031877801080630874e+00,-5.188865425704419998e+00
9.063672928809248575e+00,-5.188426948114628345e+00
9.095064486253612301e+00,-5.188060733107021427e+00
9.126093233067388510e+00,-5.187701383947528555e+00
9.157389224768580860e+00,-5.187340550299199826e+00
9.189207496655704688e+00,-5.187044845174924035e+00
9.220264897363813716e+00,-5.186830185928123171e+00
9.251883497320779526e+00,-5.186631179818228077e+00
9.283407959335011839e+00,-5.185621185548106915e+00
9.314462109926511246e+00,-5.184495086872652259e+00
9.346233427846872388e+00,-5.183255295973731691e+00
9.377435281614635798e+00,-5.181960364560548982e+00
9.408382270584008111e+00,-5.180533696628593532e+00
9.439762772909974231e+00,-5.178951415434481120e+00
9.471413546723411514e+00,-5.177292551929167708e+00
9.502405979863036478e+00,-5.175561451845985594e+00
9.533363010980734131e+00,-5.173679943692495620e+00
9.565007150598331620e+00,-5.171645357475683547e+00
9.596248070108782002e+00,-5.169572550265344901e+00
9.627324533152641806e+00,-5.167365199631339223e+00
9.659000507993951601e+00,-5.165040799414803097e+00
9.689918380242716012e+00,-5.162669429605769800e+00
9.720952542237375482e+00,-5.160141934329040225e+00
9.751821868204570976e+00,-5.157491476695857280e+00
9.782936946511831877e+00,-5.154672152989137501e+00
9.814584061737434695e+00,-5.151723169051306783e+00
9.846045063389356145e+00,-5.148746238933725294e+00
9.876188236340391668e+00,-5.145730476119809715e+00
9.907414478770432353e+00,-5.142416217831802250e+00
9.939140657844500737e+00,-5.138995978888195815e+00
9.969879114737073778e+00,-5.135606406065917007e+00
1.000016767683139030e+01,-5.132045304700149302e+00
1.003170385908075701e+01,-5.128213963508844841e+00
1.006315248082131397e+01,-5.124350181648916092e+00
1.009319200312976861e+01,-5.120510670740104686e+00
1.012409828428788039e+01,-5.116347001774866676e+00
1.015571381755672675e+01,-5.112020923032548403e+00
1.018634251214895237e+01,-5.107760044414773937e+00
1.021635921657197699e+01,-5.103342087464927346e+00
1.024783449689136106e+01,-5.098599225257474110e+00
1.027811765372601549e+01,-5.093910353876594854e+00
1.030938669999314961e+01,-5.088924775584323434e+00
1.033997438007741465e+01,-5.083960665776247723e+00
1.037027521511310191e+01,-5.078859101395083897e+00
1.040108411989474213e+01,-5.073513163070089149e+00
1.043193782773125022e+01,-5.068064875311835138e+00
1.046210090280908389e+01,-5.062578786743194392e+00
1.049249289519057982e+01,-5.056861156173256155e+00
1.052356486616091935e+01,-5.050917157527753609e+00
1.055273099985953422e+01,-5.045152639466031097e+00
1.058424654365803264e+01,-5.038717899323007288e+00
1.061411135023503149e+01,-5.032584059099937335e+00
1.064432257867672504e+01,-5.026110049846061578e+00
1.067496255579685815e+01,-5.019464825072319059e+00
1.070451612729265456e+01,-5.012857164593158110e+00
1.073463378350146513e+01,-5.005908505064441627e+00
1.076531602753309613e+01,-4.998723815779479551e+00
1.079499744229429226e+01,-4.991622081251477994e+00
1.082465543089057647e+01,-4.984300100473250339e+00
1.085529068978470413e+01,-4.976594981114351057e+00
1.088478041608392743e+01,-4.969045712367502254e+00
1.091431828702918061e+01,-4.961244566038578441e+00
1.094454932542329217e+01,-4.953096598506601111e+00
1.097340661959840880e+01,-4.945155359592001254e+00
1.100364783065951890e+01,-4.936555258634656163e+00
1.103323653998926446e+01,-4.928108291930644924e+00
1.106198137490116373e+01,-4.919566326385638177e+00
1.109213796479093972e+01,-4.910488036089482478e+00
1.112095736632033649e+01,-4.901610229438880140e+00
1.115013386493512471e+01,-4.892382893696893831e+00
1.117956474211056239e+01,-4.882895547432321237e+00
1.120855164985256458e+01,-4.873366124963300905e+00
1.123708123781817392e+01,-4.863730478382627176e+00
1.126608015717850186e+01,-4.853706399099873892e+00
1.129510237133338890e+01,-4.843468091776118811e+00
1.132466057858070840e+01,-4.832927624108980247e+00
1.135190006587670908e+01,-4.822933822140377025e+00
1.138116160908372620e+01,-4.811922862878057039e+00
1.140958849108530337e+01,-4.801864267531953168e+00
1.143759796866573630e+01,-4.791481321431041884e+00
1.146693032511221411e+01,-4.780220414451203048e+00
1.149456861969146360e+01,-4.769273527463655959e+00
1.152249215709429286e+01,-4.757740282227957529e+00
1.155096871886250298e+01,-4.745624685002139742e+00
1.157848258777687356e+01,-4.733563497763678463e+00
1.160556321136101410e+01,-4.721229721088472608e+00
1.163358729313081241e+01,-4.708111621813078074e+00
1.166049518490911474e+01,-4.695152146999179266e+00
1.168711842785896593e+01,-4.681862708044579158e+00
1.171456888050396827e+01,-4.667841235776401199e+00
1.174091217499212547e+01,-4.653991532944123044e+00
1.176736525357409135e+01,-4.639678857998332795e+00
1.179383114859592219e+01,-4.625008568482571469e+00
1.181944955779339423e+01,-4.610397690390185765e+00
1.184534287447995382e+01,-4.595191143789790544e+00
1.187139224763459211e+01,-4.579610410410992039e+00
1.189618688468190477e+01,-4.564328171243322352e+00
1.192184638160630961e+01,-4.548131227125870701e+00
1.194702121077067680e+01,-4.531934665170896714e+00
1.197114881413647325e+01,-4.515931750901398090e+00
1.199649869938466651e+01,-4.498823035431473549e+00
1.202021604713184644e+01,-4.482378948346770642e+00
1.204439643442199070e+01,-4.465223341656862743e+00
1.206870420377968323e+01,-4.447627370509877665e+00
1.209234122618216745e+01,-4.430226140544963442e+00
1.211530331325308119e+01,-4.412742879093105586e+00
1.213929283307313689e+01,-4.394287725406694101e+00
1.216137388374253092e+01,-4.376808261951539158e+00
1.218518656457749394e+01,-4.357673288347760021e+00
1.220685476452043794e+01,-4.339800198628674721e+00
1.222992798170920281e+01,-4.320525034392891151e+00
1.225129231342098102e+01,-4.302099579170221233e+00
1.227392147480030893e+01,-4.282463908425259369e+00
1.229544846879968922e+01,-4.263287596356202691e+00
1.231627954063623953e+01,-4.244345721649845693e+00
1.233819275402463411e+01,-4.224079101744299791e+00
1.235858780578346838e+01,-4.204821057496213044e+00
1.237972229028711801e+01,-4.184481029590042311e+00
1.240055784074870715e+01,-4.164182180510920261e+00
1.242006798584725225e+01,-4.144687137623527917e+00
1.244078110472284138e+01,-4.123611277486976867e+00
1.246078783224413478e+01,-4.103003394961167061e+00
1.248018558258917210e+01,-4.082560985358131056e+00
1.249971732216765119e+01,-4.061733797998391182e+00
1.251892041143987377e+01,-4.040701906989272452e+00
1.253819706488596708e+01,-4.019373229202489739e+00
1.255730454670610463e+01,-3.997885838807639924e+00
1.257563508576942013e+01,-3.976879660141907191e+00
1.259491886475291267e+01,-3.954464156104525507e+00
1.261181898641170918e+01,-3.933172563994067783e+00
1.262936356839526475e+01,-3.910281646391054355e+00
1.264657444267903585e+01,-3.887277463016359569e+00
1.266367293367998847e+01,-3.863855275277193968e+00
1.268027921824464066e+01,-3.840457823689686467e+00
1.269626027625347042e+01,-3.817344588877097156e+00
1.271335732120554063e+01,-3.791955376223102192e+00
1.272785551190917097e+01,-3.769857298225525177e+00
1.274478603575201063e+01,-3.743363982009786373e+00
1.275939019292648346e+01,-3.719943600428367247e+00
1.277479303649555753e+01,-3.694616684967168663e+00
1.278956278133470548e+01,-3.669637920897410144e+00
1.280429643067561507e+01,-3.644181393145072168e+00
1.281885328659261880e+01,-3.618393696190654207e+00
1.283331445150038341e+01,-3.592261075970571760e+00
1.284741660321071599e+01,-3.566240039773611592e+00
1.286067451654649751e+01,-3.541059478665120608e+00
1.287467916961466052e+01,-3.513813268098922471e+00
1.288821258318791507e+01,-3.487087879516600264e+00
1.290116283646015205e+01,-3.460828308175281531e+00
1.291455648156946090e+01,-3.433215412077979867e+00
1.292691898522059901e+01,-3.407021372708637141e+00
1.294009833683692889e+01,-3.378712256630878930e+00
1.295188849788385710e+01,-3.352665303121343143e+00
1.296476992695911257e+01,-3.323728404258166513e+00
1.297691708978371317e+01,-3.296130868397651348e+00
1.298848889552619390e+01,-3.269115439175156013e+00
1.300060420577153408e+01,-3.240307152349144904e+00
1.301254085962908569e+01,-3.211699826295079330e+00
1.302344317634046966e+01,-3.184871259544598487e+00
1.303540801291401152e+01,-3.154947895732242991e+00
1.304650710706714456e+01,-3.126967636680415552e+00
1.305739090034100514e+01,-3.098839867858885100e+00
1.306829023854718663e+01,-3.070135435321102779e+00
1.307941951099976485e+01,-3.040483989526074016e+00
1.309103095137459150e+01,-3.011551346346101443e+00
1.310193319371535736e+01,-2.983529649021497754e+00
1.311262416729724833e+01,-2.954965266200010543e+00
1.312358041007249554e+01,-2.924935110907397107e+00
1.313430103233130630e+01,-2.895077254598128480e+00
1.314503997262707813e+01,-2.866682022039325428e+00
1.315558795900733280e+01,-2.837374811578639910e+00
1.316592875947545949e+01,-2.807613996156517633e+00
1.317576209407418197e+01,-2.778171276893584896e+00
1.318545964269619297e+01,-2.748062754548581843e+00
1.319477903191052448e+01,-2.718118229158927868e+00
1.320384925804087217e+01,-2.687928058934182740e+00
1.321268794017830395e+01,-2.657571699715027158e+00
1.322116622406000275e+01,-2.627426561604622179e+00
1.322929897645048669e+01,-2.597389494506270324e+00
1.323749395920301630e+01,-2.566324039173692562e+00
1.324563650318401464e+01,-2.535024021524272531e+00
1.325311180083986784e+01,-2.505096654756066687e+00
1.326069848862578482e+01,-2.474002087883131473e+00
1.326821286983779835e+01,-2.442780829486083327e+00
1.327524017517129273e+01,-2.412505958987862797e+00
1.328233166925001463e+01,-2.381386595961563657e+00
1.328949883099650364e+01,-2.349757372112030396e+00
1.329658491404571485e+01,-2.318227518743495530e+00
1.330343896306934859e+01,-2.287214638004169132e+00
1.331009627213863844e+01,-2.256448956930944938e+00
1.331678365957507992e+01,-2.225273255850662046e+00
1.332341556563189044e+01,-2.194109161462302726e+00
1.332996357568171142e+01,-2.163048336759479717e+00
1.333648919295849034e+01,-2.131927029920135830e+00
1.334295237252197808e+01,-2.100921564892638038e+00
1.334935403406125332e+01,-2.070025249502141396e+00
1.335566465487973709e+01,-2.039347763723182272e+00
1.336251449162042881e+01,-2.009347914619326492e+00
1.336929962621784540e+01,-1.978823480170717186e+00
1.337589460282115539e+01,-1.948412875692896673e+00
1.338226145028155578e+01,-1.918210414494312843e+00
1.338838332614876414e+01,-1.888296917647285911e+00
1.339428907979508310e+01,-1.858469587247741028e+00
1.340037263537955603e+01,-1.827587256727287279e+00
1.340600238071051464e+01,-1.798093208978843727e+00
1.341147325895543041e+01,-1.768587756447841830e+00
1.341762739475123745e+01,-1.738990196397061538e+00
1.342371348090194516e+01,-1.708733289435579117e+00
1.342932780127611991e+01,-1.679646275810779743e+00
1.343449772864578762e+01,-1.651245936233932454e+00
1.343962011557886171e+01,-1.621862156975392377e+00
1.344461418569298239e+01,-1.592323450370571214e+00
1.344954019387405886e+01,-1.562493576118057170e+00
1.345388461380692391e+01,-1.534845553290294706e+00
1.345833237448064601e+01,-1.505535940788126359e+00
1.346217635940901935e+01,-1.477955430941602755e+00
1.346578237421532087e+01,-1.448816515031139174e+00
1.346888406870602850e+01,-1.420478920834930214e+00
1.347136216076408743e+01,-1.392981713078489614e+00
1.347433096509174177e+01,-1.364578895936621850e+00
1.347584423721302116e+01,-1.336015364432568742e+00
1.347642365843146806e+01,-1.309533286311894029e+00
1.347637327904227789e+01,-1.281854257369183792e+00
1.347547728882921625e+01,-1.255482140830992854e+00
1.347396464009476347e+01,-1.228150529090360488e+00
1.347179825698474076e+01,-1.201174629730190624e+00
1.346885846919205143e+01,-1.176300956813802090e+00
1.346528228489871459e+01,-1.150070298693444792e+00
1.346109516427119779e+01,-1.124438814546068421e+00
1.345627853552581499e+01,-1.101105230125339673e+00
1.345153349641037543e+01,-1.076121440695321230e+00
1.344620266774295381e+01,-1.054310524885829992e+00
1.343993246484148330e+01,-1.030803352752366786e+00
1.343315985121572353e+01,-1.008885122109357102e+00
1.342539923567517945e+01,-9.860429257604375053e-01
1.341776081261768105e+01,-9.675974543435726938e-01
1.340975939712579823e+01,-9.469677813209316231e-01
1.340176181365619712e+01,-9.300769400844072221e-01
1.339176538638651159e+01,-9.087330261639876561e-01
1.338322889852781827e+01,-8.950162776956233079e-01
1.337219506496509247e+01,-8.760259207761833533e-01
1.336278225201446368e+01,-8.633849104963988719e-01
1.335160196992069892e+01,-8.480932137641068458e-01
1.333962320396912205e+01,-8.327626085705515102e-01
1.332942711291306281e+01,-8.221733983973670279e-01
1.331697775882541634e+01,-8.082321324279266861e-01
1.330437915128184834e+01,-7.951761413932010303e-01
1.329149348475197279e+01,-7.824682310706417843e-01
1.327700883451956315e+01,-7.697482919961631254e-01
1.326229503556633915e+01,-7.576038144847727640e-01
1.324753782837666094e+01,-7.473742796044426928e-01
1.323169392486698825e+01,-7.361098075672860563e-01
1.321533056341936430e+01,-7.247214377597616108e-01
1.319643706755421420e+01,-7.120283057758209910e-01
1.318115976417896817e+01,-7.042563430974764227e-01
1.316351123573483584e+01,-6.936651960781861082e-01
1.314521211328589523e+01,-6.823173608276934532e-01
1.312832600644219028e+01,-6.730840194703482382e-01
1.310925780864579338e+01,-6.620118425348247015e-01
1.309262063996178149e+01,-6.526667987546453942e-01
1.307265533778438815e+01,-6.406932871678050478e-01
1.305514934970071295e+01,-6.304031738313752298e-01
1.303574616029106004e+01,-6.186080096955326457e-01
1.301752245968201649e+01,-6.083097652002027456e-01
1.299912668885436773e+01,-5.975855131409211207e-01
1.297936906269531931e+01,-5.855645560062804345e-01
1.295858083222665513e+01,-5.738087685061722398e-01
1.294089324982842903e+01,-5.634206150395189017e-01
1.292113854247312155e+01,-5.518605002008942773e-01
1.289938000377204652e+01,-5.391299754883286388e-01
1.288049587595044798e+01,-5.294225350848931200e-01
1.285970181778542631e+01,-5.187058833773887656e-01
1.283708653435142644e+01,-5.071270482011650538e-01
1.281787669795460261e+01,-4.967971513365573855e-01
1.279577087868570473e+01,-4.852330281043617521e-01
1.277415448106189011e+01,-4.738065902521100825e-01
1.275457200108362521e+01,-4.630503197386861003e-01
1.273027266186887196e+01,-4.515421528156383091e-01
1.271048998751124159e+01,-4.411749933748690400e-01
1.268641052902683519e+01,-4.294981123860683869e-01
1.266544364624455987e+01,-4.185106378424537366e-01
1.264228864216443604e+01,-4.078761102152504425e-01
1.261888918958836037e+01,-3.972573434406453385e-01
1.259726503312058199e+01,-3.872061452086024147e-01
1.257266779388446487e+01,-3.767816255643260392e-01
1.255091840040521411e+01,-3.670576501861430585e-01
1.252602707533062976e+01,-3.571359259832411204e-01
1.250322595149160954e+01,-3.494711794587423426e-01
1.247864447742873395e+01,-3.419774771118987977e-01
1.245495156362679445e+01,-3.350258589778077334e-01
1.243184242693925157e+01,-3.285281741483272455e-01
1.240632482093153399e+01,-3.224651178386156447e-01
1.238293356126771094e+01,-3.169675745044595039e-01
1.235788847512986521e+01,-3.121214004674089937e-01
1.233461763616913487e+01,-3.079729563331455866e-01
1.230922976529767432e+01,-3.045713625840062999e-01
1.228610095519884027e+01,-3.019015663918592218e-01
1.226325023581464535e+01,-3.000124311650776421e-01
1.223845361796198361e+01,-2.993230776394205650e-01
1.221681139253381332e+01,-2.991452823205936196e-01
1.219302767794750864e+01,-3.004106697297755924e-01
1.216954144494261136e+01,-3.017720254594959406e-01
1.214967773094777748e+01,-3.034428013219414577e-01
1.212534103566230570e+01,-3.072007573124572732e-01
1.210565625068911189e+01,-3.099746185253247077e-01
1.208529109391472112e+01,-3.129955552863235013e-01
1.206473158809239798e+01,-3.170171299700464962e-01
1.204670065489552755e+01,-3.210262903628801068e-01
1.202795980714816437e+01,-3.262508726345917376e-01
1.201010113968518844e+01,-3.322915754586221460e-01
1.199348090435879932e+01,-3.387832215091634569e-01
1.197649041235550627e+01,-3.468344105158724933e-01
1.196059404999749098e+01,-3.557567287140562806e-01
1.194878793163188035e+01,-3.630115816156362918e-01
1.193519850979837038e+01,-3.720248009048081617e-01
1.192325427144360717e+01,-3.809097654096708641e-01
1.191159461574049772e+01,-3.923093251994549391e-01
1.190321468192797028e+01,-4.013701386835638596e-01
1.189380740599424158e+01,-4.129891473046289896e-01
1.188397783649042694e+01,-4.272372259898759017e-01
1.187580124884323496e+01,-4.407101394472652256e-01
1.186595089952690429e+01,-4.576755434990766869e-01
1.185877362335916096e+01,-4.729277982854076523e-01
1.185049755921069092e+01,-4.923955012228383721e-01
1.184385943871235547e+01,-5.098091905697224036e-01
1.183714139873875837e+01,-5.320011018637962330e-01
1.183140248176793108e+01,-5.532941493300098657e-01
1.182578166514060136e+01,-5.760092918580941301e-01
1.181994307991359960e+01,-5.983841373175089462e-01
1.181403016826326002e+01,-6.232461939415725460e-01
1.180890546503723648e+01,-6.459991617993791069e-01
1.180341580006941982e+01,-6.734679216501802124e-01
1.179878305677997652e+01,-6.973213950051726506e-01
1.179408926102973432e+01,-7.251683155645012313e-01
1.178995430339376327e+01,-7.511356024033879475e-01
1.178596988881290031e+01,-7.797868237678164949e-01
1.178254665604149665e+01,-8.058620863986788452e-01
1.177930259538231184e+01,-8.357915468741086151e-01
1.177548635211355865e+01,-8.634140515453507803e-01
1.177195181920559008e+01,-8.927340798070448891e-01
1.176854241382632615e+01,-9.216295562401958241e-01
1.176533135528051766e+01,-9.519821622035127273e-01
1.176225909719242324e+01,-9.813701248312168834e-01
1.175942526719484782e+01,-1.011159405131542677e+00
1.175682245998113018e+01,-1.041127864413206039e+00
1.175442050039410802e+01,-1.072276091835097755e+00
1.175216412993848358e+01,-1.102508468335567038e+00
1.175015733397005135e+01,-1.133975929636932500e+00
1.174827540788628610e+01,-1.164769202701898321e+00
1.174664471272648747e+01,-1.195556228384690112e+00
1.174528651210052921e+01,-1.227154568705057791e+00
1.174409567774684504e+01,-1.258893465091329711e+00
1.174308525192408226e+01,-1.290079046801253959e+00
1.174236726001447195e+01,-1.321060278438954905e+00
1.174199379901472362e+01,-1.353261581923356438e+00
1.174178281047833750e+01,-1.385407364095698313e+00
1.174177953684431053e+01,-1.417291779713591993e+00
1.174203687933613693e+01,-1.449159790178872420e+00
1.174257530970335495e+01,-1.481066276276289839e+00
1.174340509510811081e+01,-1.512994597754169890e+00
1.174454083598907062e+01,-1.544935827391527683e+00
1.174600298369704099e+01,-1.577133131282685063e+00
1.174776357924360148e+01,-1.609642121048680208e+00
1.174977661550378194e+01,-1.641924642996624772e+00
1.175210392222821376e+01,-1.673863483320416901e+00
1.175481921484930048e+01,-1.706000498480585659e+00
1.175790470926952480e+01,-1.738478885779139560e+00
1.176038919328270005e+01,-1.771322787975177393e+00
1.176298756404887769e+01,-1.803536209863791928e+00
1.176584172666066053e+01,-1.835810393775736848e+00
1.176892521825311810e+01,-1.868673243234045600e+00
1.177215814260244464e+01,-1.901568464797559255e+00
1.177555082271646825e+01,-1.934104393903648411e+00
1.177825629556089559e+01,-1.966647805733101606e+00
1.178104089191209702e+01,-1.999524266125117355e+00
1.178384854183633479e+01,-2.032912366357421341e+00
1.178566924035566998e+01,-2.066342016284366423e+00
1.178733472411171235e+01,-2.098535441583345929e+00
1.178896526299604908e+01,-2.132207761379291355e+00
1.179032363619732138e+01,-2.166091079604921532e+00
1.179144236766511433e+01,-2.199123346494981757e+00
1.179239602937906994e+01,-2.233299387507420075e+00
1.179306778168753311e+01,-2.265870119345713363e+00
1.179364435543921275e+01,-2.300382809995393796e+00
1.179379676321770631e+01,-2.334359768154187886e+00
1.179375966978713386e+01,-2.367683448052325890e+00
1.179344202795811469e+01,-2.402205416977657659e+00
1.179280819717956952e+01,-2.435849358788712671e+00
1.179184528568537083e+01,-2.470590425210459795e+00
1.179056052238394869e+01,-2.504409130237247538e+00
1.178887647780423364e+01,-2.539369502615639540e+00
1.178673705422156281e+01,-2.574034120356732736e+00
1.178426181011937146e+01,-2.608546282505685987e+00
1.178131798372696615e+01,-2.643034722745557286e+00
1.177792004911673196e+01,-2.678196669550405140e+00
1.177410553175493924e+01,-2.712624948536348946e+00
1.176967724802839221e+01,-2.748069498360789620e+00
1.176469764832142317e+01,-2.783316047268105109e+00
1.175936127879065474e+01,-2.817524915992680956e+00
1.175314624005903852e+01,-2.853649927340775605e+00
1.174668856663463501e+01,-2.887850201166333619e+00
1.173939002321880309e+01,-2.923350853232252078e+00
1.173179391119444936e+01,-2.957501666927535133e+00
1.172304734746571420e+01,-2.993616577879411267e+00
1.171422911916240217e+01,-3.027462708297908200e+00
1.170458873470087369e+01,-3.062236732253025728e+00
1.169397634887174320e+01,-3.097549126842706890e+00
1.168272088652026319e+01,-3.132575821016145401e+00
1.167113052778404381e+01,-3.166222601416055049e+00
1.165809739900028852e+01,-3.201463774539532903e+00
1.164460217620749383e+01,-3.235805282805494620e+00
1.163034843918798344e+01,-3.269842415233068067e+00
1.161481927559393945e+01,-3.304323655308307739e+00
1.159827613768160326e+01,-3.338604445471496263e+00
1.158106565067056337e+01,-3.372094037003244171e+00
1.156218277504993885e+01,-3.406285756377005480e+00
1.154262340733889936e+01,-3.439351008485958427e+00
1.152163991556038170e+01,-3.472233830824176248e+00
1.149872214791514580e+01,-3.505624823381080724e+00
1.147451763386082924e+01,-3.538225611299637752e+00
1.144916334973247274e+01,-3.569621263407264600e+00
1.142268161530452275e+01,-3.599712397452621282e+00
1.139182040046222433e+01,-3.631795171865675353e+00
1.136084687115208069e+01,-3.660846379465215961e+00
1.132614863978929876e+01,-3.690141384620185594e+00
1.129078863292813040e+01,-3.716608658417784206e+00
1.125316851074857460e+01,-3.741451197247196880e+00
1.121161415712018083e+01,-3.765098895717390981e+00
1.117081297147265673e+01,-3.784946085469548915e+00
1.112612209431341093e+01,-3.802756222518865581e+00
1.108058798402640655e+01,-3.817304133165055458e+00
1.103520412836692977e+01,-3.828180685270614170e+00
1.098774030981254590e+01,-3.836072991708854296e+00
1.094330527352540372e+01,-3.840453373223531308e+00
1.089748369085197766e+01,-3.842118017218143944e+00
1.085317576954275864e+01,-3.841180231399852651e+00
1.081013030448623802e+01,-3.837894636530344350e+00
1.076863858919305095e+01,-3.832517878295141678e+00
1.072584575043263655e+01,-3.824974034970620718e+00
1.068671078331707314e+01,-3.816317080777642090e+00
1.064618534979513598e+01,-3.805495327849801601e+00
1.060937465407573654e+01,-3.794214366332117727e+00
1.057134515712522038e+01,-3.780953457640432891e+00
1.053337976843621249e+01,-3.766258734640264727e+00
1.049894932448247253e+01,-3.751688133106488188e+00
1.046337485190680106e+01,-3.735197065258656135e+00
1.042878938480247442e+01,-3.718055474340855149e+00
1.039542741906458900e+01,-3.700255806717179130e+00
1.036255504031764474e+01,-3.681531790047081198e+00
1.032998862014067143e+01,-3.661944785194421126e+00
1.029885035921719627e+01,-3.641979707568414604e+00
1.026734162806273609e+01,-3.620813167962302348e+00
1.023734719993560915e+01,-3.599434761700205154e+00
1.020720441993588778e+01,-3.577022297634055548e+00
1.017908844424122172e+01,-3.555039312849324507e+00
1.014905222183341138e+01,-3.530494022182334657e+00
1.012211257808636411e+01,-3.507310168173770837e+00
1.009390337442241403e+01,-3.482012773820780893e+00
1.006668400139594333e+01,-3.456479340281458867e+00
1.004152702370565464e+01,-3.431870229731701638e+00
1.001502341280382957e+01,-3.404704004797848516e+00
9.990170815404232130e+00,-3.378207938235990859e+00
9.965917188057893839e+00,-3.351239339411552720e+00
9.942346681571418543e+00,-3.324115248843513726e+00
9.919060417642638683e+00,-3.296271267643625436e+00
9.896173429478706041e+00,-3.267680736346830539e+00
9.874459858861715844e+00,-3.239667271053814801e+00
9.852971806587984105e+00,-3.210889696974858598e+00
9.832319933973979076e+00,-3.182378851283282017e+00
9.811610208160431057e+00,-3.152658252589301657e+00
9.791857840384302847e+00,-3.123334249582596200e+00
9.772596096932847587e+00,-3.093814388873199928e+00
9.753781710122568782e+00,-3.063984467659853994e+00
9.735535667650463409e+00,-3.034330782936125903e+00
9.717402672749871684e+00,-3.003759150198423544e+00
9.700453520511981509e+00,-2.974444542953261106e+00
9.682972567215999860e+00,-2.943367011986424142e+00
9.666492616046324926e+00,-2.913095075863268324e+00
9.650200102901671073e+00,-2.882373377657582836e+00
9.634433362012849500e+00,-2.851721885067226125e+00
9.618985985750061474e+00,-2.821003104082021373e+00
9.603802395206731291e+00,-2.789899318701260178e+00
9.590093294574046467e+00,-2.759426607636575213e+00
9.576023865347098152e+00,-2.727968389427173346e+00
9.562326770412392207e+00,-2.696835001686804567e+00
9.548654749299616995e+00,-2.665353649018441740e+00
9.536013359096957132e+00,-2.633869578953790036e+00
9.523498584846162629e+00,-2.602807942133599894e+00
9.511643013385233658e+00,-2.571571660641034374e+00
9.499390653167671061e+00,-2.539839661972448148e+00
9.487081632093953942e+00,-2.508248969971690556e+00
9.475510700519956586e+00,-2.476835779865129261e+00
9.463709141028891381e+00,-2.445753482287733149e+00
9.451672393610907719e+00,-2.415044257933652627e+00
9.439011165758737221e+00,-2.383429877192935198e+00
9.426597904778509118e+00,-2.353099256275502871e+00
9.413623683455261570e+00,-2.322187202395164185e+00
9.400543058201252578e+00,-2.291387387610344106e+00
9.387398283650219000e+00,-2.261209368018611165e+00
9.373899636338610009e+00,-2.230525267241031173e+00
9.360495924323535277e+00,-2.200779708617421893e+00
9.346702731629518368e+00,-2.170540946498321411e+00
9.332666745135581365e+00,-2.139876751430525914e+00
9.318767672599690854e+00,-2.109870348918490013e+00
9.304811652561348012e+00,-2.080226735130449089e+00
9.290577188104299111e+00,-2.050025581784505224e+00
9.276316598414677372e+00,-2.019837935461688438e+00
9.262253741115324956e+00,-1.990487931970228219e+00
9.247957214920884184e+00,-1.960746907990557952e+00
9.233453991473673739e+00,-1.930118833148326551e+00
9.219486941334958274e+00,-1.901209373782260847e+00
9.205243707078562210e+00,-1.871664105052805116e+00
9.190818143061832757e+00,-1.841155252458014147e+00
9.176760636044093644e+00,-1.811469509734735750e+00
9.162837796682797631e+00,-1.782033201690283342e+00
9.148983955870733098e+00,-1.752565422654886351e+00
9.135221258341724493e+00,-1.723043229452611902e+00
9.121582467987616738e+00,-1.693478524076383218e+00
9.108100273606307695e+00,-1.663897015310223271e+00
9.094781377389013599e+00,-1.634235871489987391e+00
9.081635113267001458e+00,-1.604407117039824637e+00
9.068778585471063636e+00,-1.574706783118743125e+00
9.056314013498639071e+00,-1.545559060295352172e+00
9.043961032907702702e+00,-1.516030689420851729e+00
9.031745731559407631e+00,-1.485890529811980221e+00
9.020144870785356872e+00,-1.456725951750294179e+00
9.008795485340357345e+00,-1.427535163683061992e+00
8.997509240718382983e+00,-1.397378552768148818e+00
8.986741013479104367e+00,-1.367585395831235839e+00
8.976454499186390379e+00,-1.338131600142853372e+00
8.966505177115212888e+00,-1.308549432630935927e+00
8.956767176350879822e+00,-1.278209204929649179e+00
8.947652949330155536e+00,-1.248305542598953322e+00
8.938256835105253373e+00,-1.219179156825280774e+00
8.928989343077045504e+00,-1.189652744593550970e+00
8.919810320174017093e+00,-1.159253577735289031e+00
8.911473001795021887e+00,-1.130424304669114477e+00
8.902096819915263026e+00,-1.100488625142798549e+00
8.893222700800331282e+00,-1.071382034505800274e+00
8.883427003630243846e+00,-1.042028638291118359e+00
8.873853777696572465e+00,-1.013111931277535183e+00
8.864520938259937921e+00,-9.851704014786902830e-01
8.853640194976572175e+00,-9.555387793588777656e-01
8.843159190750103704e+00,-9.273896786822752869e-01
8.832422489981340163e+00,-8.990722079078752316e-01
8.821780890751920623e+00,-8.715957760296276779e-01
8.810722282312598352e+00,-8.436794830094168640e-01
8.799352849682515298e+00,-8.154122139173466399e-01
8.788482954226257249e+00,-7.890525970636772524e-01
8.776509283511899184e+00,-7.605996142213111710e-01
8.765351746011592837e+00,-7.346682649635528639e-01
8.753414946267211505e+00,-7.076846134378041997e-01
8.741305028182658532e+00,-6.809527622390703083e-01
8.728791855070236139e+00,-6.537736054641967165e-01
8.716834639080783376e+00,-6.286039147347997069e-01
8.704447047100938306e+00,-6.031984456179582121e-01
8.691373731449930418e+00,-5.772964369378983385e-01
8.678414826389943215e+00,-5.521082363011469152e-01
8.665161850163311641e+00,-5.271821173165464058e-01
8.651659441592727262e+00,-5.024610326467665589e-01
8.638132166415928737e+00,-4.785192749162924808e-01
8.623976691007049666e+00,-4.541158084052266952e-01
8.610359931117123722e+00,-4.314775396707515309e-01
8.595445942423364016e+00,-4.075055772868242387e-01
8.580938276794100261e+00,-3.848404801895896066e-01
8.565927730055632239e+00,-3.622936133406924331e-01
8.551602422018508065e+00,-3.414707340936120605e-01
8.534785385155707615e+00,-3.179112577050748345e-01
8.519766582760215812e+00,-2.975008162675340517e-01
8.502532919085014740e+00,-2.749643841547146916e-01
8.486971780407015942e+00,-2.551574542405068424e-01
8.469675094479388378e+00,-2.339976840123301205e-01
8.452570430681973335e+00,-2.137815147907395630e-01
8.434399248595394027e+00,-1.929264261313518025e-01
8.416948151499829223e+00,-1.735623203690113692e-01
8.398908852793960378e+00,-1.541535770247782211e-01
8.379648045124799438e+00,-1.342675677281447433e-01
8.362148200367485629e+00,-1.167152899411372236e-01
8.341215650973298423e+00,-9.627571922094596557e-02
8.321804672540832115e+00,-7.812702834736001689e-02
8.303522215522177063e+00,-6.136941122715766639e-02
8.281892672794487709e+00,-4.236489103840682113e-02
8.262275681424739560e+00,-2.561852596982894248e-02
8.241343104659977215e+00,-8.378592755988567564e-03
8.219505364729492669e+00,9.117622321941520891e-03
8.198720507211728403e+00,2.523448414419687813e-02
8.176733348408752988e+00,4.176401702466847610e-02
8.155269569514539185e+00,5.735046310675273595e-02
8.132659204562845190e+00,7.323341319032417029e-02
8.109497678464672177e+00,8.908672320321592286e-02
8.087597357933805853e+00,1.035690809469319573e-01
8.063653163844781702e+00,1.188771736923457389e-01
8.041206193467701269e+00,1.328150928328954983e-01
8.016004775470733534e+00,1.480360163393376616e-01
7.993855032813145911e+00,1.608826689243363361e-01
7.968564774136005724e+00,1.752098828817433285e-01
7.944103747929415427e+00,1.886174082314528433e-01
7.919670286445685825e+00,2.016281749602959472e-01
7.895019429916827924e+00,2.143052924276663829e-01
7.869676119468065778e+00,2.269600565808049808e-01
7.844213087959078123e+00,2.392613777636384276e-01
7.818105604797411345e+00,2.515724944164210997e-01
7.793605620181135230e+00,2.627258801929921450e-01
7.765942486780066822e+00,2.749259062001762066e-01
7.740832890205211037e+00,2.857268726147009219e-01
7.714002119022380199e+00,2.968583945989933803e-01
7.687193225930230689e+00,3.076984527658527813e-01
7.660573310728080010e+00,3.181187271291343044e-01
7.633762015589711680e+00,3.283129601685742527e-01
7.605900187666277290e+00,3.385642655361374986e-01
7.579846128586830822e+00,3.479239677049351664e-01
7.551996921171767241e+00,3.574768287903206665e-01
7.523086565015525196e+00,3.672475840285353010e-01
7.496357861965246450e+00,3.760236035576394187e-01
7.468176734115077764e+00,3.849270881964466651e-01
7.439047811530033805e+00,3.939515378876817797e-01
7.412472555035809485e+00,4.019095006991434404e-01
7.383062051766732026e+00,4.104137905716602197e-01
7.355447887503999915e+00,4.181785269017761486e-01
7.325621572065655229e+00,4.263267366435398720e-01
7.297303752425490231e+00,4.338911930700810604e-01
7.269111121196237590e+00,4.411281686460473694e-01
7.239284017010055194e+00,4.485772363001255814e-01
7.210759923547998440e+00,4.555089510331566949e-01
7.180726634713113121e+00,4.626006355434538753e-01
7.152211302216071154e+00,4.691541335253814338e-01
7.122109817937574583e+00,4.758451306683473270e-01
7.093039003413771582e+00,4.821597227326066548e-01
7.063093258004587760e+00,4.884456125425770678e-01
7.033767740519930811e+00,4.944535188394503789e-01
7.003692901807379023e+00,5.004006985339017888e-01
6.973967172393290781e+00,5.061621268503251336e-01
6.944528690066352539e+00,5.116313441157009922e-01
6.913677704904507060e+00,5.172453681763071742e-01
6.883685570160004374e+00,5.225839296775154352e-01
6.854001430427016039e+00,5.276836255477079796e-01
6.823510546600431326e+00,5.327621545639181777e-01
6.792794597629627340e+00,5.377743324998947028e-01
6.763013566814632505e+00,5.425000940067208344e-01
6.732655533165620376e+00,5.471287551039301089e-01
6.701792811332105693e+00,5.517392037538692007e-01
6.671238945889442107e+00,5.561835266552305201e-01
6.640317461122477560e+00,5.605874344261275732e-01
6.610719132747134630e+00,5.646496730914332129e-01
6.578914456839808800e+00,5.688713553466585582e-01
6.548206244922365471e+00,5.729387294047358914e-01
6.518095046979087925e+00,5.767315722957409019e-01
6.486020883285368299e+00,5.807258379528819070e-01
6.455854792610574044e+00,5.844087161452380386e-01
6.425326449842454934e+00,5.879660521934770845e-01
6.393726531599607910e+00,5.915592867795138599e-01
6.362167456012230105e+00,5.951356430311778301e-01
6.332083822046085331e+00,5.984198644142595391e-01
6.300315982178314123e+00,6.017712200444379489e-01
6.268810269523528156e+00,6.050862658644782233e-01
6.238001911099265051e+00,6.082344087558116952e-01
6.206813874150562960e+00,6.113226165017288105e-01
6.175101581089378122e+00,6.144071681118398187e-01
6.143547827922177795e+00,6.174473756373750621e-01
6.112444241480190499e+00,6.203745599344734352e-01
6.081438023349742039e+00,6.231963088286173180e-01
6.049750224102823815e+00,6.260059331880121203e-01
6.017966252075991562e+00,6.288101451531078467e-01
5.987037877398869057e+00,6.314648155022386522e-01
5.954968520767014439e+00,6.341493443934507201e-01
5.922716859129117495e+00,6.368845469930805026e-01
5.891728806523301998e+00,6.394637747490061752e-01
5.860248147521679662e+00,6.419922835764191316e-01
5.828325377890994474e+00,6.445288805480299255e-01
5.796582504786549350e+00,6.470282205167520173e-01
5.764961791439101368e+00,6.494795198928703384e-01
5.733326918786746162e+00,6.518854625941197245e-01
5.701355824433840702e+00,6.542892716901909100e-01
5.669279976262301624e+00,6.566991390610615875e-01
5.637294354332763824e+00,6.590972841945705873e-01
5.605346101376935231e+00,6.614811239810645116e-01
5.573472730486932925e+00,6.638442878990354901e-01
5.541889554707476684e+00,6.661524416654656111e-01
5.510289868432537652e+00,6.684059939475448520e-01
5.477927784132448075e+00,6.707021476707715202e-01
5.445304955569556959e+00,6.730687776487331853e-01
5.413360241876551626e+00,6.754066591789336105e-01
5.381753304687525663e+00,6.776811215921785259e-01
5.349609539595982177e+00,6.799716946083582680e-01
5.317066667010974967e+00,6.823216689763311749e-01
5.284929123665584427e+00,6.846710591224131059e-01
5.253142168138664303e+00,6.869784604484119317e-01
5.221085600292179052e+00,6.892869002110504351e-01
5.188681544570530768e+00,6.916343919044654065e-01
5.155898466855591167e+00,6.940605938877069114e-01
5.123442619725878444e+00,6.965288260766533401e-01
5.092052360562983715e+00,6.988983459289378475e-01
5.059899024810647461e+00,7.012760078322863855e-01
5.026655632522427197e+00,7.038115479649835748e-01
4.994426362605495662e+00,7.063448368663556298e-01
4.962653185884970952e+00,7.088199943415398607e-01
4.930258392182143012e+00,7.113453546413721629e-01
4.897523134954222535e+00,7.139495006908005426e-01
4.864721451414906639e+00,7.166342661904898659e-01
4.832285625831105769e+00,7.193454033518040802e-01
4.800067101863363384e+00,7.220633757913121897e-01
4.767780169532164436e+00,7.248012504181540194e-01
4.734844929878886610e+00,7.276505670700206263e-01
4.702273356777248559e+00,7.305510404215573850e-01
4.670095471433311829e+00,7.334373651830581320e-01
4.637118817250348357e+00,7.364504065374617436e-01
4.604651596414043979e+00,7.394990445780281751e-01
4.572508550713091147e+00,7.425296424809322282e-01
4.539560678036160368e+00,7.456922776191517999e-01
4.506767977643997725e+00,7.489329368031282241e-01
4.473945662530262268e+00,7.522510413855931777e-01
4.441046942517492546e+00,7.556732366915525079e-01
4.409087264385401106e+00,7.590400780239363598e-01
4.376017842944508018e+00,7.625564019359605261e-01
4.342628736594885908e+00,7.662666973679985727e-01
4.310642001779053878e+00,7.698797868244808829e-01
4.278031088217156608e+00,7.735884791015601447e-01
4.244632949200394911e+00,7.774961861807704322e-01
4.211480718501767306e+00,7.815310409547484571e-01
4.179423087458109976e+00,7.854884444895031681e-01
4.146862114969892765e+00,7.895399787154504523e-01
4.113198056230415567e+00,7.938508352996238582e-01
4.080295360782434599e+00,7.982359297648788932e-01
4.048279921040252916e+00,8.025259163474556257e-01
4.014536113151532248e+00,8.071668335396966487e-01
3.981762918270337792e+00,8.118294847361644528e-01
3.949060439246264487e+00,8.165612147033072254e-01
3.915999170033379162e+00,8.214549449132892978e-01
3.882693347537413686e+00,8.265300187235946616e-01
3.849613136039805372e+00,8.317276067808764273e-01
3.817938119493867521e+00,8.367595694879452761e-01
3.784276916358579435e+00,8.421750012142054098e-01
3.751388897640278497e+00,8.476756878882198976e-01
3.719371413630176093e+00,8.530552888501743425e-01
3.685532501061019151e+00,8.589040478075731233e-01
3.653846887385557629e+00,8.644921629450912359e-01
3.620701255973133748e+00,8.703830505433585163e-01
3.587903959022399114e+00,8.763908477719635215e-01
3.555981312617217061e+00,8.822770177053470553e-01
3.522535782322305131e+00,8.885742753735004218e-01
3.490572580610609155e+00,8.947181586275153586e-01
3.458672506230494381e+00,9.008653703229581033e-01
3.425848828407715985e+00,9.072690554356559467e-01
3.392596960669749251e+00,9.139368405265189121e-01
3.361340181649918435e+00,9.202773637579187982e-01
3.328821734494200157e+00,9.268799828755382997e-01
3.295676484780329485e+00,9.337820486405201681e-01
3.263634756857978214e+00,9.405687955997008576e-01
3.232387043400960724e+00,9.471996941205309550e-01
3.200030037456225163e+00,9.540836182756101680e-01
3.167191361236182168e+00,9.612163332426560958e-01
3.135222418756979046e+00,9.682573825586227034e-01
3.103382996555288376e+00,9.753178188084765665e-01
3.071507001534353964e+00,9.824330116749173669e-01
3.039403920984740992e+00,9.896581213511410624e-01
3.006900092947478953e+00,9.970775829269931112e-01
2.975376191522782765e+00,1.004352560570693997e+00
2.944065443958370221e+00,1.011565199546430760e+00
2.911848113890677325e+00,1.019036597462578353e+00
2.879576015074897910e+00,1.026622873015940574e+00
2.847639886573044787e+00,1.034218348208167271e+00
2.816174658613097570e+00,1.041742426885555517e+00
2.784896678116846047e+00,1.049229112672688924e+00
2.753048446903816782e+00,1.056871166927265904e+00
2.720539139126397110e+00,1.064782976033678663e+00
2.689184631480403986e+00,1.072493200990365381e+00
2.658079485582473200e+00,1.080123225653740970e+00
2.626393490974658018e+00,1.087916442373382697e+00
2.594951707267413532e+00,1.095689225177147286e+00
2.563580323433598540e+00,1.103456300673533619e+00
2.531804624849779639e+00,1.111361595853030737e+00
2.500251718011431201e+00,1.119265745987806149e+00
2.469020716829386064e+00,1.127104150976133701e+00
2.437462474271876900e+00,1.135042376401676378e+00
2.405913467641943360e+00,1.143025086440385252e+00
2.374992825450610301e+00,1.150853843642447805e+00
2.343838721165628858e+00,1.158713970285627060e+00
2.311971597566608860e+00,1.166791134495684057e+00
2.280451237916133689e+00,1.174845278322290021e+00
2.249569953760405472e+00,1.182736916774289826e+00
2.218572712909310241e+00,1.190627920468876333e+00
2.187283596449039802e+00,1.198590775566227729e+00
2.155884422748209683e+00,1.205807815941911887e+00
2.124727839479970015e+00,1.213119914155743828e+00
2.093548800917355734e+00,1.220576551938972409e+00
2.061985702135332943e+00,1.227496536845148034e+00
2.030603289845342108e+00,1.234689472349765893e+00
1.999591485105030486e+00,1.242067684286781937e+00
1.968720928869065023e+00,1.249654879607036140e+00
1.937877293622809249e+00,1.257465196790373607e+00
1.906527948892366098e+00,1.264060588909821314e+00
1.875185164704568530e+00,1.271214462344866680e+00
1.844040195930278125e+00,1.278853130669459048e+00
1.813220502081473562e+00,1.286905243537685539e+00
1.782511502654964053e+00,1.294588307950172545e+00
1.751545176673656945e+00,1.302924805596631597e+00
1.720870641629308473e+00,1.311773201269292199e+00
1.691125486465411720e+00,1.320875475586274383e+00
1.660284437670971114e+00,1.329911978058070599e+00
1.629311360435952372e+00,1.339667648308912273e+00
1.599944502974792071e+00,1.349588089822394865e+00
1.570300835150304941e+00,1.360023183500815191e+00
1.539904604868626237e+00,1.370332612410003037e+00
1.509407617956872727e+00,1.381318190381469080e+00
1.480026470589181686e+00,1.392608032740753288e+00
1.450392707422476501e+00,1.404408636570416036e+00
1.420141525824932804e+00,1.416862669411438347e+00
1.391489580385360414e+00,1.428556678524342871e+00
1.362221312808378659e+00,1.440807904037100462e+00
1.332236587587627641e+00,1.453706617196294681e+00
1.302635773745998371e+00,1.466973348029420254e+00
1.273889557360669667e+00,1.480379999575915928e+00
1.244398879488512799e+00,1.494198540162200439e+00
1.214946242619017625e+00,1.508303362360769562e+00
1.186370743691877339e+00,1.522354242701249971e+00
1.156863557966141487e+00,1.536698982452751050e+00
1.127805396258316994e+00,1.551042107984236251e+00
1.098725676921810335e+00,1.565361751051764339e+00
1.069237628616549030e+00,1.579720214298834247e+00
1.039726556084709319e+00,1.594021356534971012e+00
1.010817523349170743e+00,1.608019106084576100e+00
9.810895876258390880e-01,1.621922242235686928e+00
9.517468682350788134e-01,1.635516186720213705e+00
9.223535023958703283e-01,1.648715971974464178e+00
8.922790105217415224e-01,1.661670001825664933e+00
8.623351617835943728e-01,1.674205388985821275e+00
8.326605931232071711e-01,1.686168144524359924e+00
8.024554671394864558e-01,1.697630727975310450e+00
7.720191468427174408e-01,1.708560524090917188e+00
7.417503116147656783e-01,1.718817644938248623e+00
7.115824114907252085e-01,1.728276440899727984e+00
6.809052247482521025e-01,1.736963159349959929e+00
6.496939485506904033e-01,1.744983564156102673e+00
6.191863335235184840e-01,1.752960775135729454e+00
5.884523558552180456e-01,1.760106732484455927e+00
5.569695652513252382e-01,1.766565662141417858e+00
5.260877886198773723e-01,1.773072127849603996e+00
4.951401982045734451e-01,1.778763155608645397e+00
4.638903453589543480e-01,1.783662735329806015e+00
4.323616048557856195e-01,1.787788453522457077e+00
4.011427574718799960e-01,1.791033224875097973e+00
3.696720294097697312e-01,1.793635300761063256e+00
3.382550165070926651e-01,1.796077481603261194e+00
3.069242462148794592e-01,1.798250465074760163e+00
2.752579618930267591e-01,1.800271939909646512e+00
2.438854598105177629e-01,1.802106997429310908e+00
2.125314728844143741e-01,1.803661095217058197e+00
1.810287274556810766e-01,1.805044885132579546e+00
1.497729306881217248e-01,1.806138176441567822e+00
1.181094644550095690e-01,1.807043119177729418e+00
8.672366217124148624e-02,1.807758910459361212e+00
5.542046789028003823e-02,1.808178136549654758e+00
2.392300227733090007e-02,1.808394540022740360e+00
-7.088742624723648120e-03,1.808316576180160729e+00
-3.873990997596284125e-02,1.807916102112286483e+00
-6.995748575885654685e-02,1.807413624950260367e+00
-1.013915513169341559e-01,1.806490188650750062e+00
-1.324770716102812718e-01,1.805456833206403822e+00
-1.639444898540726447e-01,1.803987646560208713e+00
-1.952771126399309443e-01,1.802409735021667680e+00
-2.261543703395308691e-01,1.800486374812873214e+00
-2.575990331229746633e-01,1.798230402840676145e+00
-2.884719654156759350e-01,1.795752217001497675e+00
-3.198134116137579808e-01,1.792910280574049553e+00
-3.510479317198647031e-01,1.789868838785537930e+00
-3.818325678847370730e-01,1.786553744192541870e+00
-4.127456998267375332e-01,1.782855886400948719e+00
-4.437917248261281644e-01,1.778874955735011421e+00
-4.745751222321049068e-01,1.774578326057450361e+00
-5.054083134739353333e-01,1.769998869712378964e+00
-5.362619627683529178e-01,1.765054124457003937e+00
-5.668490101530717640e-01,1.759883368970822870e+00
-5.977281546109890487e-01,1.754308829180969198e+00
-6.280234513896988391e-01,1.748538141590380679e+00
-6.587931638108412979e-01,1.742323302081656200e+00
-6.889974541462081659e-01,1.735909963081436747e+00
-7.192758553955244105e-01,1.729068103910780474e+00
-7.496772781538193486e-01,1.721913507390197662e+00
-7.797973923404518670e-01,1.714444688783771875e+00
-8.099031767496031042e-01,1.706666042782557513e+00
-8.399856900065336696e-01,1.698530794303209301e+00
-8.699100441049500976e-01,1.690122907897467108e+00
-8.994103562669174545e-01,1.681415930268938652e+00
-9.295149492788862267e-01,1.672190231019207385e+00
-9.590327436913087533e-01,1.662878844664086531e+00
-9.882089103349780412e-01,1.653162206040649895e+00
-1.018020057576493276e+00,1.642960028891585100e+00
-1.046840458945924146e+00,1.632740457347561680e+00
-1.076447747448284309e+00,1.621812701972192183e+00
-1.105047905445091017e+00,1.610952539366522940e+00
-1.134240217704437725e+00,1.599456710173347451e+00
-1.162701564614111671e+00,1.587844412135760663e+00
-1.191669218121348184e+00,1.575722127274103102e+00
-1.220162341339242840e+00,1.563402337754627780e+00
-1.248451762347413618e+00,1.550854692884165775e+00
-1.276532598392606799e+00,1.537915902329076046e+00
-1.305072066445686962e+00,1.524465080404239226e+00
-1.332708649149233482e+00,1.511096284187421368e+00
-1.360595589312817655e+00,1.497170976923140273e+00
-1.388124457919863941e+00,1.483022532995226239e+00
-1.415842103389699513e+00,1.468442370098343774e+00
-1.443256891614271842e+00,1.453669444811150679e+00
-1.470277391632219377e+00,1.438733378502238702e+00
-1.497347604919985198e+00,1.423307958339119716e+00
-1.524519688504633042e+00,1.407540494948597898e+00
-1.551012919827027936e+00,1.391792557154925003e+00
-1.577782946070273251e+00,1.375461475318443094e+00
-1.604383990070453736e+00,1.358968828770019233e+00
-1.630236385219381745e+00,1.342465170272598263e+00
-1.656674423588472722e+00,1.325199410337702499e+00
-1.682713757314186598e+00,1.307978947431204686e+00
-1.708259432642792230e+00,1.290574144049101202e+00
-1.734159366994532103e+00,1.272619033263298505e+00
-1.759246265454353697e+00,1.254861335394396260e+00
-1.785070159080887287e+00,1.236154322369459990e+00
-1.809938959707540596e+00,1.217948763012242752e+00
-1.834730062260701011e+00,1.199231102025700046e+00
-1.859780086050060399e+00,1.180025398745996545e+00
-1.884097195062976571e+00,1.160992206522177383e+00
-1.908735694379142478e+00,1.141348978506445455e+00
-1.932522905016894388e+00,1.121947784537188797e+00
-1.956440599841093197e+00,1.101907563573671922e+00
-1.980049225515225997e+00,1.081795585183273456e+00
-2.003596316529851595e+00,1.061205226042839289e+00
-2.026616863244556477e+00,1.040709060395590191e+00
-2.049204239098346036e+00,1.019944027460355729e+00
-2.071926455572019155e+00,9.986213330009642286e-01
-2.093844604200002291e+00,9.773454155421845702e-01
-2.115684668675236857e+00,9.556685261386066443e-01
-2.137123825873441518e+00,9.336722042798795140e-01
-2.158195262356037869e+00,9.114390078791049232e-01
-2.178416047176894743e+00,8.893094864619827122e-01
-2.199127133176440374e+00,8.658372158157063847e-01
-2.218064561379354149e+00,8.435318535347042790e-01
-2.237508119243968974e+00,8.198299847266545815e-01
-2.256068205642537183e+00,7.961367268602967950e-01
-2.273661702889009817e+00,7.725454043320865161e-01
-2.291117607722676475e+00,7.479684157867050320e-01
-2.307369745782559711e+00,7.237985074143036268e-01
-2.323277927057313619e+00,6.987207028530257880e-01
-2.338059690441932403e+00,6.736824006019929145e-01
-2.351658260184218197e+00,6.488845399636005151e-01
-2.364528149727591622e+00,6.233203497681368832e-01
-2.376185719143921737e+00,5.977092358289505247e-01
-2.386610595665157319e+00,5.717460088655673678e-01
-2.395697005124854950e+00,5.461402768489198589e-01
-2.403386318615040818e+00,5.203212087217258253e-01
-2.409591561750715538e+00,4.941132393483028129e-01
-2.414006878637508624e+00,4.688399273498737307e-01
-2.416865109741089146e+00,4.431722032392156341e-01
-2.417991525379835860e+00,4.181830973450838540e-01
-2.417263802920155413e+00,3.938775971792581321e-01
-2.414756861414455003e+00,3.698942702776787939e-01
-2.410194698657254886e+00,3.453592537502215287e-01
-2.403942521928327025e+00,3.219253857621592885e-01
-2.395875223966783985e+00,2.990757448176311617e-01
-2.385962341981084922e+00,2.767474612582123128e-01
-2.373775081962071987e+00,2.536838338117410885e-01
-2.360237565962628459e+00,2.317858237414725520e-01
-2.345083918983657867e+00,2.100455312282415166e-01
-2.327968832363334073e+00,1.880417414332172521e-01
-2.310508424676126271e+00,1.677339285239557443e-01
-2.290761845130196317e+00,1.465121599807445996e-01
-2.270740471525769966e+00,1.265618003079557741e-01
-2.249512179679250323e+00,1.069455079208536663e-01
-2.227750768501817191e+00,8.789978312752655398e-02
-2.204905353931258194e+00,6.935429504217120733e-02
-2.181935514576230695e+00,5.160464749204760060e-02
-2.157523834532535822e+00,3.375423505565993548e-02
-2.133136411537986277e+00,1.672870777165566536e-02
-2.108365377822159381e+00,3.413366252435351411e-04
-2.082758187982443943e+00,-1.579922450395249145e-02
-2.057021422410303835e+00,-3.136558295970993948e-02
-2.030991799875302206e+00,-4.627482949002288681e-02
-2.004401904560864978e+00,-6.084354665644338411e-02
-1.977340816483067476e+00,-7.516225851138613745e-02
-1.950304280777717114e+00,-8.871071349141668172e-02
-1.923021667320833572e+00,-1.018489657494222878e-01
-1.895146900808204693e+00,-1.146444876395821821e-01
-1.867462063912441739e+00,-1.268695044119707571e-01
-1.839116208968539334e+00,-1.387315746712777798e-01
-1.810700999225239416e+00,-1.492689732497312072e-01
-1.780701465105073433e+00,-1.566112131604172897e-01
-1.750593429558880088e+00,-1.625501232556136322e-01
-1.720627634111222548e+00,-1.669346345335694926e-01
-1.689216122379562535e+00,-1.706705038052512835e-01
-1.659137624123220300e+00,-1.726201576691278050e-01
-1.627495079100901965e+00,-1.739232248415427395e-01
-1.597343957102458134e+00,-1.736775156809330090e-01
-1.565293213189823840e+00,-1.729515885711916667e-01
-1.534981853604906021e+00,-1.709498094560171488e-01
-1.504210089616151658e+00,-1.680303665416270908e-01
-1.472757469516048134e+00,-1.645593758233285520e-01
-1.442307250724416567e+00,-1.601334172435930070e-01
-1.411985554192274117e+00,-1.550170920217212867e-01
-1.380722625695984362e+00,-1.494953323815940982e-01
-1.350769061884017574e+00,-1.432882174823036925e-01
-1.320917229233476764e+00,-1.365910530068345508e-01
-1.290383804667265544e+00,-1.295835748246146890e-01
-1.260577380250949453e+00,-1.222559531594278881e-01
-1.231252095642860755e+00,-1.146121225962379309e-01
-1.201785909698298127e+00,-1.067704003439353122e-01
-1.171737343424355871e+00,-9.894416055269289467e-02
-1.143246871418751587e+00,-9.096747642269398249e-02
-1.113238549045028059e+00,-8.308633431070400199e-02
-1.084482469898088164e+00,-7.532976876923691556e-02
-1.055806259295544614e+00,-6.770251536096305589e-02
-1.027331273689428448e+00,-6.027811082014528088e-02
-9.975228421756802133e-01,-5.321515785987290803e-02
-9.690849807407039274e-01,-4.652775940966247248e-02
-9.393436335752516353e-01,-4.032119085473223619e-02
-9.112160090977706739e-01,-3.465326773083232670e-02
-8.819641182747959274e-01,-2.949526365126114991e-02
-8.525410425996635677e-01,-2.411614260165539925e-02
-8.239729275033347289e-01,-1.929685349148962947e-02
-7.951583983943480982e-01,-1.504656501162021653e-02
-7.657027565131557800e-01,-1.047138641381101243e-02
-7.350581055354066251e-01,-6.430259930192361306e-03
-7.059000361764207199e-01,-3.183003728609523630e-03
-6.769290391893727499e-01,-5.134319505450402055e-04
-6.461438399146591793e-01,2.468386112457532366e-03
-6.164667837406988538e-01,4.751899492980382611e-03
-5.853030659519414813e-01,7.402692132822796811e-03
-5.564005757047543188e-01,9.314484650030763202e-03
-5.247779294718448728e-01,1.098124145799578288e-02
-4.937552784676858542e-01,1.280725023016099362e-02
-4.635780077484910611e-01,1.406109377698100404e-02
-4.331134377178330608e-01,1.675009994505222144e-02
-4.015504967451739016e-01,1.934685085385273728e-02
-3.701005048287810961e-01,2.350256746319279166e-02
-3.394180651474325572e-01,2.762566950002803834e-02
-3.086089625366582045e-01,3.187790237008314431e-02
-2.771668828545397201e-01,3.628191073791031673e-02
-2.453542570870310413e-01,4.075760190677696349e-02
-2.136639860334972607e-01,4.522101289282948189e-02
-1.822371699522125632e-01,4.967575635374044118e-02
-1.508121939150857127e-01,5.416952372930899928e-02
-1.191853240386085561e-01,5.872583836962708137e-02
-8.667952060389329250e-02,6.338987471471435597e-02
-5.379248301819761213e-02,6.801670450092528464e-02
-2.152158241089719218e-02,7.248964394209511664e-02
1.031776801315618247e-02,7.688715485282476836e-02
4.249173080216247372e-02,8.133145542050651544e-02
7.592728158759312618e-02,8.585380257666536119e-02
1.093570835817051640e-01,9.021998826582289244e-02
1.419841281570763392e-01,9.437042796601446959e-02
1.752089767021843825e-01,9.852562582593982210e-02
2.094006958581058897e-01,1.026023783794755007e-01
2.426762854749466569e-01,1.064081101775840588e-01
2.765082999664982277e-01,1.101363737534605536e-01
3.116866308339849012e-01,1.137444299076473542e-01
3.447319883642720462e-01,1.169334465017966285e-01
3.791702667037373797e-01,1.201145952172818221e-01
4.154141336733702672e-01,1.231039539160533880e-01
4.491336872697566651e-01,1.255991748487388371e-01
4.843497477249985583e-01,1.280013925001957653e-01
5.213551507152875963e-01,1.300692465985884838e-01
5.556079320044109426e-01,1.316742924695078198e-01
5.919093927383930476e-01,1.330329209958234782e-01
6.291898911696287566e-01,1.339923812007616510e-01
6.653935605992397084e-01,1.343689073941448930e-01
7.020060831751718800e-01,1.343970836679029834e-01
7.392233963550540743e-01,1.338990842196073616e-01
7.766833791920463304e-01,1.328585064282099826e-01
8.135973957236448673e-01,1.312984433268198359e-01
8.525026540503585215e-01,1.290552831991598481e-01
8.875916334088660431e-01,1.265193997506981749e-01
9.263580917221871935e-01,1.231832957525957339e-01
9.625078571573992825e-01,1.195360776639498579e-01
9.985293814730086259e-01,1.154606816939738323e-01
1.036490403977130326e+00,1.106437923935884027e-01
1.070453996193107660e+00,1.059109564333604869e-01
1.107841507141155146e+00,1.003117942287128361e-01
1.144098386410823398e+00,9.432446230819835353e-02
1.178735302550838249e+00,8.823425896615649799e-02
1.214058300874696794e+00,8.170516942444239206e-02
1.248509003533723405e+00,7.495759600572593495e-02
1.283173151792080358e+00,6.790404872036637229e-02
1.318029293075641872e+00,6.044371152451222251e-02
1.351593086854843140e+00,5.298082442109541823e-02
1.386475989828353628e+00,4.494724495635199490e-02
1.419867906803850444e+00,3.693315668866598012e-02
1.451749665041205173e+00,2.916679776709185656e-02
1.485748312675698068e+00,2.074282721073500424e-02
1.519272648590424879e+00,1.210888612084981553e-02
1.550687287983663509e+00,3.925977899551458261e-03
1.582781464829043916e+00,-4.499941538335938684e-03
1.615015885110431260e+00,-1.307160259136191938e-02
1.646993832036990568e+00,-2.167967119070723925e-02
1.678805524328018883e+00,-3.032398950679288108e-02
1.710447315554387115e+00,-3.899421374006240004e-02
1.741368099575941075e+00,-4.749424839862104175e-02
1.771894427946881345e+00,-5.584868713994278755e-02
1.802832242808712238e+00,-6.428565503210664778e-02
1.833744479800063054e+00,-7.271270641858934569e-02
1.864106339617650487e+00,-8.095218723702657382e-02
1.893794297690432282e+00,-8.891399678672623486e-02
1.924128239749939295e+00,-9.692874810439328082e-02
1.955042887635313420e+00,-1.050764746102708092e-01
1.984341799473888113e+00,-1.127028443974193439e-01
2.013551999443603080e+00,-1.201230466095777882e-01
2.044466785288270749e+00,-1.278582932859173571e-01
2.073739928669386945e+00,-1.351270487595941372e-01
2.102690838004063867e+00,-1.420742224346271398e-01
2.132444111532393105e+00,-1.490761271642049302e-01
2.161253899761153452e+00,-1.556557722123722010e-01
2.190872548111550522e+00,-1.622287001126044292e-01
2.220361934012716087e+00,-1.686220766668473647e-01
2.249216137600609677e+00,-1.746553252975984183e-01
2.279534245619139643e+00,-1.808473103112187563e-01
2.307653431057042681e+00,-1.863922168401966895e-01
2.336413269152993522e+00,-1.917726594674578067e-01
2.367488626810160479e+00,-1.974417748060800504e-01
2.397217705292345347e+00,-2.027737738868198858e-01
2.425974421282588889e+00,-2.077124439843786585e-01
2.457106540267352202e+00,-2.128758154647243384e-01
2.486490627752414362e+00,-2.176757427424789171e-01
2.516599763472373130e+00,-2.223470498449372501e-01
2.547740504412633111e+00,-2.271415964387641373e-01
2.576755598154074178e+00,-2.314179726209520949e-01
2.608249833646601790e+00,-2.359286887757156004e-01
2.638814419383733068e+00,-2.402477308128871392e-01
2.668954927986213477e+00,-2.443675119602106705e-01
2.699899275148684108e+00,-2.484663648779558698e-01
2.731237222615955584e+00,-2.525701097306913279e-01
2.761587815794191769e+00,-2.564423979551902488e-01
2.792731634477271463e+00,-2.603052248222140763e-01
2.824243958627772333e+00,-2.641654454242632899e-01
2.855319094449751738e+00,-2.686937580362157019e-01
2.885762049401304541e+00,-2.728821932031056385e-01
2.916707167044433113e+00,-2.768652694622588673e-01
2.948548123501764540e+00,-2.807528744123220510e-01
2.980514849384483522e+00,-2.845305427320518610e-01
3.010923753401756109e+00,-2.879273640939641332e-01
3.042160268862987849e+00,-2.911657808426944549e-01
3.074189022590055664e+00,-2.943491987287654155e-01
3.105782084794338704e+00,-2.973526574951259049e-01
3.137677209192144545e+00,-3.002480917814916439e-01
3.169774484691111116e+00,-3.030672152944826614e-01
3.201203121892572057e+00,-3.056974146783646984e-01
3.232619562455624873e+00,-3.081718088822706925e-01
3.264509828471545028e+00,-3.105749474480412609e-01
3.296664692123169704e+00,-3.129250842155973378e-01
3.328952637695303363e+00,-3.152335389339899208e-01
3.360975591081463598e+00,-3.174599951292190747e-01
3.392675869688405399e+00,-3.203423180258647696e-01
3.424672632526648108e+00,-3.230253407703533863e-01
3.457031286612785248e+00,-3.255600085883810224e-01
3.489448279579185908e+00,-3.279476764330120919e-01
3.521847975997844937e+00,-3.301918777353167189e-01
3.554260366871215826e+00,-3.323070645750518803e-01
3.586613501206999732e+00,-3.342972189474162081e-01
3.618739731865430187e+00,-3.361424499937233357e-01
3.650972568250380856e+00,-3.378796124204696549e-01
3.683522594969318220e+00,-3.395657600212385607e-01
3.716316217183253112e+00,-3.412306970125690286e-01
3.749350815109735002e+00,-3.429082095157204857e-01
3.782478774031167390e+00,-3.446152408188400962e-01
3.814588653985393929e+00,-3.462013940298723225e-01
3.847052470230624355e+00,-3.477729742746273889e-01
3.880950318621312789e+00,-3.495806129148026353e-01
3.913835538788952295e+00,-3.513726571119153430e-01
3.946576878907525288e+00,-3.531894799547750097e-01
3.979408750142018558e+00,-3.550898292579704463e-01
4.011842629815307149e+00,-3.569966190356929636e-01
4.046567589879800586e+00,-3.593346967343294396e-01
4.079660745330056848e+00,-3.617191041628901593e-01
4.111463189202601676e+00,-3.639681432522274274e-01
4.146556455660221019e+00,-3.668716214996023961e-01
4.179078889324763679e+00,-3.696791218278825397e-01
4.212362797749171328e+00,-3.727342672885881614e-01
4.246332133596748548e+00,-3.761565217205412592e-01
4.279524862998352219e+00,-3.797325710298629087e-01
4.312301679034272972e+00,-3.834538164147646144e-01
4.347037626845384750e+00,-3.877904318273004414e-01
4.380809518496679544e+00,-3.923605133139834167e-01
4.414297049798900474e+00,-3.972078630081366524e-01
4.448096433285684270e+00,-4.024584761058520588e-01
4.481664859104993681e+00,-4.080518078877488075e-01
4.515331809253922302e+00,-4.130904337515612368e-01
4.549336149982071476e+00,-4.184385665457074355e-01
4.583235374537935058e+00,-4.240062946223853158e-01
4.618423591777748527e+00,-4.301639178422668741e-01
4.652164776440605998e+00,-4.363591785170760073e-01
4.685813758949088914e+00,-4.427856097518867440e-01
4.721244634905661819e+00,-4.499620759237818457e-01
4.755160033979356271e+00,-4.571950520832961384e-01
4.789198083533628747e+00,-4.647741385800367442e-01
4.824434766889636350e+00,-4.730570839061658539e-01
4.858465992271498557e+00,-4.814758653670475619e-01
4.892697402414995622e+00,-4.903281531951195760e-01
4.928063356496839909e+00,-4.999622651460125522e-01
4.963146778991808894e+00,-5.100772963943154270e-01
4.997192994139787459e+00,-5.203903050287304044e-01
5.031869401235956829e+00,-5.313769460893378316e-01
5.067414307295587506e+00,-5.432485926818648725e-01
5.102394255388393418e+00,-5.546166911125111065e-01
5.136402635592874688e+00,-5.660395968770898234e-01
5.172140800791142468e+00,-5.784771783357685049e-01
5.208348449021817039e+00,-5.917130875441760640e-01
5.242885720562869167e+00,-6.048139745525806799e-01
5.278567541872773994e+00,-6.189450591244429756e-01
5.313461054252117677e+00,-6.333052838060901912e-01
5.350961704104860495e+00,-6.495478390339529673e-01
5.384972679840068999e+00,-6.648736086747115692e-01
5.420663869548794978e+00,-6.816896298748327254e-01
5.456952099977039339e+00,-6.995841719658231206e-01
5.492291295473470392e+00,-7.179160661644836683e-01
5.528049268089790580e+00,-7.372855562908076088e-01
5.563209499644959699e+00,-7.573175704563634980e-01
5.600203333475276324e+00,-7.794675877106755912e-01
5.633423793859901885e+00,-8.004070111790064779e-01
5.671047494347359219e+00,-8.254487695685118753e-01
5.703726997469386717e+00,-8.483799636778426301e-01
5.739719475005935045e+00,-8.749622981436879776e-01
5.774469588017409727e+00,-9.022884811595951460e-01
5.807377981520096988e+00,-9.296428712018485196e-01
5.842008175078721166e+00,-9.601919588849389120e-01
5.874412973548402306e+00,-9.907158001172247097e-01
5.907070247471492230e+00,-1.023404912415536439e+00
5.938983448125452647e+00,-1.057598052056851534e+00
5.967363646609642913e+00,-1.090192903414525016e+00
5.998633199514167735e+00,-1.128675724579511375e+00
6.026703937295640578e+00,-1.165880198699129622e+00
6.054596252932201494e+00,-1.206019798930667353e+00
6.078878049998736266e+00,-1.243589733305150880e+00
6.104518647421402378e+00,-1.286987028542618372e+00
6.126708370390866243e+00,-1.327928869364485287e+00
6.148005563812248830e+00,-1.370953183704029188e+00
6.167111227369463045e+00,-1.413442403729458841e+00
6.186070816440604858e+00,-1.460508546936204244e+00
6.201391974449233402e+00,-1.502744762443970705e+00
6.215703157776498955e+00,-1.547562884375093262e+00
6.228836173229137962e+00,-1.593932221118799397e+00
6.239637324343766167e+00,-1.637894423820803080e+00
6.248917783739346810e+00,-1.682050034474829925e+00
6.257231216351939906e+00,-1.729589157545207145e+00
6.263304513432668585e+00,-1.771505068682017514e+00
6.267541250692144850e+00,-1.816430052918722726e+00
6.270623327194917884e+00,-1.859868439942947704e+00
6.272613811911377901e+00,-1.904645888439075563e+00
6.273506983974788120e+00,-1.946996971235560592e+00
6.273341172964331136e+00,-1.990883765752104573e+00
6.272252805447008583e+00,-2.033408371699711115e+00
6.270298897346840761e+00,-2.074582184920284345e+00
6.267136850221002753e+00,-2.118994705258303135e+00
6.263257967002068050e+00,-2.160310804616169200e+00
6.258304277324603149e+00,-2.202502026844051386e+00
6.252061590634916399e+00,-2.246427691634603541e+00
6.244999308294639562e+00,-2.288856292262535064e+00
6.236937853466677950e+00,-2.330670862412145272e+00
6.226503877728937653e+00,-2.374698858914775279e+00
6.215653148804476835e+00,-2.415952022885698991e+00
6.203181747327938034e+00,-2.459281390552536362e+00
6.189166676694220826e+00,-2.501232708221321932e+00
6.173664146405895004e+00,-2.544280812884994525e+00
6.156610885906790287e+00,-2.587833937460521483e+00
6.138618667548649377e+00,-2.630311866087719608e+00
6.118550960783704085e+00,-2.674084537728435684e+00
6.097139170797200691e+00,-2.716945043970263374e+00
6.072954689639598946e+00,-2.761262230113379790e+00
6.046694295712080169e+00,-2.805346526498497362e+00
6.020572757131056107e+00,-2.845721536478485358e+00
5.989562935338982541e+00,-2.889031521185792872e+00
5.954821217610483330e+00,-2.932908020927543991e+00
5.918665645448711210e+00,-2.974311969523325772e+00
5.880630706232616411e+00,-3.013501834139659774e+00
5.837552086292701503e+00,-3.053030991161557850e+00
5.792420213581110922e+00,-3.089992955507577133e+00
5.741635975541160342e+00,-3.126330015531361362e+00
5.691618183211986093e+00,-3.157749071759514248e+00
5.641303894360776283e+00,-3.185721499342568208e+00
5.590919811753553681e+00,-3.210225789772823024e+00
5.541031024163806329e+00,-3.231434372206359651e+00
5.491046847549149845e+00,-3.250154621541421651e+00
5.442303290655942760e+00,-3.266044347028213224e+00
5.391711433822202970e+00,-3.280213439367075434e+00
5.345605374648171981e+00,-3.291518192209362592e+00
5.297765781610427993e+00,-3.301399546625061632e+00
5.255412508013238337e+00,-3.309101085839663448e+00
5.210377107808277231e+00,-3.315736722988519958e+00
5.165211828388114768e+00,-3.320995670501106556e+00
5.123684358343751022e+00,-3.325029887976343801e+00
5.082486124673319949e+00,-3.327943500254241460e+00
5.041250728565367822e+00,-3.329945795480310888e+00
5.000473203926275367e+00,-3.330923686294882557e+00
4.962034174767725681e+00,-3.331165171018840798e+00
4.921442383668453324e+00,-3.330439520313096313e+00
4.884583181263612239e+00,-3.329131750015870139e+00
4.846398097218061807e+00,-3.327970336121028438e+00
4.809413405259062912e+00,-3.326292035475351128e+00
4.771985833418012746e+00,-3.324076552829523301e+00
4.736677659386216099e+00,-3.321530250233188486e+00
4.700339770542367290e+00,-3.318454468212640673e+00
4.666357759731402766e+00,-3.315172636603317624e+00
4.630937216574785076e+00,-3.311362694685893171e+00
4.595836791256834530e+00,-3.307070236378211625e+00
4.562883025148557259e+00,-3.302694524169972112e+00
4.529246247475429143e+00,-3.297869021841107973e+00
4.495188845937460265e+00,-3.292561096818485300e+00
4.463124453164230232e+00,-3.287153391375054134e+00
4.431514203858713863e+00,-3.281518570601546614e+00
4.399069750435135262e+00,-3.277134488105499344e+00
4.366856745236357362e+00,-3.272436340306378089e+00
4.335197678657450204e+00,-3.267492821199188491e+00
4.304659073554474524e+00,-3.263379998151670236e+00
4.274165735501048502e+00,-3.259228940706464073e+00
4.243321120298536364e+00,-3.254964072336836711e+00
4.213052199720771718e+00,-3.250730621514483332e+00
4.183675232391639298e+00,-3.246621668775117708e+00
4.154172570724340652e+00,-3.242534263510950865e+00
4.124036623191457807e+00,-3.238386521430627329e+00
4.093167938370141812e+00,-3.234133926074874044e+00
4.062768649464078230e+00,-3.229901052158391295e+00
4.034605659888491402e+00,-3.226780002236516065e+00
4.003916217886017925e+00,-3.223303368618977593e+00
3.972817459727437495e+00,-3.219606567916367901e+00
3.942933527678808225e+00,-3.215904698827992458e+00
3.913140923004661875e+00,-3.212158659703723274e+00
3.882246420551361599e+00,-3.208197821216657086e+00
3.852997392427285561e+00,-3.204334309899063093e+00
3.821982123438482315e+00,-3.200274220237058653e+00
3.792059698872074502e+00,-3.196223594140222168e+00
3.761982407879332690e+00,-3.192177810148139727e+00
3.729937920098720383e+00,-3.187880576637456276e+00
3.700198983832753363e+00,-3.183716943702648905e+00
3.670935748744229343e+00,-3.179650832794470361e+00
3.639747540344690613e+00,-3.175491327916835971e+00
3.608027973076554318e+00,-3.171222038346485750e+00
3.578815223948437207e+00,-3.167176072082566574e+00
3.546650062135521697e+00,-3.162996327675585029e+00
3.515961324131503307e+00,-3.158871972532947492e+00
3.486187440684872740e+00,-3.154933982459682706e+00
3.453777825469433793e+00,-3.150885737065223680e+00
3.423674459175943596e+00,-3.147000145771816637e+00
3.393237292870520783e+00,-3.143261350944929422e+00
3.361084109348112747e+00,-3.139508358502467900e+00
3.329289582029427486e+00,-3.135817879000077468e+00
3.298120649563672568e+00,-3.132251762314512966e+00
3.267234488369473944e+00,-3.128845353878372038e+00
3.235752632787058047e+00,-3.125558205981429971e+00
3.203740141136283359e+00,-3.122367607195984718e+00
3.171541504722423355e+00,-3.119270675732731313e+00
3.140184433657768892e+00,-3.116349760739925312e+00
3.108856661502313656e+00,-3.113628806509056712e+00
3.076625738932928122e+00,-3.111043334032465246e+00
3.044332811923248006e+00,-3.108598597809400399e+00
3.012374588621138827e+00,-3.106340298897419139e+00
2.980407448946246429e+00,-3.104282985116425753e+00
2.948259097567430764e+00,-3.102423832655315739e+00
2.916009320838646612e+00,-3.100768481241119812e+00
2.883686539876532784e+00,-3.099326332813788998e+00
2.851107162770539549e+00,-3.098092178223323945e+00
2.818346465622402430e+00,-3.096135043250167307e+00
2.785624797095218597e+00,-3.094226664870093124e+00
2.753079336173924752e+00,-3.092386942385615622e+00
2.720597853282524348e+00,-3.090631995984036706e+00
2.687474084281663789e+00,-3.088912716728107188e+00
2.654038362353666969e+00,-3.087207749546455382e+00
2.620822105970967986e+00,-3.085543373647686938e+00
2.588456758927633050e+00,-3.084009325300476334e+00
2.555454143587284843e+00,-3.082548921928452756e+00
2.521992452478001745e+00,-3.081119707511481565e+00
2.488642511157587389e+00,-3.079753174906960655e+00
2.455390999817280928e+00,-3.078466469596595090e+00
2.421635998534559242e+00,-3.076283919459607219e+00
2.388028002864125643e+00,-3.073981991568192740e+00
2.354600581039268725e+00,-3.071591352516160445e+00
2.320913084923799552e+00,-3.069061507973560587e+00
2.288445086608176027e+00,-3.066547026592327363e+00
2.255443546208523387e+00,-3.063955373245210723e+00
2.221944561432528165e+00,-3.061224067763570478e+00
2.188743083725124272e+00,-3.058421336791468104e+00
2.155469065644212812e+00,-3.055523247366088935e+00
2.122155110813439549e+00,-3.052526097340255262e+00
2.089248693391980716e+00,-3.049478917898950758e+00
2.057029463333891250e+00,-3.046462257583751665e+00
2.024180272475703202e+00,-3.043352794979925502e+00
1.991055369741477454e+00,-3.040139335788994757e+00
1.958045197601261833e+00,-3.036855682218831731e+00
1.925347420489597727e+00,-3.033540496783952545e+00
1.892414502499305540e+00,-3.030143751542490715e+00
1.859665933088475498e+00,-3.026693107093342050e+00
1.827916619094156703e+00,-3.023333613171312440e+00
1.795182510011763766e+00,-3.019862386358238560e+00
1.761795077980209401e+00,-3.016226268642395070e+00
1.729105606097150583e+00,-3.012585414212088697e+00
1.697240278119180656e+00,-3.009013035896240140e+00
1.665614774269328136e+00,-3.005494788521265725e+00
1.632883359732059780e+00,-3.001838634266711381e+00
1.599907195524263193e+00,-2.998079853570240871e+00
1.567248894567484285e+00,-2.994290721886126327e+00
1.535353136944990649e+00,-2.990564566070859520e+00
1.503660829300717428e+00,-2.986883792380699454e+00
1.471077547768376625e+00,-2.983086091726217415e+00
1.438492603190609342e+00,-2.979231290039110025e+00
1.406523904679828796e+00,-2.975425381076108433e+00
1.374857945210997467e+00,-2.971667014871398393e+00
1.343329920130605482e+00,-2.967951738716012589e+00
1.311382634309683493e+00,-2.964206105402834801e+00
1.278878323698594555e+00,-2.960373649959243458e+00
1.246528669267851441e+00,-2.956517777651861856e+00
1.214660205158448747e+00,-2.952707024868662877e+00
1.183129722498345915e+00,-2.948955830878409401e+00
1.151819849438762811e+00,-2.945269348063417780e+00
1.119999822411449797e+00,-2.941557745289835601e+00
1.087397007967088713e+00,-2.937731431827584228e+00
1.055691624635575199e+00,-2.933984981503522604e+00
1.024966520185138563e+00,-2.930415634417182780e+00
9.933880355489428382e-01,-2.926811494457246088e+00
9.613135417278396710e-01,-2.923152217505139649e+00
9.295872349329050710e-01,-2.919537105236791774e+00
8.980542237570984243e-01,-2.915969515253827193e+00
8.665914801146360480e-01,-2.912445043589668270e+00
8.350043176673460632e-01,-2.908939529165659899e+00
8.035284640013351520e-01,-2.905475746912483892e+00
7.722806398273771578e-01,-2.902083224982142440e+00
7.408448264616309675e-01,-2.898718249947995318e+00
7.095740944813108131e-01,-2.895411689107094677e+00
6.786256874205668366e-01,-2.892207539033105235e+00
6.467765161926372075e-01,-2.888958489781185079e+00
6.150164110779805515e-01,-2.885720460712111191e+00
5.840434983819920989e-01,-2.882612430313679308e+00
5.530654831246796244e-01,-2.879579580962904561e+00
5.220603187828520841e-01,-2.876616642105799038e+00
4.911189436958818821e-01,-2.873733317771886675e+00
4.602784750128839919e-01,-2.870942527463125060e+00
4.286678897979802061e-01,-2.868145549250511461e+00
3.972488763060061379e-01,-2.865390359752627347e+00
3.666462250435941206e-01,-2.862786969909793200e+00
3.357059757426854585e-01,-2.860246510312697055e+00
3.050461222739596634e-01,-2.858578267179558097e+00
2.739774136053107489e-01,-2.856819665749183557e+00
2.422174557016832097e-01,-2.854892786391618920e+00
2.116434454384134578e-01,-2.853738980598042208e+00
1.808929958902413537e-01,-2.852385875140439175e+00
1.503728608322593141e-01,-2.850858470864566119e+00
1.196938271118375280e-01,-2.849169464090496540e+00
8.779832878830634568e-02,-2.847187116778169269e+00
5.858118117109004791e-02,-2.845215004242484191e+00
2.799613951001894349e-02,-2.843877775269759933e+00
-4.038919264542455839e-03,-2.842127840587890475e+00
-3.506187433220750438e-02,-2.840090803869752101e+00
-6.394815083765000019e-02,-2.838745253660749146e+00
-9.577271454174510201e-02,-2.836923074895461028e+00
-1.252199584396801180e-01,-2.834805623269350150e+00
-1.553772739701808070e-01,-2.832438355812511688e+00
-1.868418430191607638e-01,-2.829685697712935433e+00
-2.167650131845977046e-01,-2.826706633293762927e+00
-2.468807904044323376e-01,-2.824288347518764564e+00
-2.785880703622893861e-01,-2.821438573542631278e+00
-3.075856997076992227e-01,-2.818281342652353416e+00
-3.382612001322320427e-01,-2.814898037732233682e+00
-3.688736024050381923e-01,-2.811177580683433597e+00
-3.979257027883390530e-01,-2.807325539696854388e+00
-4.296391318257237746e-01,-2.803259670884032051e+00
-4.596201436601928814e-01,-2.798995592914401254e+00
-4.898958523894711425e-01,-2.794638354032085381e+00
-5.201357584570299730e-01,-2.790200459134111632e+00
-5.505346534026865912e-01,-2.785723522494425453e+00
-5.805981907876653914e-01,-2.781228615990489761e+00
-6.115283679276558582e-01,-2.776796708748065168e+00
-6.426112083602559810e-01,-2.772341620720082389e+00
-6.716627725072297217e-01,-2.767955843340176969e+00
-7.023361489068209451e-01,-2.763821435315224839e+00
-7.340906779811194882e-01,-2.759820036188503689e+00
-7.631253710012215752e-01,-2.755880745326598102e+00
-7.948874750985842619e-01,-2.752367661535319865e+00
-8.246697493119909961e-01,-2.748930815833676711e+00
-8.546737583501065050e-01,-2.745900750376924382e+00
-8.864208786080913782e-01,-2.743313866816215363e+00
-9.165452278085267634e-01,-2.740886317611602507e+00
-9.469455940961726270e-01,-2.738983860224476263e+00
-9.782413103143463573e-01,-2.737510205319052758e+00
-1.007617940716310168e+00,-2.736380966842946627e+00
-1.038584837857256638e+00,-2.735965757882991234e+00
-1.069952650796427651e+00,-2.736040655972023838e+00
-1.099296277441792036e+00,-2.736492487478465740e+00
-1.129834657388428809e+00,-2.737743567475071416e+00
-1.160077996540474610e+00,-2.739606353093176239e+00
-1.191521213179102645e+00,-2.742245676584977865e+00
-1.220621060889639953e+00,-2.745257543791052690e+00
-1.250952691355161184e+00,-2.748324745534214575e+00
-1.279929192459770881e+00,-2.751822886156202408e+00
-1.310881287870770295e+00,-2.756318245781645970e+00
-1.340994472969835094e+00,-2.760310533062567906e+00
-1.371269341723788671e+00,-2.764854938444076371e+00
-1.399713124674826892e+00,-2.770401416913884862e+00
-1.430331796820569101e+00,-2.776833391313110688e+00
-1.459340356796899663e+00,-2.783276201088822788e+00
-1.488291901727303301e+00,-2.790279203345454651e+00
-1.517805177096887004e+00,-2.797698673203430353e+00
-1.546986707938311500e+00,-2.805222950709677310e+00
-1.576467257708923153e+00,-2.813013034790766476e+00
-1.604785802756217405e+00,-2.820593640005064184e+00
-1.634302675066432897e+00,-2.828468347889726786e+00
-1.663189790528914580e+00,-2.836818172584834929e+00
-1.692126830213828592e+00,-2.845086901539574331e+00
-1.721598052695468617e+00,-2.853239957894445844e+00
-1.749217422788496012e+00,-2.860857463945488899e+00
-1.778372022232242999e+00,-2.868732253574063140e+00
-1.808228022052118078e+00,-2.877109838485808702e+00
-1.836751266285645778e+00,-2.884560590790128387e+00
-1.865380168691886498e+00,-2.891640588707510062e+00
-1.895150117829720315e+00,-2.898627774627632991e+00
-1.924682697365646789e+00,-2.905095666416525724e+00
-1.954204188140618248e+00,-2.912024559944203617e+00
-1.983509708562348983e+00,-2.918342642012041743e+00
-2.012944258888455629e+00,-2.924387085408656883e+00
-2.043718469050921804e+00,-2.930373249733005725e+00
-2.073073914443525734e+00,-2.935583814962483995e+00
-2.103252376262528589e+00,-2.940784066924291729e+00
-2.133386442841247455e+00,-2.945806527758731530e+00
-2.164638270338673287e+00,-2.950958332514539428e+00
-2.194862298513079235e+00,-2.955593425357351478e+00
-2.225877009854057231e+00,-2.960435825439028612e+00
-2.256362318125136213e+00,-2.965022899441670745e+00
-2.287609399821821210e+00,-2.969986777413433643e+00
-2.319324939156675036e+00,-2.975044923351664039e+00
-2.349707299418681394e+00,-2.979727529649713880e+00
-2.381516101299964827e+00,-2.985157038844352240e+00
-2.412585540958863906e+00,-2.990417414828947962e+00
-2.443495187729347151e+00,-2.995931304946663154e+00
-2.474903191529913560e+00,-3.001975890919931445e+00
-2.506246309054374510e+00,-3.008331076053404107e+00
-2.537647117775261751e+00,-3.015056258158014924e+00
-2.568571922614711678e+00,-3.022024311686842157e+00
-2.599634074036116349e+00,-3.029561902432263754e+00
-2.630318618989058610e+00,-3.037494189528376243e+00
-2.661136757832506028e+00,-3.046117270619695283e+00
-2.691797385156734279e+00,-3.055264881329246673e+00
-2.721887756944793679e+00,-3.064852988825621072e+00
-2.751733982669996248e+00,-3.075124364096736507e+00
-2.781447546064056642e+00,-3.086230646471399552e+00
-2.811143208375309843e+00,-3.098062020944157169e+00
-2.839616936130892721e+00,-3.110310766428024731e+00
-2.868686082312883912e+00,-3.123820214243455684e+00
-2.896406881927771071e+00,-3.137651047151275741e+00
-2.924442121067330813e+00,-3.152194273534292712e+00
-2.951126853103571701e+00,-3.168909153301619597e+00
-2.977201826947581065e+00,-3.185630227466635045e+00
-3.003826172335699596e+00,-3.203030423737296850e+00
-3.029686843546997022e+00,-3.220081397625519148e+00
-3.055671887351210980e+00,-3.237774559641722227e+00
-3.081195565662066205e+00,-3.255329770557996216e+00
-3.106857081025829803e+00,-3.273490882336497432e+00
-3.132071832567109748e+00,-3.291596738178328430e+00
-3.157198877587697350e+00,-3.310090926880167483e+00
-3.182182262028028230e+00,-3.328839255343396530e+00
-3.206956754740998949e+00,-3.347764989523395851e+00
-3.231041366600315268e+00,-3.366743121587522314e+00
-3.255481191219405712e+00,-3.386338288674163088e+00
-3.279359409679693194e+00,-3.406015169372213158e+00
-3.302898766415923504e+00,-3.425847034902403720e+00
-3.326372565824911920e+00,-3.446176244617169981e+00
-3.349275958408252762e+00,-3.466562847564157224e+00
-3.372233126012122106e+00,-3.487442400965298006e+00
-3.394370583805738306e+00,-3.508308224833196487e+00
-3.416547608655813750e+00,-3.529777615749952524e+00
-3.438004249397708101e+00,-3.551207237672395323e+00
-3.459284851263721983e+00,-3.573288798046446946e+00
-3.479841019812321523e+00,-3.595219169276201665e+00
-3.500159778386062293e+00,-3.617894434644717716e+00
-3.519816435801261800e+00,-3.640594989965683759e+00
-3.539384742705310671e+00,-3.664159548064657379e+00
-3.557620058271437902e+00,-3.687172274842271058e+00
-3.575750334158896315e+00,-3.711040999348609759e+00
-3.592812181470733446e+00,-3.734915546900123395e+00
-3.609748612847869520e+00,-3.759744163620345692e+00
-3.625153205137853885e+00,-3.783952202123112230e+00
-3.639927717801225260e+00,-3.808774136699820900e+00
-3.654212068446606398e+00,-3.834485410756390600e+00
-3.666927357722253866e+00,-3.859570397777705608e+00
-3.679077650632805341e+00,-3.885639700081561454e+00
-3.689539210344212172e+00,-3.910920658337886824e+00
-3.699143390023571509e+00,-3.937172604895133876e+00
-3.707380749926405539e+00,-3.963014525421640233e+00
-3.714252079173431031e+00,-3.989431231058408578e+00
-3.719712945358589096e+00,-4.015804677685061996e+00
-3.723678267076365955e+00,-4.042152455622703755e+00
-3.725957612428169252e+00,-4.068178200119246135e+00
-3.726767485583406980e+00,-4.094026878031042038e+00
-3.725828267587578679e+00,-4.120451427148135615e+00
-3.723240355489914943e+00,-4.145728949423078014e+00
-3.719202442466244651e+00,-4.170986563069259745e+00
-3.713352452364900191e+00,-4.197073276413630261e+00
-3.706168260442133100e+00,-4.222475337792261030e+00
-3.697150956909451391e+00,-4.248588339119930168e+00
-3.687243596000467249e+00,-4.273407878577073937e+00
-3.675703621023845624e+00,-4.298828031578237230e+00
-3.663125580925080449e+00,-4.323583733975281618e+00
-3.649327484606040173e+00,-4.348161042178071867e+00
-3.634198377402610536e+00,-4.372842189535991686e+00
-3.618491740293868553e+00,-4.396643400816144798e+00
-3.601962759858816643e+00,-4.420004296777914732e+00
-3.583953617160096083e+00,-4.443865695161729690e+00
-3.565676506629587017e+00,-4.466698847141040041e+00
-3.546490095334396297e+00,-4.489341888528547209e+00
-3.527040756890550188e+00,-4.511204221053236374e+00
-3.506323300996823988e+00,-4.533500589881039211e+00
-3.485294209761547801e+00,-4.555086280313044078e+00
-3.464088367259267276e+00,-4.575950948824394793e+00
-3.441933175725010230e+00,-4.597067284328951509e+00
-3.419633321959469896e+00,-4.617423505713937892e+00
-3.396741833692491941e+00,-4.637563537545199566e+00
-3.373276620678777871e+00,-4.657732583764950363e+00
-3.350192327347637722e+00,-4.676799771109561910e+00
-3.325682985515432843e+00,-4.696441060712589710e+00
-3.301776136108154791e+00,-4.715079002721015655e+00
-3.277146458197687906e+00,-4.733742997295141919e+00
-3.252112100595363930e+00,-4.752129778754012435e+00
-3.226928937128408670e+00,-4.770310123829143656e+00
-3.201902265605212516e+00,-4.787803758268475818e+00
-3.175841725000908777e+00,-4.805617351375061297e+00
-3.150340050891901722e+00,-4.822624227963477672e+00
-3.124151506664272659e+00,-4.839672889391491317e+00
-3.097861135455115544e+00,-4.856372473609499529e+00
-3.071409647882995309e+00,-4.872869562558352463e+00
-3.044835109831355080e+00,-4.889005410245388816e+00
-3.017760512421687746e+00,-4.905144442642025204e+00
-2.990972333730702815e+00,-4.920813666298452738e+00
-2.963763455787213896e+00,-4.936334113745357577e+00
-2.936408424016541119e+00,-4.951656876162618737e+00
-2.908866608879725035e+00,-4.966806017458686107e+00
-2.881519561052072742e+00,-4.981516961251666764e+00
-2.853669943196643022e+00,-4.996169386017768055e+00
-2.825904802563256268e+00,-5.010488338679043530e+00
-2.797676237369978391e+00,-5.024795459701848266e+00
-2.769699720514605445e+00,-5.038717097847299264e+00
-2.741382843716208662e+00,-5.052540099520081540e+00
-2.713298214894863669e+00,-5.065936750608206474e+00
-2.684592346990236855e+00,-5.079365022222223303e+00
-2.656049965342673236e+00,-5.092526959069903825e+00
-2.627640270364378861e+00,-5.105288068898905962e+00
-2.598512959717442783e+00,-5.118173412283119283e+00
-2.570003336501422986e+00,-5.130521197219051643e+00
-2.540962652524483723e+00,-5.142822619519979988e+00
-2.512188051304180547e+00,-5.154688184974588694e+00
-2.482559975317803147e+00,-5.166745590220187978e+00
-2.453839750768952666e+00,-5.178160359286799519e+00
-2.424386526075520187e+00,-5.189557644108431234e+00
-2.394986057988817585e+00,-5.200713543814441842e+00
-2.365487963936824478e+00,-5.211679776792026431e+00
-2.336079670210525983e+00,-5.222319343730701391e+00
-2.306197991726996133e+00,-5.232936153730154416e+00
-2.276806861975839702e+00,-5.243100818904605553e+00
-2.246904189607536573e+00,-5.253170694188906253e+00
-2.217006805921578838e+00,-5.263010720199768677e+00
-2.186968761360780000e+00,-5.272713650803026120e+00
-2.157329632900700567e+00,-5.281956696111534733e+00
-2.126827957186202323e+00,-5.291280828144119930e+00
-2.097051395169644561e+00,-5.300139411382695620e+00
-2.066790802221716739e+00,-5.308843240526980978e+00
-2.036383639882406449e+00,-5.317392908687287090e+00
-2.006018488191484650e+00,-5.325715487268368520e+00
-1.975589214126577398e+00,-5.333855724266079790e+00
-1.945489611704269040e+00,-5.341586556796282359e+00
-1.914521628202994652e+00,-5.349350809877421398e+00
-1.884229393655405538e+00,-5.356741326324365282e+00
-1.853573179211667199e+00,-5.363942355558553921e+00
-1.822845905626931051e+00,-5.370949712920754848e+00
-1.792066458493253300e+00,-5.377758841015851665e+00
-1.761244721090301724e+00,-5.384367784838126170e+00
-1.730404202595506646e+00,-5.390776054295899122e+00
-1.699789614166019813e+00,-5.396864793125662807e+00
-1.668469689865275551e+00,-5.402898648385049185e+00
-1.637877559357994173e+00,-5.408592613967415197e+00
-1.606418128068106244e+00,-5.414219054240253293e+00
-1.575720656328755576e+00,-5.419552728563473920e+00
-1.544532434244965113e+00,-5.424677061565557068e+00
-1.513465048684302872e+00,-5.429606769462417049e+00
-1.481970303421370261e+00,-5.434413409428583641e+00
-1.450923330309423109e+00,-5.439019143398416745e+00
-1.419712024517468585e+00,-5.443375985160362696e+00
-1.388679045428970582e+00,-5.447507980213837975e+00
-1.357296908756719711e+00,-5.451408626144389480e+00
-1.325703283157138257e+00,-5.455243692319383442e+00
-1.294417326825803238e+00,-5.458858028524245398e+00
-1.262994604542710508e+00,-5.462290952298607394e+00
-1.231663816640228504e+00,-5.465536065941057231e+00
-1.200423513296812184e+00,-5.468508019199878056e+00
-1.168607376646443097e+00,-5.471397179805497224e+00
-1.137187761983682099e+00,-5.474121997156873753e+00
-1.105969066015251023e+00,-5.476576841216040492e+00
-1.074153099679694856e+00,-5.478897479475034693e+00
-1.042508438127462744e+00,-5.481111619379080757e+00
-1.011193094847745222e+00,-5.481143554894371661e+00
-9.793513372779880655e-01,-5.481168479760410328e+00
-9.474421071802850980e-01,-5.480512722831176298e+00
-9.160535297942952182e-01,-5.479847557335858710e+00
-8.844481403546049503e-01,-5.478244486845206929e+00
-8.524251888802489852e-01,-5.476688227001897502e+00
-8.208610414957342449e-01,-5.474980484902031819e+00
-7.891953986169801816e-01,-5.472239441586643771e+00
-7.575427467816948646e-01,-5.468536236987798560e+00
-7.259248425589347464e-01,-5.464690002184074302e+00
-6.943426163745926027e-01,-5.460602225757383188e+00
-6.627995632046275176e-01,-5.455418528990389149e+00
-6.312665182681329590e-01,-5.449213401757379671e+00
-5.998630475351309776e-01,-5.442062779517483406e+00
-5.683940936941025424e-01,-5.434020619890070236e+00
-5.365833251834993822e-01,-5.425256042415887769e+00
-5.060035596708487571e-01,-5.414987147273471635e+00
-4.742152062560565096e-01,-5.404181494202512148e+00
-4.436219782605913542e-01,-5.392268949814723378e+00
-4.126775370413333643e-01,-5.380054657622228120e+00
-3.812288203315165047e-01,-5.367762142003123849e+00
-3.506319875357098437e-01,-5.355429433350027857e+00
-3.199723819506466449e-01,-5.343044585541358416e+00
-2.885540435284385530e-01,-5.330716171393511615e+00
-2.584549845752713293e-01,-5.318577854719976017e+00
-2.284366494457197305e-01,-5.306520856462794811e+00
-1.975861126213217800e-01,-5.294631842921200260e+00
-1.664979665726493141e-01,-5.283080075504139828e+00
-1.363615327491271845e-01,-5.271177118888138224e+00
-1.059571293873718678e-01,-5.259803238899757538e+00
-7.579788736141260252e-02,-5.249058828248315933e+00
-4.500587214312178064e-02,-5.238933369165248877e+00
-1.415667554709414480e-02,-5.229595283254752758e+00
1.517082970848377538e-02,-5.221097924289613168e+00
4.636417585868431168e-02,-5.211571319638808930e+00
7.701846982965918076e-02,-5.203033147578019602e+00
1.070497852176582471e-01,-5.195442585610384967e+00
1.376437673072650747e-01,-5.188729162870580502e+00
1.692827663327178822e-01,-5.182046732968372815e+00
1.989541315199696569e-01,-5.176430017744941381e+00
2.293821400667798438e-01,-5.171556243780064399e+00
2.611821424426739591e-01,-5.166590279691289922e+00
2.928268301262993978e-01,-5.162524369284187564e+00
3.226221770555770529e-01,-5.159459663661606577e+00
3.539490486537769653e-01,-5.156252587176712865e+00
3.854635792007101158e-01,-5.153208688107588920e+00
4.152735375091681225e-01,-5.151179547652663615e+00
4.483243104348486052e-01,-5.149685573199935362e+00
4.798647131205174277e-01,-5.149413171542833290e+00
5.102628604966269465e-01,-5.149192542826149577e+00
5.428711052151258265e-01,-5.149489308145457578e+00
5.745813487702237099e-01,-5.150738110360377320e+00
6.061534257342932053e-01,-5.151837857577979740e+00
6.381833280532064334e-01,-5.153512246218941328e+00
6.698098774237869479e-01,-5.154928074785242842e+00
7.023115643876072234e-01,-5.156687262157872098e+00
7.346841404089546890e-01,-5.158051348443943418e+00
7.655253168068978376e-01,-5.158917203239746563e+00
7.983695023857778628e-01,-5.159564941448147479e+00
8.314033627318394570e-01,-5.160398639521819319e+00
8.624995822969008241e-01,-5.160617183824868448e+00
8.940254076410595330e-01,-5.159634786914509164e+00
9.261206182979258017e-01,-5.158242791052890297e+00
9.584164734459567070e-01,-5.156505036874730052e+00
9.902881321552317040e-01,-5.153709212728831979e+00
1.021721665337326224e+00,-5.150716554015068560e+00
1.052804989402051250e+00,-5.147430076215548489e+00
1.084787048330831505e+00,-5.144583777461035012e+00
1.117130649569454182e+00,-5.141543938974428407e+00
1.149061759153596984e+00,-5.139310218586627954e+00
1.180628601076317397e+00,-5.137028506238427106e+00
1.212175554715802406e+00,-5.134592523488445082e+00
1.244545622203737434e+00,-5.131897822821824384e+00
1.276892521651426415e+00,-5.129117573034336353e+00
1.308542545675571933e+00,-5.126272248984307112e+00
1.340098974206231253e+00,-5.123195746367263936e+00
1.371813529091865824e+00,-5.119831808701495568e+00
1.403996494110052007e+00,-5.116148079889458522e+00
1.436172167040184133e+00,-5.112239842161709014e+00
1.467821283839651381e+00,-5.109053044461721704e+00
1.499509792959025978e+00,-5.105662274831363590e+00
1.531638739560023943e+00,-5.102028152500842850e+00
1.563623692186075109e+00,-5.098252412772218634e+00
1.595156299224701257e+00,-5.093559586968162911e+00
1.626850122766934303e+00,-5.088751575134010885e+00
1.658967796928258798e+00,-5.084732781514348154e+00
1.690998291634083550e+00,-5.080810568134133121e+00
1.722810728924616175e+00,-5.076961480498705548e+00
1.754703957106124479e+00,-5.073102783873766342e+00
1.786900262100546533e+00,-5.069208517731150110e+00
1.819081248464965883e+00,-5.065336449206260028e+00
1.850884841769002698e+00,-5.061492876276648900e+00
1.882668120486469032e+00,-5.057568056104756238e+00
1.914791645872994330e+00,-5.053514299342999117e+00
1.946957281278462348e+00,-5.049391990223100812e+00
1.979124218946193503e+00,-5.046115257546863297e+00
2.011330765684533617e+00,-5.042886159917042477e+00
2.043594735856883560e+00,-5.039698110543397114e+00
2.075711586773986372e+00,-5.036563674802970070e+00
2.107816995055081133e+00,-5.033430514711574766e+00
2.140254980021153663e+00,-5.030258318106011650e+00
2.172671385503251340e+00,-5.027118926618491024e+00
2.204857914499264826e+00,-5.024005791272378119e+00
2.237073768712929400e+00,-5.020851712280146373e+00
2.269372953669356541e+00,-5.017646653497067177e+00
2.301746507680625609e+00,-5.014392594358822564e+00
2.333820829844968081e+00,-5.011123418640388572e+00
2.365698813281588819e+00,-5.007759978551825419e+00
2.398303715354847654e+00,-5.004197574454644304e+00
2.430974479104367258e+00,-5.000603217881134377e+00
2.463210436688311411e+00,-4.996996032097435148e+00
2.495082295197904365e+00,-4.993295402698213259e+00
2.527323504507704932e+00,-4.989369919576453150e+00
2.560203971124811684e+00,-4.985279141746229215e+00
2.592143284459123453e+00,-4.981208895007912751e+00
2.624240178878830765e+00,-4.977825623222315699e+00
2.656915417571437121e+00,-4.974385371931639099e+00
2.688833478399168087e+00,-4.971041940097548739e+00
2.721273259261075772e+00,-4.967566324387761689e+00
2.754295903381739130e+00,-4.964083186319345309e+00
2.786269180392227263e+00,-4.960736506618306230e+00
2.818712055153842932e+00,-4.957258149721321061e+00
2.851271956476728153e+00,-4.953780754254523799e+00
2.883125152485573661e+00,-4.950314289523761957e+00
2.916116464493930138e+00,-4.946661084198699321e+00
2.948770602364894078e+00,-4.943107764023222828e+00
2.980713572034071834e+00,-4.939550221325006873e+00
3.013321013020535677e+00,-4.935842740694035058e+00
3.046027757853992046e+00,-4.932112523305868912e+00
3.078359825772965408e+00,-4.928385382816355076e+00
3.110438139414799075e+00,-4.924570781497601857e+00
3.143116742460046353e+00,-4.920614437180430123e+00
3.175732087547799232e+00,-4.916630085540693251e+00
3.208275828463056811e+00,-4.912590701493776635e+00
3.240981768595553536e+00,-4.909399256250772225e+00
3.273758218453623137e+00,-4.906317107350923301e+00
3.306053624351960263e+00,-4.903360037158982720e+00
3.338621351623824118e+00,-4.900424532608732342e+00
3.371461758990930146e+00,-4.897577906142405624e+00
3.404211137595447578e+00,-4.894848137173988256e+00
3.437188582280448657e+00,-4.892228015178000433e+00
3.469447385621312829e+00,-4.889756688624628644e+00
3.502418794775950417e+00,-4.887282804469189834e+00
3.535715893836997470e+00,-4.884988685786337825e+00
3.567994826362956395e+00,-4.882847854741293681e+00
3.600928738967334120e+00,-4.880739251685423774e+00
3.633880800868297456e+00,-4.878765825802238609e+00
